text,label
çok pahalı,negative
ses kalitesi berbat,negative
çok ağır,negative
oyunlarda gecikme yüksek,negative
ilk izlenimim olumsuz. malzeme kalitesi dandik,negative
tasarımı çok kötü,negative
telefonla eşleştirme işlemi düzgün çalışmıyor,negative
bass kalitesi kötü,negative
telefon konuşmalarında mikrofon performansı kötü,negative
fiyati çok yüksek,negative
bass kalitesi kötü,negative
mikrofon performansı zayıf,negative
fiyatı çok yüksek,negative
ürün rahat değil ve görüntüsü şık değil,negative
Tasarımı sade ve şık duruyor. İlk izlenimim olumlu oldu.,positive
Uzun kullanımda kulağı çok fazla rahatsız etmiyor. Beklentimi büyük ölçüde karşıladı.,positive
Telefonla eşleştirme işlemi kolay oldu. Günlük kullanım için rahatlıkla tercih edilebilir.,positive
Mikrofonu dış ortamda biraz zayıf kalabiliyor. Fiyatı biraz daha uygun olsa daha iyi olurdu.,positive
Fiyatına göre alınabilecek mantıklı bir ürün. Tekrar almayı düşünebilirim.,positive
Tasarımı sade ve şık duruyor. İlk izlenimim olumlu oldu.,positive
Genel olarak beklentimi karşıladı. Fiyatı biraz daha uygun olsa daha iyi olurdu.,positive
Ses kalitesi günlük kullanım için gayet yeterli. Benzer ürünlere göre başarılı buldum.,positive
Tasarımı sade ve şık duruyor. Genel olarak memnun kaldım.,positive
Dış ses yalıtımı kalabalık ortamlarda işe yarıyor. Uzun vadede performansını görmek lazım.,positive
Telefonla eşleştirme işlemi kolay oldu. Benzer ürünlere göre başarılı buldum.,positive
Telefonla eşleştirme işlemi kolay oldu. Günlük kullanım için rahatlıkla tercih edilebilir.,positive
Oyunlarda gecikme çok fark edilmiyor. Beklentimi büyük ölçüde karşıladı.,negative
Malzeme kalitesi iyi fakat daha sağlam hissedebilirdi. Genel olarak memnun kaldım.,negative
Ses seviyesi yüksek ama son seviyede biraz bozulma var. İlk izlenimim olumlu oldu.,positive
Ses kalitesi günlük kullanım için gayet yeterli. Benzer ürünlere göre başarılı buldum.,positive
Şarj kutusu küçük olduğu için taşımak kolay. Benzer ürünlere göre başarılı buldum.,positive
Bluetooth bağlantısı genel olarak stabil ama bazen geç bağlanıyor. Günlük kullanım için rahatlıkla tercih edilebilir.,positive
"Kulak pedleri yumuşak, uzun kullanımda avantaj sağlıyor. Günlük kullanım için rahatlıkla tercih edilebilir.",positive
Genel olarak beklentimi karşıladı. Uzun vadede performansını görmek lazım.,positive
Kutu içeriği yeterli ve ürün düzgün paketlenmişti. Genel olarak memnun kaldım.,positive
Mikrofonu dış ortamda biraz zayıf kalabiliyor. Uzun vadede performansını görmek lazım.,positive
Şarj kutusu küçük olduğu için taşımak kolay. İlk izlenimim olumlu oldu.,negative
Uzun kullanımda kulağı çok fazla rahatsız etmiyor. Fiyatı biraz daha uygun olsa daha iyi olurdu.,positive
"Kulak pedleri yumuşak, uzun kullanımda avantaj sağlıyor. Fiyatı biraz daha uygun olsa daha iyi olurdu.",positive
Dış ses yalıtımı kalabalık ortamlarda işe yarıyor. Küçük eksikleri var ama genel deneyim iyi.,negative
Uzun kullanımda kulağı çok fazla rahatsız etmiyor. İlk izlenimim olumlu oldu.,positive
Bass performansı özellikle müzik dinlerken tatmin edici. Uzun vadede performansını görmek lazım.,positive
Kutu içeriği yeterli ve ürün düzgün paketlenmişti. Günlük kullanım için rahatlıkla tercih edilebilir.,positive
Film izlerken ses gecikmesi yaşamadım. Uzun vadede performansını görmek lazım.,positive
Tasarımı sade ve şık duruyor. Çok üst seviye beklemeyenler için yeterli.,positive
Fiyatına göre alınabilecek mantıklı bir ürün. Küçük eksikleri var ama genel deneyim iyi.,positive
Bluetooth bağlantısı genel olarak stabil ama bazen geç bağlanıyor. Uzun vadede performansını görmek lazım.,positive
Oyunlarda gecikme çok fark edilmiyor. Günlük kullanım için rahatlıkla tercih edilebilir.,negative
Mikrofonu dış ortamda biraz zayıf kalabiliyor. Küçük eksikleri var ama genel deneyim iyi.,positive
Ses seviyesi yüksek ama son seviyede biraz bozulma var. Fiyatı biraz daha uygun olsa daha iyi olurdu.,positive
Fiyatına göre alınabilecek mantıklı bir ürün. Günlük kullanım için rahatlıkla tercih edilebilir.,positive
Mikrofonu dış ortamda biraz zayıf kalabiliyor. Küçük eksikleri var ama genel deneyim iyi.,positive
Malzeme kalitesi iyi fakat daha sağlam hissedebilirdi. Genel olarak memnun kaldım.,positive
Genel olarak beklentimi karşıladı. Çok üst seviye beklemeyenler için yeterli.,positive
Şarj süresi beklentimi karşıladı. Tekrar almayı düşünebilirim.,positive
Şarj kutusu küçük olduğu için taşımak kolay. Uzun vadede performansını görmek lazım.,positive
Tasarımı sade ve şık duruyor. Uzun vadede performansını görmek lazım.,positive
Oyunlarda gecikme çok fark edilmiyor. Tekrar almayı düşünebilirim.,positive
Şarj kutusu küçük olduğu için taşımak kolay. Benzer ürünlere göre başarılı buldum.,positive
Mikrofonu dış ortamda biraz zayıf kalabiliyor. Fiyatı biraz daha uygun olsa daha iyi olurdu.,negative
Genel olarak beklentimi karşıladı. İlk izlenimim olumlu oldu.,positive
Ses seviyesi yüksek ama son seviyede biraz bozulma var. Uzun vadede performansını görmek lazım.,negative
Telefonla eşleştirme işlemi kolay oldu. Küçük eksikleri var ama genel deneyim iyi.,positive
Ses kalitesi günlük kullanım için gayet yeterli. Günlük kullanım için rahatlıkla tercih edilebilir.,positive
Film izlerken ses gecikmesi yaşamadım. İlk izlenimim olumlu oldu.,positive
Mikrofon kalitesi konuşmalarda iş görüyor ama çok üst seviye değil. Fiyatı biraz daha uygun olsa daha iyi olurdu.,positive
Mikrofon kalitesi konuşmalarda iş görüyor ama çok üst seviye değil. Küçük eksikleri var ama genel deneyim iyi.,positive
Mikrofonu dış ortamda biraz zayıf kalabiliyor. Küçük eksikleri var ama genel deneyim iyi.,positive
Şarj süresi beklentimi karşıladı. Uzun vadede performansını görmek lazım.,positive
Mikrofonu dış ortamda biraz zayıf kalabiliyor. Beklentimi büyük ölçüde karşıladı.,positive
Bass performansı özellikle müzik dinlerken tatmin edici. Genel olarak memnun kaldım.,positive
Uzun kullanımda kulağı çok fazla rahatsız etmiyor. Beklentimi büyük ölçüde karşıladı.,positive
Ses kalitesi günlük kullanım için gayet yeterli. Günlük kullanım için rahatlıkla tercih edilebilir.,positive
Ses kalitesi günlük kullanım için gayet yeterli. Fiyatı biraz daha uygun olsa daha iyi olurdu.,negative
Bass performansı özellikle müzik dinlerken tatmin edici. Benzer ürünlere göre başarılı buldum.,positive
Uzun kullanımda kulağı çok fazla rahatsız etmiyor. Küçük eksikleri var ama genel deneyim iyi.,positive
"Kulak pedleri yumuşak, uzun kullanımda avantaj sağlıyor. Tekrar almayı düşünebilirim.",negative
"Kulak pedleri yumuşak, uzun kullanımda avantaj sağlıyor. Küçük eksikleri var ama genel deneyim iyi.",positive
Ses seviyesi yüksek ama son seviyede biraz bozulma var. Uzun vadede performansını görmek lazım.,negative
Oyunlarda gecikme çok fark edilmiyor. Genel olarak memnun kaldım.,negative
Telefonla eşleştirme işlemi kolay oldu. Genel olarak memnun kaldım.,positive
Fiyatı biraz daha düşük olsa çok daha iyi olurdu. İlk izlenimim olumlu oldu.,positive
Fiyatına göre alınabilecek mantıklı bir ürün. Beklentimi büyük ölçüde karşıladı.,positive
Bass performansı özellikle müzik dinlerken tatmin edici. Genel olarak memnun kaldım.,positive
Mikrofon kalitesi konuşmalarda iş görüyor ama çok üst seviye değil. İlk izlenimim olumlu oldu.,negative
Tasarımı sade ve şık duruyor. Genel olarak memnun kaldım.,positive
Fiyatına göre alınabilecek mantıklı bir ürün. Günlük kullanım için rahatlıkla tercih edilebilir.,negative
Fiyatına göre alınabilecek mantıklı bir ürün. Günlük kullanım için rahatlıkla tercih edilebilir.,positive
Şarj kutusu küçük olduğu için taşımak kolay. Küçük eksikleri var ama genel deneyim iyi.,positive
Film izlerken ses gecikmesi yaşamadım. Beklentimi büyük ölçüde karşıladı.,negative
Bluetooth bağlantısı genel olarak stabil ama bazen geç bağlanıyor. Beklentimi büyük ölçüde karşıladı.,positive
Bluetooth bağlantısı genel olarak stabil ama bazen geç bağlanıyor. Fiyatı biraz daha uygun olsa daha iyi olurdu.,positive
Ses seviyesi yüksek ama son seviyede biraz bozulma var. Uzun vadede performansını görmek lazım.,positive
Ses kalitesi günlük kullanım için gayet yeterli. Tekrar almayı düşünebilirim.,negative
Genel olarak beklentimi karşıladı. Fiyatı biraz daha uygun olsa daha iyi olurdu.,positive
Ses kalitesi günlük kullanım için gayet yeterli. Günlük kullanım için rahatlıkla tercih edilebilir.,positive
Kutu içeriği yeterli ve ürün düzgün paketlenmişti. Çok üst seviye beklemeyenler için yeterli.,positive
Bluetooth bağlantısı genel olarak stabil ama bazen geç bağlanıyor. Benzer ürünlere göre başarılı buldum.,positive
Film izlerken ses gecikmesi yaşamadım. Küçük eksikleri var ama genel deneyim iyi.,positive
Bass performansı özellikle müzik dinlerken tatmin edici. Fiyatı biraz daha uygun olsa daha iyi olurdu.,negative
Oyunlarda gecikme çok fark edilmiyor. Benzer ürünlere göre başarılı buldum.,positive
Malzeme kalitesi iyi fakat daha sağlam hissedebilirdi. Fiyatı biraz daha uygun olsa daha iyi olurdu.,positive
Tasarımı sade ve şık duruyor. Küçük eksikleri var ama genel deneyim iyi.,positive
Oyunlarda gecikme çok fark edilmiyor. Genel olarak memnun kaldım.,positive
Şarj süresi beklentimi karşıladı. Fiyatı biraz daha uygun olsa daha iyi olurdu.,positive
Şarj kutusu küçük olduğu için taşımak kolay. Benzer ürünlere göre başarılı buldum.,positive
Oyunlarda gecikme çok fark edilmiyor. Benzer ürünlere göre başarılı buldum.,positive
Mikrofon kalitesi konuşmalarda iş görüyor ama çok üst seviye değil. Küçük eksikleri var ama genel deneyim iyi.,positive
Kutu içeriği yeterli ve ürün düzgün paketlenmişti. İlk izlenimim olumlu oldu.,positive
Ses kalitesi günlük kullanım için gayet yeterli. Uzun vadede performansını görmek lazım.,positive
Malzeme kalitesi iyi fakat daha sağlam hissedebilirdi. Küçük eksikleri var ama genel deneyim iyi.,positive
Ses kalitesi günlük kullanım için gayet yeterli. Uzun vadede performansını görmek lazım.,positive
Ses kalitesi günlük kullanım için gayet yeterli. Fiyatı biraz daha uygun olsa daha iyi olurdu.,positive
Ses seviyesi yüksek ama son seviyede biraz bozulma var. Fiyatı biraz daha uygun olsa daha iyi olurdu.,positive
Film izlerken ses gecikmesi yaşamadım. Benzer ürünlere göre başarılı buldum.,positive
Şarj kutusu küçük olduğu için taşımak kolay. Küçük eksikleri var ama genel deneyim iyi.,negative
Kutu içeriği yeterli ve ürün düzgün paketlenmişti. Fiyatı biraz daha uygun olsa daha iyi olurdu.,negative
Dış ses yalıtımı kalabalık ortamlarda işe yarıyor. Çok üst seviye beklemeyenler için yeterli.,positive
Film izlerken ses gecikmesi yaşamadım. Fiyatı biraz daha uygun olsa daha iyi olurdu.,positive
Ses kalitesi günlük kullanım için gayet yeterli. Uzun vadede performansını görmek lazım.,positive
Kutu içeriği yeterli ve ürün düzgün paketlenmişti. Benzer ürünlere göre başarılı buldum.,positive
Dış ses yalıtımı kalabalık ortamlarda işe yarıyor. Tekrar almayı düşünebilirim.,positive
Fiyatına göre alınabilecek mantıklı bir ürün. Küçük eksikleri var ama genel deneyim iyi.,positive
Genel olarak beklentimi karşıladı. Çok üst seviye beklemeyenler için yeterli.,negative
Kutu içeriği yeterli ve ürün düzgün paketlenmişti. İlk izlenimim olumlu oldu.,positive
Uzun kullanımda kulağı çok fazla rahatsız etmiyor. Tekrar almayı düşünebilirim.,positive
Uzun kullanımda kulağı çok fazla rahatsız etmiyor. Benzer ürünlere göre başarılı buldum.,positive
Tasarımı sade ve şık duruyor. Genel olarak memnun kaldım.,positive
Film izlerken ses gecikmesi yaşamadım. İlk izlenimim olumlu oldu.,positive
Telefonla eşleştirme işlemi kolay oldu. Beklentimi büyük ölçüde karşıladı.,positive
Telefonla eşleştirme işlemi kolay oldu. Çok üst seviye beklemeyenler için yeterli.,positive
Malzeme kalitesi iyi fakat daha sağlam hissedebilirdi. İlk izlenimim olumlu oldu.,positive
Şarj süresi beklentimi karşıladı. Fiyatı biraz daha uygun olsa daha iyi olurdu.,positive
"Kulak pedleri yumuşak, uzun kullanımda avantaj sağlıyor. Tekrar almayı düşünebilirim.",positive
Mikrofonu dış ortamda biraz zayıf kalabiliyor. Günlük kullanım için rahatlıkla tercih edilebilir.,positive
Kutu içeriği yeterli ve ürün düzgün paketlenmişti. Tekrar almayı düşünebilirim.,positive
Genel olarak beklentimi karşıladı. Küçük eksikleri var ama genel deneyim iyi.,positive
Telefonla eşleştirme işlemi kolay oldu. Genel olarak memnun kaldım.,positive
Bluetooth bağlantısı genel olarak stabil ama bazen geç bağlanıyor. Benzer ürünlere göre başarılı buldum.,positive
Şarj süresi beklentimi karşıladı. İlk izlenimim olumlu oldu.,positive
Bass performansı özellikle müzik dinlerken tatmin edici. Fiyatı biraz daha uygun olsa daha iyi olurdu.,positive
Tasarımı sade ve şık duruyor. Tekrar almayı düşünebilirim.,positive
Tasarımı sade ve şık duruyor. Beklentimi büyük ölçüde karşıladı.,positive
Bass performansı özellikle müzik dinlerken tatmin edici. Günlük kullanım için rahatlıkla tercih edilebilir.,positive
Fiyatına göre alınabilecek mantıklı bir ürün. İlk izlenimim olumlu oldu.,positive
"Kulak pedleri yumuşak, uzun kullanımda avantaj sağlıyor. Fiyatı biraz daha uygun olsa daha iyi olurdu.",positive
"Kulak pedleri yumuşak, uzun kullanımda avantaj sağlıyor. Fiyatı biraz daha uygun olsa daha iyi olurdu.",negative
Ses seviyesi yüksek ama son seviyede biraz bozulma var. Çok üst seviye beklemeyenler için yeterli.,positive
Mikrofon kalitesi konuşmalarda iş görüyor ama çok üst seviye değil. Günlük kullanım için rahatlıkla tercih edilebilir.,positive
Şarj süresi beklentimi karşıladı. Küçük eksikleri var ama genel deneyim iyi.,positive
Oyunlarda gecikme çok fark edilmiyor. Günlük kullanım için rahatlıkla tercih edilebilir.,negative
Dış ses yalıtımı kalabalık ortamlarda işe yarıyor. Genel olarak memnun kaldım.,positive
Ses kalitesi günlük kullanım için gayet yeterli. Tekrar almayı düşünebilirim.,negative
Oyunlarda gecikme çok fark edilmiyor. Uzun vadede performansını görmek lazım.,positive
Fiyatına göre alınabilecek mantıklı bir ürün. Günlük kullanım için rahatlıkla tercih edilebilir.,negative
Genel olarak beklentimi karşıladı. Günlük kullanım için rahatlıkla tercih edilebilir.,negative
Tasarımı sade ve şık duruyor. Benzer ürünlere göre başarılı buldum.,positive
Uzun kullanımda kulağı çok fazla rahatsız etmiyor. Tekrar almayı düşünebilirim.,positive
Bluetooth bağlantısı genel olarak stabil ama bazen geç bağlanıyor. Günlük kullanım için rahatlıkla tercih edilebilir.,negative
Oyunlarda gecikme çok fark edilmiyor. İlk izlenimim olumlu oldu.,negative
Uzun kullanımda kulağı çok fazla rahatsız etmiyor. Günlük kullanım için rahatlıkla tercih edilebilir.,positive
Fiyatı biraz daha düşük olsa çok daha iyi olurdu. Uzun vadede performansını görmek lazım.,negative
Dış ses yalıtımı kalabalık ortamlarda işe yarıyor. İlk izlenimim olumlu oldu.,positive
Bass performansı özellikle müzik dinlerken tatmin edici. Günlük kullanım için rahatlıkla tercih edilebilir.,positive
Ses seviyesi yüksek ama son seviyede biraz bozulma var. Uzun vadede performansını görmek lazım.,positive
Uzun kullanımda kulağı çok fazla rahatsız etmiyor. İlk izlenimim olumlu oldu.,positive
Fiyatı biraz daha düşük olsa çok daha iyi olurdu. Genel olarak memnun kaldım.,positive
"Kulak pedleri yumuşak, uzun kullanımda avantaj sağlıyor. Çok üst seviye beklemeyenler için yeterli.",negative
Oyunlarda gecikme çok fark edilmiyor. Benzer ürünlere göre başarılı buldum.,positive
Şarj süresi beklentimi karşıladı. Günlük kullanım için rahatlıkla tercih edilebilir.,positive
"Kulak pedleri yumuşak, uzun kullanımda avantaj sağlıyor. İlk izlenimim olumlu oldu.",positive
Tasarımı sade ve şık duruyor. Fiyatı biraz daha uygun olsa daha iyi olurdu.,positive
Şarj süresi beklentimi karşıladı. Genel olarak memnun kaldım.,positive
Fiyatı biraz daha düşük olsa çok daha iyi olurdu. Fiyatı biraz daha uygun olsa daha iyi olurdu.,positive
Ses seviyesi yüksek ama son seviyede biraz bozulma var. Fiyatı biraz daha uygun olsa daha iyi olurdu.,positive
Genel olarak beklentimi karşıladı. Tekrar almayı düşünebilirim.,positive
Ses seviyesi yüksek ama son seviyede biraz bozulma var. Günlük kullanım için rahatlıkla tercih edilebilir.,negative
Şarj süresi beklentimi karşıladı. Benzer ürünlere göre başarılı buldum.,positive
Fiyatı biraz daha düşük olsa çok daha iyi olurdu. Uzun vadede performansını görmek lazım.,positive
Bass performansı özellikle müzik dinlerken tatmin edici. Benzer ürünlere göre başarılı buldum.,positive
Ses kalitesi günlük kullanım için gayet yeterli. Tekrar almayı düşünebilirim.,positive
Şarj süresi beklentimi karşıladı. Beklentimi büyük ölçüde karşıladı.,positive
Fiyatı biraz daha düşük olsa çok daha iyi olurdu. Beklentimi büyük ölçüde karşıladı.,positive
Fiyatına göre alınabilecek mantıklı bir ürün. Küçük eksikleri var ama genel deneyim iyi.,positive
Oyunlarda gecikme çok fark edilmiyor. Uzun vadede performansını görmek lazım.,positive
Bass performansı özellikle müzik dinlerken tatmin edici. Uzun vadede performansını görmek lazım.,positive
Fiyatına göre alınabilecek mantıklı bir ürün. Genel olarak memnun kaldım.,positive
"Kulak pedleri yumuşak, uzun kullanımda avantaj sağlıyor. Çok üst seviye beklemeyenler için yeterli.",positive
Film izlerken ses gecikmesi yaşamadım. Tekrar almayı düşünebilirim.,positive
Oyunlarda gecikme çok fark edilmiyor. Günlük kullanım için rahatlıkla tercih edilebilir.,positive
Malzeme kalitesi iyi fakat daha sağlam hissedebilirdi. Uzun vadede performansını görmek lazım.,positive
Malzeme kalitesi iyi fakat daha sağlam hissedebilirdi. Uzun vadede performansını görmek lazım.,positive
Telefonla eşleştirme işlemi kolay oldu. Genel olarak memnun kaldım.,positive
Kutu içeriği yeterli ve ürün düzgün paketlenmişti. Uzun vadede performansını görmek lazım.,positive
Fiyatı biraz daha düşük olsa çok daha iyi olurdu. Uzun vadede performansını görmek lazım.,positive
"Kulak pedleri yumuşak, uzun kullanımda avantaj sağlıyor. Fiyatı biraz daha uygun olsa daha iyi olurdu.",positive
Ses seviyesi yüksek ama son seviyede biraz bozulma var. İlk izlenimim olumlu oldu.,positive
Telefonla eşleştirme işlemi kolay oldu. Günlük kullanım için rahatlıkla tercih edilebilir.,positive
Film izlerken ses gecikmesi yaşamadım. Benzer ürünlere göre başarılı buldum.,positive
Fiyatına göre alınabilecek mantıklı bir ürün. Günlük kullanım için rahatlıkla tercih edilebilir.,positive
Oyunlarda gecikme çok fark edilmiyor. Genel olarak memnun kaldım.,positive
"Kulak pedleri yumuşak, uzun kullanımda avantaj sağlıyor. Benzer ürünlere göre başarılı buldum.",positive
Şarj süresi beklentimi karşıladı. Tekrar almayı düşünebilirim.,positive
"Kulak pedleri yumuşak, uzun kullanımda avantaj sağlıyor. Beklentimi büyük ölçüde karşıladı.",positive
Bass performansı özellikle müzik dinlerken tatmin edici. Çok üst seviye beklemeyenler için yeterli.,positive
Film izlerken ses gecikmesi yaşamadım. Beklentimi büyük ölçüde karşıladı.,positive
Kutu içeriği yeterli ve ürün düzgün paketlenmişti. Küçük eksikleri var ama genel deneyim iyi.,positive
Kutu içeriği yeterli ve ürün düzgün paketlenmişti. Beklentimi büyük ölçüde karşıladı.,positive
Bass performansı özellikle müzik dinlerken tatmin edici. Tekrar almayı düşünebilirim.,positive
Fiyatına göre alınabilecek mantıklı bir ürün. Tekrar almayı düşünebilirim.,positive
Dış ses yalıtımı kalabalık ortamlarda işe yarıyor. Beklentimi büyük ölçüde karşıladı.,positive
Mikrofon kalitesi konuşmalarda iş görüyor ama çok üst seviye değil. Günlük kullanım için rahatlıkla tercih edilebilir.,positive
Ses kalitesi günlük kullanım için gayet yeterli. İlk izlenimim olumlu oldu.,positive
Fiyatı biraz daha düşük olsa çok daha iyi olurdu. Uzun vadede performansını görmek lazım.,positive
Tasarımı sade ve şık duruyor. Uzun vadede performansını görmek lazım.,positive
Oyunlarda gecikme çok fark edilmiyor. Günlük kullanım için rahatlıkla tercih edilebilir.,positive
Film izlerken ses gecikmesi yaşamadım. Uzun vadede performansını görmek lazım.,positive
Kutu içeriği yeterli ve ürün düzgün paketlenmişti. Beklentimi büyük ölçüde karşıladı.,negative
Dış ses yalıtımı kalabalık ortamlarda işe yarıyor. Genel olarak memnun kaldım.,positive
Telefonla eşleştirme işlemi kolay oldu. İlk izlenimim olumlu oldu.,positive
Ses kalitesi günlük kullanım için gayet yeterli. Uzun vadede performansını görmek lazım.,positive
Malzeme kalitesi iyi fakat daha sağlam hissedebilirdi. Uzun vadede performansını görmek lazım.,positive
Genel olarak beklentimi karşıladı. Genel olarak memnun kaldım.,positive
"Kulak pedleri yumuşak, uzun kullanımda avantaj sağlıyor. İlk izlenimim olumlu oldu.",positive
Bass performansı özellikle müzik dinlerken tatmin edici. Fiyatı biraz daha uygun olsa daha iyi olurdu.,negative
Film izlerken ses gecikmesi yaşamadım. Benzer ürünlere göre başarılı buldum.,positive
Tasarımı sade ve şık duruyor. İlk izlenimim olumlu oldu.,positive
Mikrofon kalitesi konuşmalarda iş görüyor ama çok üst seviye değil. İlk izlenimim olumlu oldu.,negative
Oyunlarda gecikme çok fark edilmiyor. Genel olarak memnun kaldım.,positive
Şarj kutusu küçük olduğu için taşımak kolay. İlk izlenimim olumlu oldu.,positive
"Kulak pedleri yumuşak, uzun kullanımda avantaj sağlıyor. Fiyatı biraz daha uygun olsa daha iyi olurdu.",negative
Genel olarak beklentimi karşıladı. İlk izlenimim olumlu oldu.,positive
Oyunlarda gecikme çok fark edilmiyor. Tekrar almayı düşünebilirim.,positive
"Kulak pedleri yumuşak, uzun kullanımda avantaj sağlıyor. Küçük eksikleri var ama genel deneyim iyi.",positive
Film izlerken ses gecikmesi yaşamadım. Günlük kullanım için rahatlıkla tercih edilebilir.,positive
Film izlerken ses gecikmesi yaşamadım. Küçük eksikleri var ama genel deneyim iyi.,negative
Fiyatı biraz daha düşük olsa çok daha iyi olurdu. Çok üst seviye beklemeyenler için yeterli.,positive
Malzeme kalitesi iyi fakat daha sağlam hissedebilirdi. Genel olarak memnun kaldım.,negative
Şarj kutusu küçük olduğu için taşımak kolay. Genel olarak memnun kaldım.,positive
Kutu içeriği yeterli ve ürün düzgün paketlenmişti. Fiyatı biraz daha uygun olsa daha iyi olurdu.,positive
Ses seviyesi yüksek ama son seviyede biraz bozulma var. Uzun vadede performansını görmek lazım.,positive
Mikrofon kalitesi konuşmalarda iş görüyor ama çok üst seviye değil. Çok üst seviye beklemeyenler için yeterli.,positive
Ses kalitesi günlük kullanım için gayet yeterli. Çok üst seviye beklemeyenler için yeterli.,positive
Film izlerken ses gecikmesi yaşamadım. İlk izlenimim olumlu oldu.,negative
Fiyatına göre alınabilecek mantıklı bir ürün. Genel olarak memnun kaldım.,negative
Genel olarak beklentimi karşıladı. Küçük eksikleri var ama genel deneyim iyi.,positive
Genel olarak beklentimi karşıladı. İlk izlenimim olumlu oldu.,positive
Mikrofon kalitesi konuşmalarda iş görüyor ama çok üst seviye değil. Tekrar almayı düşünebilirim.,positive
"Kulak pedleri yumuşak, uzun kullanımda avantaj sağlıyor. Günlük kullanım için rahatlıkla tercih edilebilir.",positive
Şarj süresi beklentimi karşıladı. İlk izlenimim olumlu oldu.,positive
Film izlerken ses gecikmesi yaşamadım. Benzer ürünlere göre başarılı buldum.,positive
Mikrofonu dış ortamda biraz zayıf kalabiliyor. Genel olarak memnun kaldım.,positive
Telefonla eşleştirme işlemi kolay oldu. İlk izlenimim olumlu oldu.,positive
Genel olarak beklentimi karşıladı. Tekrar almayı düşünebilirim.,negative
"Kulak pedleri yumuşak, uzun kullanımda avantaj sağlıyor. Genel olarak memnun kaldım.",positive
Uzun kullanımda kulağı çok fazla rahatsız etmiyor. Beklentimi büyük ölçüde karşıladı.,positive
Bass performansı özellikle müzik dinlerken tatmin edici. Uzun vadede performansını görmek lazım.,positive
Fiyatına göre alınabilecek mantıklı bir ürün. Fiyatı biraz daha uygun olsa daha iyi olurdu.,positive
Ses kalitesi günlük kullanım için gayet yeterli. Uzun vadede performansını görmek lazım.,positive
Ses seviyesi yüksek ama son seviyede biraz bozulma var. Beklentimi büyük ölçüde karşıladı.,positive
Bluetooth bağlantısı genel olarak stabil ama bazen geç bağlanıyor. Uzun vadede performansını görmek lazım.,negative
Fiyatına göre alınabilecek mantıklı bir ürün. Beklentimi büyük ölçüde karşıladı.,positive
Genel olarak beklentimi karşıladı. Genel olarak memnun kaldım.,negative
Telefonla eşleştirme işlemi kolay oldu. Tekrar almayı düşünebilirim.,positive
Mikrofon kalitesi konuşmalarda iş görüyor ama çok üst seviye değil. Uzun vadede performansını görmek lazım.,positive
Fiyatı biraz daha düşük olsa çok daha iyi olurdu. Tekrar almayı düşünebilirim.,positive
Uzun kullanımda kulağı çok fazla rahatsız etmiyor. Günlük kullanım için rahatlıkla tercih edilebilir.,positive
Kutu içeriği yeterli ve ürün düzgün paketlenmişti. Günlük kullanım için rahatlıkla tercih edilebilir.,negative
Şarj süresi beklentimi karşıladı. Günlük kullanım için rahatlıkla tercih edilebilir.,positive
Ses seviyesi yüksek ama son seviyede biraz bozulma var. Uzun vadede performansını görmek lazım.,positive
Şarj süresi beklentimi karşıladı. Çok üst seviye beklemeyenler için yeterli.,positive
Ses seviyesi yüksek ama son seviyede biraz bozulma var. Uzun vadede performansını görmek lazım.,positive
Fiyatına göre alınabilecek mantıklı bir ürün. Çok üst seviye beklemeyenler için yeterli.,positive
Malzeme kalitesi iyi fakat daha sağlam hissedebilirdi. Uzun vadede performansını görmek lazım.,positive
Fiyatına göre alınabilecek mantıklı bir ürün. Fiyatı biraz daha uygun olsa daha iyi olurdu.,positive
Uzun kullanımda kulağı çok fazla rahatsız etmiyor. Beklentimi büyük ölçüde karşıladı.,negative
Telefonla eşleştirme işlemi kolay oldu. İlk izlenimim olumlu oldu.,positive
"Kulak pedleri yumuşak, uzun kullanımda avantaj sağlıyor. Küçük eksikleri var ama genel deneyim iyi.",negative
Fiyatı biraz daha düşük olsa çok daha iyi olurdu. Tekrar almayı düşünebilirim.,negative
Ses kalitesi günlük kullanım için gayet yeterli. Küçük eksikleri var ama genel deneyim iyi.,positive
Bass performansı özellikle müzik dinlerken tatmin edici. İlk izlenimim olumlu oldu.,positive
"Kulak pedleri yumuşak, uzun kullanımda avantaj sağlıyor. Günlük kullanım için rahatlıkla tercih edilebilir.",negative
Genel olarak beklentimi karşıladı. İlk izlenimim olumlu oldu.,positive
Telefonla eşleştirme işlemi kolay oldu. Günlük kullanım için rahatlıkla tercih edilebilir.,positive
Ses kalitesi günlük kullanım için gayet yeterli. Benzer ürünlere göre başarılı buldum.,positive
"Kulak pedleri yumuşak, uzun kullanımda avantaj sağlıyor. Benzer ürünlere göre başarılı buldum.",negative
Genel olarak beklentimi karşıladı. Küçük eksikleri var ama genel deneyim iyi.,positive
Bluetooth bağlantısı genel olarak stabil ama bazen geç bağlanıyor. Çok üst seviye beklemeyenler için yeterli.,positive
Oyunlarda gecikme çok fark edilmiyor. Günlük kullanım için rahatlıkla tercih edilebilir.,positive
Tasarımı sade ve şık duruyor. İlk izlenimim olumlu oldu.,positive
Fiyatına göre alınabilecek mantıklı bir ürün. Beklentimi büyük ölçüde karşıladı.,positive
Ses kalitesi günlük kullanım için gayet yeterli. Genel olarak memnun kaldım.,negative
Film izlerken ses gecikmesi yaşamadım. Beklentimi büyük ölçüde karşıladı.,positive
Fiyatı biraz daha düşük olsa çok daha iyi olurdu. Genel olarak memnun kaldım.,positive
Genel olarak beklentimi karşıladı. Benzer ürünlere göre başarılı buldum.,positive
Bluetooth bağlantısı genel olarak stabil ama bazen geç bağlanıyor. Fiyatı biraz daha uygun olsa daha iyi olurdu.,positive
Bass performansı özellikle müzik dinlerken tatmin edici. Tekrar almayı düşünebilirim.,positive
Malzeme kalitesi iyi fakat daha sağlam hissedebilirdi. İlk izlenimim olumlu oldu.,positive
Dış ses yalıtımı kalabalık ortamlarda işe yarıyor. Benzer ürünlere göre başarılı buldum.,positive
Oyunlarda gecikme çok fark edilmiyor. Günlük kullanım için rahatlıkla tercih edilebilir.,positive
Bluetooth bağlantısı genel olarak stabil ama bazen geç bağlanıyor. Çok üst seviye beklemeyenler için yeterli.,positive
Ses seviyesi yüksek ama son seviyede biraz bozulma var. Fiyatı biraz daha uygun olsa daha iyi olurdu.,positive
Oyunlarda gecikme çok fark edilmiyor. Benzer ürünlere göre başarılı buldum.,positive
Tasarımı sade ve şık duruyor. Beklentimi büyük ölçüde karşıladı.,positive
Ses seviyesi yüksek ama son seviyede biraz bozulma var. İlk izlenimim olumlu oldu.,positive
Ses seviyesi yüksek ama son seviyede biraz bozulma var. Uzun vadede performansını görmek lazım.,positive
Mikrofon kalitesi konuşmalarda iş görüyor ama çok üst seviye değil. Fiyatı biraz daha uygun olsa daha iyi olurdu.,positive
"Kulak pedleri yumuşak, uzun kullanımda avantaj sağlıyor. Küçük eksikleri var ama genel deneyim iyi.",positive
Ses kalitesi günlük kullanım için gayet yeterli. Benzer ürünlere göre başarılı buldum.,positive
Uzun kullanımda kulağı çok fazla rahatsız etmiyor. Benzer ürünlere göre başarılı buldum.,positive
"Kulak pedleri yumuşak, uzun kullanımda avantaj sağlıyor. Tekrar almayı düşünebilirim.",positive
Fiyatına göre alınabilecek mantıklı bir ürün. Küçük eksikleri var ama genel deneyim iyi.,positive
Bluetooth bağlantısı genel olarak stabil ama bazen geç bağlanıyor. Fiyatı biraz daha uygun olsa daha iyi olurdu.,positive
Fiyatına göre alınabilecek mantıklı bir ürün. Tekrar almayı düşünebilirim.,positive
Telefonla eşleştirme işlemi kolay oldu. Beklentimi büyük ölçüde karşıladı.,negative
Genel olarak beklentimi karşıladı. Çok üst seviye beklemeyenler için yeterli.,positive
Genel olarak beklentimi karşıladı. Tekrar almayı düşünebilirim.,negative
Şarj kutusu küçük olduğu için taşımak kolay. İlk izlenimim olumlu oldu.,positive
Kutu içeriği yeterli ve ürün düzgün paketlenmişti. Fiyatı biraz daha uygun olsa daha iyi olurdu.,positive
"Kulak pedleri yumuşak, uzun kullanımda avantaj sağlıyor. Fiyatı biraz daha uygun olsa daha iyi olurdu.",positive
Telefonla eşleştirme işlemi kolay oldu. Genel olarak memnun kaldım.,positive
Ses kalitesi günlük kullanım için gayet yeterli. Günlük kullanım için rahatlıkla tercih edilebilir.,positive
Fiyatına göre alınabilecek mantıklı bir ürün. Günlük kullanım için rahatlıkla tercih edilebilir.,positive
Dış ses yalıtımı kalabalık ortamlarda işe yarıyor. Uzun vadede performansını görmek lazım.,positive
Mikrofonu dış ortamda biraz zayıf kalabiliyor. Çok üst seviye beklemeyenler için yeterli.,positive
Oyunlarda gecikme çok fark edilmiyor. Fiyatı biraz daha uygun olsa daha iyi olurdu.,positive
Uzun kullanımda kulağı çok fazla rahatsız etmiyor. Uzun vadede performansını görmek lazım.,positive
Tasarımı sade ve şık duruyor. Tekrar almayı düşünebilirim.,positive
Oyunlarda gecikme çok fark edilmiyor. Çok üst seviye beklemeyenler için yeterli.,positive
Fiyatına göre alınabilecek mantıklı bir ürün. Günlük kullanım için rahatlıkla tercih edilebilir.,positive
Oyunlarda gecikme çok fark edilmiyor. Genel olarak memnun kaldım.,positive
Dış ses yalıtımı kalabalık ortamlarda işe yarıyor. Uzun vadede performansını görmek lazım.,positive
Fiyatı biraz daha düşük olsa çok daha iyi olurdu. Çok üst seviye beklemeyenler için yeterli.,negative
"Kulak pedleri yumuşak, uzun kullanımda avantaj sağlıyor. Genel olarak memnun kaldım.",positive
Şarj süresi beklentimi karşıladı. İlk izlenimim olumlu oldu.,negative
Ses seviyesi yüksek ama son seviyede biraz bozulma var. Fiyatı biraz daha uygun olsa daha iyi olurdu.,positive
"Kulak pedleri yumuşak, uzun kullanımda avantaj sağlıyor. Günlük kullanım için rahatlıkla tercih edilebilir.",positive
Genel olarak beklentimi karşıladı. Günlük kullanım için rahatlıkla tercih edilebilir.,positive
Şarj süresi beklentimi karşıladı. Küçük eksikleri var ama genel deneyim iyi.,negative
Mikrofonu dış ortamda biraz zayıf kalabiliyor. Günlük kullanım için rahatlıkla tercih edilebilir.,positive
Fiyatına göre alınabilecek mantıklı bir ürün. İlk izlenimim olumlu oldu.,negative
Telefonla eşleştirme işlemi kolay oldu. Küçük eksikleri var ama genel deneyim iyi.,positive
Tasarımı sade ve şık duruyor. Tekrar almayı düşünebilirim.,positive
Malzeme kalitesi iyi fakat daha sağlam hissedebilirdi. Fiyatı biraz daha uygun olsa daha iyi olurdu.,positive
Telefonla eşleştirme işlemi kolay oldu. Fiyatı biraz daha uygun olsa daha iyi olurdu.,positive
Şarj süresi beklentimi karşıladı. Günlük kullanım için rahatlıkla tercih edilebilir.,positive
Fiyatına göre alınabilecek mantıklı bir ürün. Fiyatı biraz daha uygun olsa daha iyi olurdu.,positive
Kutu içeriği yeterli ve ürün düzgün paketlenmişti. Benzer ürünlere göre başarılı buldum.,positive
Fiyatı biraz daha düşük olsa çok daha iyi olurdu. Fiyatı biraz daha uygun olsa daha iyi olurdu.,negative
Dış ses yalıtımı kalabalık ortamlarda işe yarıyor. Benzer ürünlere göre başarılı buldum.,positive
Fiyatına göre alınabilecek mantıklı bir ürün. Çok üst seviye beklemeyenler için yeterli.,positive
Mikrofon kalitesi konuşmalarda iş görüyor ama çok üst seviye değil. Beklentimi büyük ölçüde karşıladı.,negative
Şarj kutusu küçük olduğu için taşımak kolay. İlk izlenimim olumlu oldu.,negative
Ses kalitesi günlük kullanım için gayet yeterli. Çok üst seviye beklemeyenler için yeterli.,positive
Dış ses yalıtımı kalabalık ortamlarda işe yarıyor. Tekrar almayı düşünebilirim.,positive
Şarj süresi beklentimi karşıladı. İlk izlenimim olumlu oldu.,positive
Oyunlarda gecikme çok fark edilmiyor. Beklentimi büyük ölçüde karşıladı.,positive
Fiyatına göre alınabilecek mantıklı bir ürün. Beklentimi büyük ölçüde karşıladı.,positive
Ses seviyesi yüksek ama son seviyede biraz bozulma var. Günlük kullanım için rahatlıkla tercih edilebilir.,positive
Telefonla eşleştirme işlemi kolay oldu. Günlük kullanım için rahatlıkla tercih edilebilir.,negative
Ses kalitesi günlük kullanım için gayet yeterli. Küçük eksikleri var ama genel deneyim iyi.,positive
Film izlerken ses gecikmesi yaşamadım. Tekrar almayı düşünebilirim.,positive
Malzeme kalitesi iyi fakat daha sağlam hissedebilirdi. Benzer ürünlere göre başarılı buldum.,positive
Fiyatı biraz daha düşük olsa çok daha iyi olurdu. Fiyatı biraz daha uygun olsa daha iyi olurdu.,positive
Fiyatı biraz daha düşük olsa çok daha iyi olurdu. Tekrar almayı düşünebilirim.,positive
Şarj süresi beklentimi karşıladı. Küçük eksikleri var ama genel deneyim iyi.,positive
Şarj kutusu küçük olduğu için taşımak kolay. Beklentimi büyük ölçüde karşıladı.,positive
"Kulak pedleri yumuşak, uzun kullanımda avantaj sağlıyor. Günlük kullanım için rahatlıkla tercih edilebilir.",positive
Mikrofonu dış ortamda biraz zayıf kalabiliyor. Benzer ürünlere göre başarılı buldum.,positive
Film izlerken ses gecikmesi yaşamadım. Benzer ürünlere göre başarılı buldum.,positive
Uzun kullanımda kulağı çok fazla rahatsız etmiyor. Benzer ürünlere göre başarılı buldum.,positive
Mikrofon kalitesi konuşmalarda iş görüyor ama çok üst seviye değil. Genel olarak memnun kaldım.,positive
Fiyatına göre alınabilecek mantıklı bir ürün. İlk izlenimim olumlu oldu.,positive
Şarj süresi beklentimi karşıladı. Tekrar almayı düşünebilirim.,positive
"Kulak pedleri yumuşak, uzun kullanımda avantaj sağlıyor. İlk izlenimim olumlu oldu.",positive
Malzeme kalitesi iyi fakat daha sağlam hissedebilirdi. İlk izlenimim olumlu oldu.,positive
Ses kalitesi günlük kullanım için gayet yeterli. Çok üst seviye beklemeyenler için yeterli.,positive
Kutu içeriği yeterli ve ürün düzgün paketlenmişti. İlk izlenimim olumlu oldu.,positive
Malzeme kalitesi iyi fakat daha sağlam hissedebilirdi. Uzun vadede performansını görmek lazım.,positive
Kutu içeriği yeterli ve ürün düzgün paketlenmişti. Uzun vadede performansını görmek lazım.,positive
Telefonla eşleştirme işlemi kolay oldu. Çok üst seviye beklemeyenler için yeterli.,positive
Malzeme kalitesi iyi fakat daha sağlam hissedebilirdi. Genel olarak memnun kaldım.,positive
Mikrofonu dış ortamda biraz zayıf kalabiliyor. Küçük eksikleri var ama genel deneyim iyi.,positive
Ses seviyesi yüksek ama son seviyede biraz bozulma var. Genel olarak memnun kaldım.,positive
Malzeme kalitesi iyi fakat daha sağlam hissedebilirdi. Beklentimi büyük ölçüde karşıladı.,positive
Mikrofon kalitesi konuşmalarda iş görüyor ama çok üst seviye değil. Fiyatı biraz daha uygun olsa daha iyi olurdu.,positive
"Kulak pedleri yumuşak, uzun kullanımda avantaj sağlıyor. Tekrar almayı düşünebilirim.",positive
Şarj kutusu küçük olduğu için taşımak kolay. Fiyatı biraz daha uygun olsa daha iyi olurdu.,positive
Malzeme kalitesi iyi fakat daha sağlam hissedebilirdi. Uzun vadede performansını görmek lazım.,positive
Tasarımı sade ve şık duruyor. Tekrar almayı düşünebilirim.,positive
Dış ses yalıtımı kalabalık ortamlarda işe yarıyor. Benzer ürünlere göre başarılı buldum.,positive
Fiyatı biraz daha düşük olsa çok daha iyi olurdu. Uzun vadede performansını görmek lazım.,positive
Film izlerken ses gecikmesi yaşamadım. Fiyatı biraz daha uygun olsa daha iyi olurdu.,negative
Uzun kullanımda kulağı çok fazla rahatsız etmiyor. Benzer ürünlere göre başarılı buldum.,positive
Fiyatına göre alınabilecek mantıklı bir ürün. Günlük kullanım için rahatlıkla tercih edilebilir.,positive
Fiyatı biraz daha düşük olsa çok daha iyi olurdu. Küçük eksikleri var ama genel deneyim iyi.,positive
Fiyatı biraz daha düşük olsa çok daha iyi olurdu. Genel olarak memnun kaldım.,negative
Bass performansı özellikle müzik dinlerken tatmin edici. Benzer ürünlere göre başarılı buldum.,positive
Şarj kutusu küçük olduğu için taşımak kolay. Günlük kullanım için rahatlıkla tercih edilebilir.,negative
Kutu içeriği yeterli ve ürün düzgün paketlenmişti. Genel olarak memnun kaldım.,positive
Dış ses yalıtımı kalabalık ortamlarda işe yarıyor. Genel olarak memnun kaldım.,positive
Uzun kullanımda kulağı çok fazla rahatsız etmiyor. Uzun vadede performansını görmek lazım.,positive
Tasarımı sade ve şık duruyor. İlk izlenimim olumlu oldu.,positive
Uzun kullanımda kulağı çok fazla rahatsız etmiyor. Günlük kullanım için rahatlıkla tercih edilebilir.,positive
Uzun kullanımda kulağı çok fazla rahatsız etmiyor. Fiyatı biraz daha uygun olsa daha iyi olurdu.,positive
Genel olarak beklentimi karşıladı. Çok üst seviye beklemeyenler için yeterli.,positive
Bass performansı özellikle müzik dinlerken tatmin edici. Beklentimi büyük ölçüde karşıladı.,positive
Genel olarak beklentimi karşıladı. Küçük eksikleri var ama genel deneyim iyi.,positive
Ses kalitesi günlük kullanım için gayet yeterli. Beklentimi büyük ölçüde karşıladı.,positive
Bass performansı özellikle müzik dinlerken tatmin edici. Küçük eksikleri var ama genel deneyim iyi.,negative
Uzun kullanımda kulağı çok fazla rahatsız etmiyor. Fiyatı biraz daha uygun olsa daha iyi olurdu.,positive
Telefonla eşleştirme işlemi kolay oldu. Benzer ürünlere göre başarılı buldum.,negative
Ses kalitesi günlük kullanım için gayet yeterli. İlk izlenimim olumlu oldu.,positive
Bluetooth bağlantısı genel olarak stabil ama bazen geç bağlanıyor. Uzun vadede performansını görmek lazım.,negative
Ses seviyesi yüksek ama son seviyede biraz bozulma var. Uzun vadede performansını görmek lazım.,positive
Uzun kullanımda kulağı çok fazla rahatsız etmiyor. Benzer ürünlere göre başarılı buldum.,positive
Kutu içeriği yeterli ve ürün düzgün paketlenmişti. Günlük kullanım için rahatlıkla tercih edilebilir.,positive
Kutu içeriği yeterli ve ürün düzgün paketlenmişti. Genel olarak memnun kaldım.,positive
Mikrofon kalitesi konuşmalarda iş görüyor ama çok üst seviye değil. Tekrar almayı düşünebilirim.,positive
Oyunlarda gecikme çok fark edilmiyor. Küçük eksikleri var ama genel deneyim iyi.,positive
Oyunlarda gecikme çok fark edilmiyor. Genel olarak memnun kaldım.,positive
Kutu içeriği yeterli ve ürün düzgün paketlenmişti. Günlük kullanım için rahatlıkla tercih edilebilir.,positive
Bass performansı özellikle müzik dinlerken tatmin edici. Genel olarak memnun kaldım.,positive
Şarj süresi beklentimi karşıladı. Genel olarak memnun kaldım.,positive
Fiyatına göre alınabilecek mantıklı bir ürün. İlk izlenimim olumlu oldu.,positive
Kutu içeriği yeterli ve ürün düzgün paketlenmişti. Uzun vadede performansını görmek lazım.,negative
Genel olarak beklentimi karşıladı. Tekrar almayı düşünebilirim.,positive
Malzeme kalitesi iyi fakat daha sağlam hissedebilirdi. Beklentimi büyük ölçüde karşıladı.,positive
Uzun kullanımda kulağı çok fazla rahatsız etmiyor. Uzun vadede performansını görmek lazım.,positive
Fiyatına göre alınabilecek mantıklı bir ürün. Günlük kullanım için rahatlıkla tercih edilebilir.,positive
Fiyatı biraz daha düşük olsa çok daha iyi olurdu. Benzer ürünlere göre başarılı buldum.,positive
Ses seviyesi yüksek ama son seviyede biraz bozulma var. Günlük kullanım için rahatlıkla tercih edilebilir.,positive
Genel olarak beklentimi karşıladı. Tekrar almayı düşünebilirim.,negative
Ses seviyesi yüksek ama son seviyede biraz bozulma var. Fiyatı biraz daha uygun olsa daha iyi olurdu.,positive
Şarj süresi beklentimi karşıladı. Beklentimi büyük ölçüde karşıladı.,positive
"Kulak pedleri yumuşak, uzun kullanımda avantaj sağlıyor. İlk izlenimim olumlu oldu.",negative
"Kulak pedleri yumuşak, uzun kullanımda avantaj sağlıyor. Küçük eksikleri var ama genel deneyim iyi.",positive
Fiyatı biraz daha düşük olsa çok daha iyi olurdu. Benzer ürünlere göre başarılı buldum.,positive
Malzeme kalitesi iyi fakat daha sağlam hissedebilirdi. Uzun vadede performansını görmek lazım.,positive
Dış ses yalıtımı kalabalık ortamlarda işe yarıyor. İlk izlenimim olumlu oldu.,positive
Ses kalitesi günlük kullanım için gayet yeterli. Küçük eksikleri var ama genel deneyim iyi.,positive
Bluetooth bağlantısı genel olarak stabil ama bazen geç bağlanıyor. İlk izlenimim olumlu oldu.,positive
Tasarımı sade ve şık duruyor. Küçük eksikleri var ama genel deneyim iyi.,positive
Fiyatı biraz daha düşük olsa çok daha iyi olurdu. Küçük eksikleri var ama genel deneyim iyi.,negative
Tasarımı sade ve şık duruyor. Benzer ürünlere göre başarılı buldum.,positive
Film izlerken ses gecikmesi yaşamadım. Fiyatı biraz daha uygun olsa daha iyi olurdu.,positive
Mikrofonu dış ortamda biraz zayıf kalabiliyor. Tekrar almayı düşünebilirim.,positive
Oyunlarda gecikme çok fark edilmiyor. Küçük eksikleri var ama genel deneyim iyi.,positive
Oyunlarda gecikme çok fark edilmiyor. Fiyatı biraz daha uygun olsa daha iyi olurdu.,positive
Fiyatına göre alınabilecek mantıklı bir ürün. Beklentimi büyük ölçüde karşıladı.,positive
Genel olarak beklentimi karşıladı. Uzun vadede performansını görmek lazım.,positive
Tasarımı sade ve şık duruyor. Uzun vadede performansını görmek lazım.,positive
Malzeme kalitesi iyi fakat daha sağlam hissedebilirdi. Genel olarak memnun kaldım.,positive
Şarj süresi beklentimi karşıladı. İlk izlenimim olumlu oldu.,positive
Bluetooth bağlantısı genel olarak stabil ama bazen geç bağlanıyor. Çok üst seviye beklemeyenler için yeterli.,positive
Ses seviyesi yüksek ama son seviyede biraz bozulma var. Tekrar almayı düşünebilirim.,negative
Malzeme kalitesi iyi fakat daha sağlam hissedebilirdi. Tekrar almayı düşünebilirim.,positive
Fiyatı biraz daha düşük olsa çok daha iyi olurdu. Genel olarak memnun kaldım.,negative
Film izlerken ses gecikmesi yaşamadım. Küçük eksikleri var ama genel deneyim iyi.,positive
Mikrofonu dış ortamda biraz zayıf kalabiliyor. Günlük kullanım için rahatlıkla tercih edilebilir.,positive
Dış ses yalıtımı kalabalık ortamlarda işe yarıyor. Fiyatı biraz daha uygun olsa daha iyi olurdu.,positive
"Kulak pedleri yumuşak, uzun kullanımda avantaj sağlıyor. Beklentimi büyük ölçüde karşıladı.",positive
Dış ses yalıtımı kalabalık ortamlarda işe yarıyor. Tekrar almayı düşünebilirim.,negative
Şarj süresi beklentimi karşıladı. Tekrar almayı düşünebilirim.,negative
Ses kalitesi günlük kullanım için gayet yeterli. İlk izlenimim olumlu oldu.,positive
Oyunlarda gecikme çok fark edilmiyor. Beklentimi büyük ölçüde karşıladı.,positive
Dış ses yalıtımı kalabalık ortamlarda işe yarıyor. Uzun vadede performansını görmek lazım.,positive
Mikrofon kalitesi konuşmalarda iş görüyor ama çok üst seviye değil. İlk izlenimim olumlu oldu.,positive
"Kulak pedleri yumuşak, uzun kullanımda avantaj sağlıyor. Fiyatı biraz daha uygun olsa daha iyi olurdu.",positive
"Kulak pedleri yumuşak, uzun kullanımda avantaj sağlıyor. Küçük eksikleri var ama genel deneyim iyi.",positive
Şarj süresi beklentimi karşıladı. Beklentimi büyük ölçüde karşıladı.,positive
Ses kalitesi günlük kullanım için gayet yeterli. Çok üst seviye beklemeyenler için yeterli.,positive
Mikrofonu dış ortamda biraz zayıf kalabiliyor. Tekrar almayı düşünebilirim.,positive
Ses kalitesi günlük kullanım için gayet yeterli. Genel olarak memnun kaldım.,positive
Film izlerken ses gecikmesi yaşamadım. Genel olarak memnun kaldım.,positive
Dış ses yalıtımı kalabalık ortamlarda işe yarıyor. Uzun vadede performansını görmek lazım.,positive
"Kulak pedleri yumuşak, uzun kullanımda avantaj sağlıyor. Uzun vadede performansını görmek lazım.",positive
Uzun kullanımda kulağı çok fazla rahatsız etmiyor. Uzun vadede performansını görmek lazım.,positive
Bass performansı özellikle müzik dinlerken tatmin edici. Benzer ürünlere göre başarılı buldum.,positive
Ses seviyesi yüksek ama son seviyede biraz bozulma var. Fiyatı biraz daha uygun olsa daha iyi olurdu.,positive
Kutu içeriği yeterli ve ürün düzgün paketlenmişti. İlk izlenimim olumlu oldu.,negative
Bluetooth bağlantısı genel olarak stabil ama bazen geç bağlanıyor. Genel olarak memnun kaldım.,positive
Film izlerken ses gecikmesi yaşamadım. Günlük kullanım için rahatlıkla tercih edilebilir.,positive
Dış ses yalıtımı kalabalık ortamlarda işe yarıyor. Uzun vadede performansını görmek lazım.,positive
Bass performansı özellikle müzik dinlerken tatmin edici. İlk izlenimim olumlu oldu.,positive
Ses seviyesi yüksek ama son seviyede biraz bozulma var. Küçük eksikleri var ama genel deneyim iyi.,positive
Oyunlarda gecikme çok fark edilmiyor. Fiyatı biraz daha uygun olsa daha iyi olurdu.,positive
Dış ses yalıtımı kalabalık ortamlarda işe yarıyor. Küçük eksikleri var ama genel deneyim iyi.,positive
Malzeme kalitesi iyi fakat daha sağlam hissedebilirdi. Uzun vadede performansını görmek lazım.,positive
"Kulak pedleri yumuşak, uzun kullanımda avantaj sağlıyor. Küçük eksikleri var ama genel deneyim iyi.",positive
Bluetooth bağlantısı genel olarak stabil ama bazen geç bağlanıyor. Fiyatı biraz daha uygun olsa daha iyi olurdu.,positive
Mikrofonu dış ortamda biraz zayıf kalabiliyor. İlk izlenimim olumlu oldu.,negative
Ses kalitesi günlük kullanım için gayet yeterli. İlk izlenimim olumlu oldu.,negative
Film izlerken ses gecikmesi yaşamadım. Uzun vadede performansını görmek lazım.,negative
Telefonla eşleştirme işlemi kolay oldu. Benzer ürünlere göre başarılı buldum.,positive
Kutu içeriği yeterli ve ürün düzgün paketlenmişti. Tekrar almayı düşünebilirim.,positive
Mikrofonu dış ortamda biraz zayıf kalabiliyor. Çok üst seviye beklemeyenler için yeterli.,positive
Telefonla eşleştirme işlemi kolay oldu. Küçük eksikleri var ama genel deneyim iyi.,positive
Ses kalitesi günlük kullanım için gayet yeterli. Beklentimi büyük ölçüde karşıladı.,positive
Telefonla eşleştirme işlemi kolay oldu. Fiyatı biraz daha uygun olsa daha iyi olurdu.,positive
Oyunlarda gecikme çok fark edilmiyor. Günlük kullanım için rahatlıkla tercih edilebilir.,positive
Dış ses yalıtımı kalabalık ortamlarda işe yarıyor. Benzer ürünlere göre başarılı buldum.,negative
Bass performansı özellikle müzik dinlerken tatmin edici. Günlük kullanım için rahatlıkla tercih edilebilir.,positive
Telefonla eşleştirme işlemi kolay oldu. Beklentimi büyük ölçüde karşıladı.,positive
Şarj süresi beklentimi karşıladı. Küçük eksikleri var ama genel deneyim iyi.,positive
Malzeme kalitesi iyi fakat daha sağlam hissedebilirdi. Genel olarak memnun kaldım.,positive
Uzun kullanımda kulağı çok fazla rahatsız etmiyor. Günlük kullanım için rahatlıkla tercih edilebilir.,positive
Genel olarak beklentimi karşıladı. Beklentimi büyük ölçüde karşıladı.,negative
Dış ses yalıtımı kalabalık ortamlarda işe yarıyor. Küçük eksikleri var ama genel deneyim iyi.,negative
Ses seviyesi yüksek ama son seviyede biraz bozulma var. İlk izlenimim olumlu oldu.,positive
Bluetooth bağlantısı genel olarak stabil ama bazen geç bağlanıyor. İlk izlenimim olumlu oldu.,positive
Film izlerken ses gecikmesi yaşamadım. Çok üst seviye beklemeyenler için yeterli.,positive
Mikrofon kalitesi konuşmalarda iş görüyor ama çok üst seviye değil. İlk izlenimim olumlu oldu.,positive
Genel olarak beklentimi karşıladı. Günlük kullanım için rahatlıkla tercih edilebilir.,positive
Ses seviyesi yüksek ama son seviyede biraz bozulma var. Beklentimi büyük ölçüde karşıladı.,positive
Ses kalitesi günlük kullanım için gayet yeterli. Tekrar almayı düşünebilirim.,positive
Ses kalitesi günlük kullanım için gayet yeterli. Tekrar almayı düşünebilirim.,negative
Ses seviyesi yüksek ama son seviyede biraz bozulma var. Çok üst seviye beklemeyenler için yeterli.,positive
"Kulak pedleri yumuşak, uzun kullanımda avantaj sağlıyor. Genel olarak memnun kaldım.",positive
Telefonla eşleştirme işlemi kolay oldu. Genel olarak memnun kaldım.,positive
Mikrofon kalitesi konuşmalarda iş görüyor ama çok üst seviye değil. Beklentimi büyük ölçüde karşıladı.,negative
Oyunlarda gecikme çok fark edilmiyor. Küçük eksikleri var ama genel deneyim iyi.,positive
Malzeme kalitesi iyi fakat daha sağlam hissedebilirdi. Çok üst seviye beklemeyenler için yeterli.,positive
Bluetooth bağlantısı genel olarak stabil ama bazen geç bağlanıyor. Günlük kullanım için rahatlıkla tercih edilebilir.,positive
Ses kalitesi günlük kullanım için gayet yeterli. Fiyatı biraz daha uygun olsa daha iyi olurdu.,positive
Bass performansı özellikle müzik dinlerken tatmin edici. Çok üst seviye beklemeyenler için yeterli.,positive
Film izlerken ses gecikmesi yaşamadım. Küçük eksikleri var ama genel deneyim iyi.,negative
Fiyatına göre alınabilecek mantıklı bir ürün. Çok üst seviye beklemeyenler için yeterli.,positive
Ses kalitesi günlük kullanım için gayet yeterli. Tekrar almayı düşünebilirim.,negative
Fiyatı biraz daha düşük olsa çok daha iyi olurdu. Fiyatı biraz daha uygun olsa daha iyi olurdu.,positive
Fiyatına göre alınabilecek mantıklı bir ürün. Beklentimi büyük ölçüde karşıladı.,positive
"Kulak pedleri yumuşak, uzun kullanımda avantaj sağlıyor. Genel olarak memnun kaldım.",positive
Bass performansı özellikle müzik dinlerken tatmin edici. Günlük kullanım için rahatlıkla tercih edilebilir.,positive
Tasarımı sade ve şık duruyor. Çok üst seviye beklemeyenler için yeterli.,positive
Dış ses yalıtımı kalabalık ortamlarda işe yarıyor. Uzun vadede performansını görmek lazım.,positive
Ses kalitesi günlük kullanım için gayet yeterli. Uzun vadede performansını görmek lazım.,positive
Şarj süresi beklentimi karşıladı. Benzer ürünlere göre başarılı buldum.,negative
"Kulak pedleri yumuşak, uzun kullanımda avantaj sağlıyor. Uzun vadede performansını görmek lazım.",positive
Mikrofon kalitesi konuşmalarda iş görüyor ama çok üst seviye değil. Küçük eksikleri var ama genel deneyim iyi.,positive
Malzeme kalitesi iyi fakat daha sağlam hissedebilirdi. Tekrar almayı düşünebilirim.,positive
Film izlerken ses gecikmesi yaşamadım. Benzer ürünlere göre başarılı buldum.,positive
Tasarımı sade ve şık duruyor. İlk izlenimim olumlu oldu.,positive
Fiyatı biraz daha düşük olsa çok daha iyi olurdu. Benzer ürünlere göre başarılı buldum.,positive
Kutu içeriği yeterli ve ürün düzgün paketlenmişti. Uzun vadede performansını görmek lazım.,positive
Ses kalitesi günlük kullanım için gayet yeterli. Genel olarak memnun kaldım.,positive
Oyunlarda gecikme çok fark edilmiyor. Benzer ürünlere göre başarılı buldum.,positive
Mikrofon kalitesi konuşmalarda iş görüyor ama çok üst seviye değil. Fiyatı biraz daha uygun olsa daha iyi olurdu.,positive
Kutu içeriği yeterli ve ürün düzgün paketlenmişti. Tekrar almayı düşünebilirim.,positive
Kutu içeriği yeterli ve ürün düzgün paketlenmişti. Küçük eksikleri var ama genel deneyim iyi.,negative
Malzeme kalitesi iyi fakat daha sağlam hissedebilirdi. İlk izlenimim olumlu oldu.,positive
Bluetooth bağlantısı genel olarak stabil ama bazen geç bağlanıyor. Benzer ürünlere göre başarılı buldum.,negative
Uzun kullanımda kulağı çok fazla rahatsız etmiyor. Tekrar almayı düşünebilirim.,positive
Tasarımı sade ve şık duruyor. Fiyatı biraz daha uygun olsa daha iyi olurdu.,positive
Genel olarak beklentimi karşıladı. Genel olarak memnun kaldım.,negative
Şarj süresi beklentimi karşıladı. Genel olarak memnun kaldım.,positive
Fiyatına göre alınabilecek mantıklı bir ürün. Küçük eksikleri var ama genel deneyim iyi.,positive
Uzun kullanımda kulağı çok fazla rahatsız etmiyor. Fiyatı biraz daha uygun olsa daha iyi olurdu.,positive
Ses seviyesi yüksek ama son seviyede biraz bozulma var. Genel olarak memnun kaldım.,positive
Şarj kutusu küçük olduğu için taşımak kolay. Tekrar almayı düşünebilirim.,positive
Bass performansı özellikle müzik dinlerken tatmin edici. Günlük kullanım için rahatlıkla tercih edilebilir.,positive
Ses seviyesi yüksek ama son seviyede biraz bozulma var. Günlük kullanım için rahatlıkla tercih edilebilir.,positive
Film izlerken ses gecikmesi yaşamadım. Çok üst seviye beklemeyenler için yeterli.,positive
Mikrofonu dış ortamda biraz zayıf kalabiliyor. Uzun vadede performansını görmek lazım.,positive
Film izlerken ses gecikmesi yaşamadım. Tekrar almayı düşünebilirim.,positive
Ses kalitesi günlük kullanım için gayet yeterli. Fiyatı biraz daha uygun olsa daha iyi olurdu.,positive
Bluetooth bağlantısı genel olarak stabil ama bazen geç bağlanıyor. Beklentimi büyük ölçüde karşıladı.,negative
"Kulak pedleri yumuşak, uzun kullanımda avantaj sağlıyor. Beklentimi büyük ölçüde karşıladı.",positive
Malzeme kalitesi iyi fakat daha sağlam hissedebilirdi. Fiyatı biraz daha uygun olsa daha iyi olurdu.,positive
Ses kalitesi günlük kullanım için gayet yeterli. Benzer ürünlere göre başarılı buldum.,positive
Malzeme kalitesi iyi fakat daha sağlam hissedebilirdi. Beklentimi büyük ölçüde karşıladı.,negative
Oyunlarda gecikme çok fark edilmiyor. Beklentimi büyük ölçüde karşıladı.,positive
Uzun kullanımda kulağı çok fazla rahatsız etmiyor. Genel olarak memnun kaldım.,positive
Dış ses yalıtımı kalabalık ortamlarda işe yarıyor. Uzun vadede performansını görmek lazım.,positive
Telefonla eşleştirme işlemi kolay oldu. Uzun vadede performansını görmek lazım.,positive
Oyunlarda gecikme çok fark edilmiyor. İlk izlenimim olumlu oldu.,positive
Kutu içeriği yeterli ve ürün düzgün paketlenmişti. İlk izlenimim olumlu oldu.,positive
"Kulak pedleri yumuşak, uzun kullanımda avantaj sağlıyor. Günlük kullanım için rahatlıkla tercih edilebilir.",positive
Fiyatı biraz daha düşük olsa çok daha iyi olurdu. Günlük kullanım için rahatlıkla tercih edilebilir.,positive
Ses seviyesi yüksek ama son seviyede biraz bozulma var. Tekrar almayı düşünebilirim.,positive
Genel olarak beklentimi karşıladı. Uzun vadede performansını görmek lazım.,positive
Genel olarak beklentimi karşıladı. Küçük eksikleri var ama genel deneyim iyi.,positive
Şarj kutusu küçük olduğu için taşımak kolay. İlk izlenimim olumlu oldu.,negative
Fiyatına göre alınabilecek mantıklı bir ürün. Uzun vadede performansını görmek lazım.,positive
Fiyatına göre alınabilecek mantıklı bir ürün. Uzun vadede performansını görmek lazım.,positive
Tasarımı sade ve şık duruyor. Genel olarak memnun kaldım.,positive
Uzun kullanımda kulağı çok fazla rahatsız etmiyor. İlk izlenimim olumlu oldu.,positive
Ses kalitesi günlük kullanım için gayet yeterli. Fiyatı biraz daha uygun olsa daha iyi olurdu.,negative
Film izlerken ses gecikmesi yaşamadım. Küçük eksikleri var ama genel deneyim iyi.,negative
Bluetooth bağlantısı genel olarak stabil ama bazen geç bağlanıyor. Beklentimi büyük ölçüde karşıladı.,negative
Uzun kullanımda bile eli çok yormuyor. Tekrar almayı düşünebilirim.,negative
Malzeme kalitesi fiyatına göre iyi. Beklentimi büyük ölçüde karşıladı.,positive
Malzeme kalitesi fiyatına göre iyi. Küçük eksikleri var ama genel deneyim iyi.,positive
Malzeme kalitesi fiyatına göre iyi. Küçük eksikleri var ama genel deneyim iyi.,negative
Uzun kullanımda bile eli çok yormuyor. Fiyatı biraz daha uygun olsa daha iyi olurdu.,negative
Sessiz tıklama bekleyenler için uygun olmayabilir. Küçük eksikleri var ama genel deneyim iyi.,positive
FPS oyunlarında kontrol hissi iyi. Uzun vadede performansını görmek lazım.,negative
Oyunlarda tepki süresi başarılı. Benzer ürünlere göre başarılı buldum.,positive
Yazılım desteği olsa daha iyi olurdu. Beklentimi büyük ölçüde karşıladı.,positive
Boyutu küçük elliler için daha uygun olabilir. Genel olarak memnun kaldım.,positive
RGB ışıklar tasarıma güzel bir hava katıyor. Uzun vadede performansını görmek lazım.,positive
DPI geçişleri pratik ve hızlı çalışıyor. Uzun vadede performansını görmek lazım.,positive
Tıklama hissi tok ve kaliteli. Genel olarak memnun kaldım.,positive
Sessiz tıklama bekleyenler için uygun olmayabilir. Günlük kullanım için rahatlıkla tercih edilebilir.,positive
Alt kaydırma yüzeyleri masada akıcı hareket ediyor. Küçük eksikleri var ama genel deneyim iyi.,positive
Scroll tekeri biraz sert ama alışılıyor. Genel olarak memnun kaldım.,positive
Uzun kullanımda bile eli çok yormuyor. Tekrar almayı düşünebilirim.,positive
Boyutu küçük elliler için daha uygun olabilir. Çok üst seviye beklemeyenler için yeterli.,positive
Tutuşu rahat ve ele iyi oturuyor. Genel olarak memnun kaldım.,positive
Sessiz tıklama bekleyenler için uygun olmayabilir. Çok üst seviye beklemeyenler için yeterli.,negative
FPS oyunlarında kontrol hissi iyi. İlk izlenimim olumlu oldu.,positive
Sessiz tıklama bekleyenler için uygun olmayabilir. Günlük kullanım için rahatlıkla tercih edilebilir.,positive
Kablo kalitesi iyi ama biraz daha esnek olabilirdi. Fiyatı biraz daha uygun olsa daha iyi olurdu.,positive
Alt kaydırma yüzeyleri masada akıcı hareket ediyor. Benzer ürünlere göre başarılı buldum.,positive
Fiyat performans açısından başarılı. Fiyatı biraz daha uygun olsa daha iyi olurdu.,positive
Alt kaydırma yüzeyleri masada akıcı hareket ediyor. İlk izlenimim olumlu oldu.,positive
Ağırlığı bana göre ideal. Çok üst seviye beklemeyenler için yeterli.,positive
Scroll tekeri biraz sert ama alışılıyor. Çok üst seviye beklemeyenler için yeterli.,positive
Yazılım desteği olsa daha iyi olurdu. Fiyatı biraz daha uygun olsa daha iyi olurdu.,negative
Ağırlığı bana göre ideal. Genel olarak memnun kaldım.,positive
Uzun kullanımda bile eli çok yormuyor. Beklentimi büyük ölçüde karşıladı.,positive
Uzun kullanımda bile eli çok yormuyor. Beklentimi büyük ölçüde karşıladı.,positive
Alt kaydırma yüzeyleri masada akıcı hareket ediyor. Fiyatı biraz daha uygun olsa daha iyi olurdu.,positive
Tasarımı sade ama şık duruyor. Küçük eksikleri var ama genel deneyim iyi.,positive
Scroll tekeri biraz sert ama alışılıyor. Küçük eksikleri var ama genel deneyim iyi.,positive
FPS oyunlarında kontrol hissi iyi. Genel olarak memnun kaldım.,negative
Alt kaydırma yüzeyleri masada akıcı hareket ediyor. Benzer ürünlere göre başarılı buldum.,positive
Tutuşu rahat ve ele iyi oturuyor. Beklentimi büyük ölçüde karşıladı.,positive
Yazılım desteği olsa daha iyi olurdu. Küçük eksikleri var ama genel deneyim iyi.,positive
Fiyat performans açısından başarılı. İlk izlenimim olumlu oldu.,positive
Tıklama hissi tok ve kaliteli. Genel olarak memnun kaldım.,positive
Tutuşu rahat ve ele iyi oturuyor. Günlük kullanım için rahatlıkla tercih edilebilir.,positive
Alt kaydırma yüzeyleri masada akıcı hareket ediyor. Benzer ürünlere göre başarılı buldum.,negative
Tasarımı sade ama şık duruyor. Uzun vadede performansını görmek lazım.,positive
Kablo kalitesi iyi ama biraz daha esnek olabilirdi. Günlük kullanım için rahatlıkla tercih edilebilir.,positive
Scroll tekeri biraz sert ama alışılıyor. Fiyatı biraz daha uygun olsa daha iyi olurdu.,negative
DPI geçişleri pratik ve hızlı çalışıyor. Çok üst seviye beklemeyenler için yeterli.,positive
Tutuşu rahat ve ele iyi oturuyor. Çok üst seviye beklemeyenler için yeterli.,positive
Günlük kullanım için de oldukça rahat. Tekrar almayı düşünebilirim.,positive
Tıklama hissi tok ve kaliteli. Günlük kullanım için rahatlıkla tercih edilebilir.,positive
RGB ışıklar tasarıma güzel bir hava katıyor. Genel olarak memnun kaldım.,positive
Uzun vadede dayanıklılığını görmek lazım. Günlük kullanım için rahatlıkla tercih edilebilir.,positive
Ağırlığı bana göre ideal. Fiyatı biraz daha uygun olsa daha iyi olurdu.,positive
Oyunlarda tepki süresi başarılı. Fiyatı biraz daha uygun olsa daha iyi olurdu.,positive
Kablo kalitesi iyi ama biraz daha esnek olabilirdi. Beklentimi büyük ölçüde karşıladı.,positive
DPI geçişleri pratik ve hızlı çalışıyor. Genel olarak memnun kaldım.,positive
FPS oyunlarında kontrol hissi iyi. Uzun vadede performansını görmek lazım.,negative
DPI geçişleri pratik ve hızlı çalışıyor. Tekrar almayı düşünebilirim.,positive
Uzun kullanımda bile eli çok yormuyor. Küçük eksikleri var ama genel deneyim iyi.,positive
Scroll tekeri biraz sert ama alışılıyor. Çok üst seviye beklemeyenler için yeterli.,positive
Uzun vadede dayanıklılığını görmek lazım. İlk izlenimim olumlu oldu.,positive
Uzun vadede dayanıklılığını görmek lazım. Genel olarak memnun kaldım.,positive
Oyunlarda tepki süresi başarılı. Tekrar almayı düşünebilirim.,positive
Alt kaydırma yüzeyleri masada akıcı hareket ediyor. Fiyatı biraz daha uygun olsa daha iyi olurdu.,positive
Boyutu küçük elliler için daha uygun olabilir. Uzun vadede performansını görmek lazım.,positive
Günlük kullanım için de oldukça rahat. Uzun vadede performansını görmek lazım.,positive
Sessiz tıklama bekleyenler için uygun olmayabilir. Tekrar almayı düşünebilirim.,positive
Tasarımı sade ama şık duruyor. Fiyatı biraz daha uygun olsa daha iyi olurdu.,positive
Uzun vadede dayanıklılığını görmek lazım. Benzer ürünlere göre başarılı buldum.,positive
Yazılım desteği olsa daha iyi olurdu. Genel olarak memnun kaldım.,positive
Uzun vadede dayanıklılığını görmek lazım. Benzer ürünlere göre başarılı buldum.,positive
Scroll tekeri biraz sert ama alışılıyor. Uzun vadede performansını görmek lazım.,positive
Tıklama hissi tok ve kaliteli. Benzer ürünlere göre başarılı buldum.,positive
Malzeme kalitesi fiyatına göre iyi. İlk izlenimim olumlu oldu.,positive
Scroll tekeri biraz sert ama alışılıyor. Çok üst seviye beklemeyenler için yeterli.,positive
Günlük kullanım için de oldukça rahat. Genel olarak memnun kaldım.,positive
Yazılım desteği olsa daha iyi olurdu. Fiyatı biraz daha uygun olsa daha iyi olurdu.,negative
Uzun vadede dayanıklılığını görmek lazım. Benzer ürünlere göre başarılı buldum.,positive
Boyutu küçük elliler için daha uygun olabilir. Tekrar almayı düşünebilirim.,positive
Boyutu küçük elliler için daha uygun olabilir. Küçük eksikleri var ama genel deneyim iyi.,positive
Yazılım desteği olsa daha iyi olurdu. Tekrar almayı düşünebilirim.,positive
Tasarımı sade ama şık duruyor. Uzun vadede performansını görmek lazım.,positive
Uzun vadede dayanıklılığını görmek lazım. Fiyatı biraz daha uygun olsa daha iyi olurdu.,positive
Scroll tekeri biraz sert ama alışılıyor. Beklentimi büyük ölçüde karşıladı.,positive
Tasarımı sade ama şık duruyor. Tekrar almayı düşünebilirim.,positive
RGB ışıklar tasarıma güzel bir hava katıyor. Tekrar almayı düşünebilirim.,positive
Yazılım desteği olsa daha iyi olurdu. İlk izlenimim olumlu oldu.,positive
Scroll tekeri biraz sert ama alışılıyor. Tekrar almayı düşünebilirim.,positive
Alt kaydırma yüzeyleri masada akıcı hareket ediyor. Küçük eksikleri var ama genel deneyim iyi.,positive
Malzeme kalitesi fiyatına göre iyi. Beklentimi büyük ölçüde karşıladı.,positive
RGB ışıklar tasarıma güzel bir hava katıyor. Benzer ürünlere göre başarılı buldum.,negative
Oyunlarda tepki süresi başarılı. Genel olarak memnun kaldım.,positive
DPI geçişleri pratik ve hızlı çalışıyor. Tekrar almayı düşünebilirim.,negative
Tasarımı sade ama şık duruyor. Tekrar almayı düşünebilirim.,positive
Kablo kalitesi iyi ama biraz daha esnek olabilirdi. Günlük kullanım için rahatlıkla tercih edilebilir.,positive
Yazılım desteği olsa daha iyi olurdu. Günlük kullanım için rahatlıkla tercih edilebilir.,positive
Ağırlığı bana göre ideal. Uzun vadede performansını görmek lazım.,positive
Tutuşu rahat ve ele iyi oturuyor. İlk izlenimim olumlu oldu.,positive
Scroll tekeri biraz sert ama alışılıyor. Günlük kullanım için rahatlıkla tercih edilebilir.,positive
Uzun vadede dayanıklılığını görmek lazım. Günlük kullanım için rahatlıkla tercih edilebilir.,negative
Uzun kullanımda bile eli çok yormuyor. Küçük eksikleri var ama genel deneyim iyi.,positive
Uzun vadede dayanıklılığını görmek lazım. Genel olarak memnun kaldım.,positive
Günlük kullanım için de oldukça rahat. Benzer ürünlere göre başarılı buldum.,positive
Alt kaydırma yüzeyleri masada akıcı hareket ediyor. İlk izlenimim olumlu oldu.,negative
Uzun kullanımda bile eli çok yormuyor. Çok üst seviye beklemeyenler için yeterli.,negative
Uzun kullanımda bile eli çok yormuyor. Günlük kullanım için rahatlıkla tercih edilebilir.,positive
Tasarımı sade ama şık duruyor. Tekrar almayı düşünebilirim.,negative
FPS oyunlarında kontrol hissi iyi. Uzun vadede performansını görmek lazım.,positive
Günlük kullanım için de oldukça rahat. Beklentimi büyük ölçüde karşıladı.,positive
Fiyat performans açısından başarılı. Çok üst seviye beklemeyenler için yeterli.,positive
Kablo kalitesi iyi ama biraz daha esnek olabilirdi. Beklentimi büyük ölçüde karşıladı.,positive
Tasarımı sade ama şık duruyor. Beklentimi büyük ölçüde karşıladı.,positive
Tutuşu rahat ve ele iyi oturuyor. Uzun vadede performansını görmek lazım.,positive
Kablosuz performansı beklediğimden daha stabil. Uzun vadede performansını görmek lazım.,positive
Ağırlığı bana göre ideal. Tekrar almayı düşünebilirim.,positive
Fiyat performans açısından başarılı. Uzun vadede performansını görmek lazım.,positive
Oyunlarda tepki süresi başarılı. Küçük eksikleri var ama genel deneyim iyi.,positive
Tıklama hissi tok ve kaliteli. Tekrar almayı düşünebilirim.,positive
RGB ışıklar tasarıma güzel bir hava katıyor. Küçük eksikleri var ama genel deneyim iyi.,positive
Boyutu küçük elliler için daha uygun olabilir. Uzun vadede performansını görmek lazım.,positive
DPI geçişleri pratik ve hızlı çalışıyor. Tekrar almayı düşünebilirim.,negative
Oyunlarda tepki süresi başarılı. Benzer ürünlere göre başarılı buldum.,positive
Boyutu küçük elliler için daha uygun olabilir. Çok üst seviye beklemeyenler için yeterli.,positive
Alt kaydırma yüzeyleri masada akıcı hareket ediyor. Beklentimi büyük ölçüde karşıladı.,positive
Tıklama hissi tok ve kaliteli. Uzun vadede performansını görmek lazım.,positive
Günlük kullanım için de oldukça rahat. Genel olarak memnun kaldım.,positive
Sessiz tıklama bekleyenler için uygun olmayabilir. Genel olarak memnun kaldım.,positive
Sessiz tıklama bekleyenler için uygun olmayabilir. Günlük kullanım için rahatlıkla tercih edilebilir.,positive
Yazılım desteği olsa daha iyi olurdu. Fiyatı biraz daha uygun olsa daha iyi olurdu.,positive
Oyunlarda tepki süresi başarılı. İlk izlenimim olumlu oldu.,negative
FPS oyunlarında kontrol hissi iyi. Çok üst seviye beklemeyenler için yeterli.,negative
Uzun kullanımda bile eli çok yormuyor. Genel olarak memnun kaldım.,negative
Uzun vadede dayanıklılığını görmek lazım. Genel olarak memnun kaldım.,positive
Scroll tekeri biraz sert ama alışılıyor. Küçük eksikleri var ama genel deneyim iyi.,positive
Tasarımı sade ama şık duruyor. Beklentimi büyük ölçüde karşıladı.,positive
Uzun kullanımda bile eli çok yormuyor. Uzun vadede performansını görmek lazım.,positive
Tıklama hissi tok ve kaliteli. Genel olarak memnun kaldım.,positive
RGB ışıklar tasarıma güzel bir hava katıyor. Fiyatı biraz daha uygun olsa daha iyi olurdu.,positive
Scroll tekeri biraz sert ama alışılıyor. Günlük kullanım için rahatlıkla tercih edilebilir.,positive
Oyunlarda tepki süresi başarılı. Çok üst seviye beklemeyenler için yeterli.,positive
Ağırlığı bana göre ideal. Tekrar almayı düşünebilirim.,positive
RGB ışıklar tasarıma güzel bir hava katıyor. Günlük kullanım için rahatlıkla tercih edilebilir.,positive
Kablosuz performansı beklediğimden daha stabil. Benzer ürünlere göre başarılı buldum.,positive
Tıklama hissi tok ve kaliteli. Çok üst seviye beklemeyenler için yeterli.,positive
Tasarımı sade ama şık duruyor. Beklentimi büyük ölçüde karşıladı.,negative
Kablosuz performansı beklediğimden daha stabil. Tekrar almayı düşünebilirim.,negative
Boyutu küçük elliler için daha uygun olabilir. Tekrar almayı düşünebilirim.,negative
Fiyat performans açısından başarılı. Küçük eksikleri var ama genel deneyim iyi.,positive
Sessiz tıklama bekleyenler için uygun olmayabilir. İlk izlenimim olumlu oldu.,positive
FPS oyunlarında kontrol hissi iyi. Çok üst seviye beklemeyenler için yeterli.,positive
Kablo kalitesi iyi ama biraz daha esnek olabilirdi. Tekrar almayı düşünebilirim.,negative
Alt kaydırma yüzeyleri masada akıcı hareket ediyor. Tekrar almayı düşünebilirim.,positive
Sessiz tıklama bekleyenler için uygun olmayabilir. Beklentimi büyük ölçüde karşıladı.,positive
Uzun vadede dayanıklılığını görmek lazım. Tekrar almayı düşünebilirim.,positive
Scroll tekeri biraz sert ama alışılıyor. Günlük kullanım için rahatlıkla tercih edilebilir.,positive
Boyutu küçük elliler için daha uygun olabilir. İlk izlenimim olumlu oldu.,positive
Uzun kullanımda bile eli çok yormuyor. Uzun vadede performansını görmek lazım.,positive
DPI geçişleri pratik ve hızlı çalışıyor. Küçük eksikleri var ama genel deneyim iyi.,positive
Tıklama hissi tok ve kaliteli. Çok üst seviye beklemeyenler için yeterli.,negative
Kablosuz performansı beklediğimden daha stabil. Benzer ürünlere göre başarılı buldum.,positive
Yazılım desteği olsa daha iyi olurdu. Tekrar almayı düşünebilirim.,positive
Scroll tekeri biraz sert ama alışılıyor. Uzun vadede performansını görmek lazım.,positive
FPS oyunlarında kontrol hissi iyi. Küçük eksikleri var ama genel deneyim iyi.,positive
Fiyat performans açısından başarılı. Fiyatı biraz daha uygun olsa daha iyi olurdu.,positive
Alt kaydırma yüzeyleri masada akıcı hareket ediyor. Günlük kullanım için rahatlıkla tercih edilebilir.,negative
Tıklama hissi tok ve kaliteli. Çok üst seviye beklemeyenler için yeterli.,positive
FPS oyunlarında kontrol hissi iyi. Tekrar almayı düşünebilirim.,positive
Tutuşu rahat ve ele iyi oturuyor. İlk izlenimim olumlu oldu.,negative
Fiyat performans açısından başarılı. Küçük eksikleri var ama genel deneyim iyi.,positive
Boyutu küçük elliler için daha uygun olabilir. Beklentimi büyük ölçüde karşıladı.,negative
Boyutu küçük elliler için daha uygun olabilir. Günlük kullanım için rahatlıkla tercih edilebilir.,negative
Tutuşu rahat ve ele iyi oturuyor. Günlük kullanım için rahatlıkla tercih edilebilir.,positive
Tıklama hissi tok ve kaliteli. Günlük kullanım için rahatlıkla tercih edilebilir.,positive
Oyunlarda tepki süresi başarılı. Küçük eksikleri var ama genel deneyim iyi.,positive
Boyutu küçük elliler için daha uygun olabilir. İlk izlenimim olumlu oldu.,positive
Scroll tekeri biraz sert ama alışılıyor. Uzun vadede performansını görmek lazım.,positive
Alt kaydırma yüzeyleri masada akıcı hareket ediyor. Çok üst seviye beklemeyenler için yeterli.,positive
Oyunlarda tepki süresi başarılı. Uzun vadede performansını görmek lazım.,positive
Malzeme kalitesi fiyatına göre iyi. Küçük eksikleri var ama genel deneyim iyi.,positive
Uzun vadede dayanıklılığını görmek lazım. Beklentimi büyük ölçüde karşıladı.,positive
Günlük kullanım için de oldukça rahat. Çok üst seviye beklemeyenler için yeterli.,negative
Günlük kullanım için de oldukça rahat. Çok üst seviye beklemeyenler için yeterli.,positive
DPI geçişleri pratik ve hızlı çalışıyor. Küçük eksikleri var ama genel deneyim iyi.,positive
Malzeme kalitesi fiyatına göre iyi. Genel olarak memnun kaldım.,positive
Oyunlarda tepki süresi başarılı. Fiyatı biraz daha uygun olsa daha iyi olurdu.,positive
Tasarımı sade ama şık duruyor. Beklentimi büyük ölçüde karşıladı.,positive
Tıklama hissi tok ve kaliteli. Tekrar almayı düşünebilirim.,positive
Kablosuz performansı beklediğimden daha stabil. Çok üst seviye beklemeyenler için yeterli.,negative
Uzun kullanımda bile eli çok yormuyor. Benzer ürünlere göre başarılı buldum.,positive
RGB ışıklar tasarıma güzel bir hava katıyor. Küçük eksikleri var ama genel deneyim iyi.,positive
DPI geçişleri pratik ve hızlı çalışıyor. Fiyatı biraz daha uygun olsa daha iyi olurdu.,negative
Oyunlarda tepki süresi başarılı. Benzer ürünlere göre başarılı buldum.,positive
DPI geçişleri pratik ve hızlı çalışıyor. Günlük kullanım için rahatlıkla tercih edilebilir.,positive
Boyutu küçük elliler için daha uygun olabilir. Benzer ürünlere göre başarılı buldum.,positive
Tasarımı sade ama şık duruyor. Çok üst seviye beklemeyenler için yeterli.,positive
Scroll tekeri biraz sert ama alışılıyor. Benzer ürünlere göre başarılı buldum.,negative
Malzeme kalitesi fiyatına göre iyi. Günlük kullanım için rahatlıkla tercih edilebilir.,positive
Oyunlarda tepki süresi başarılı. Çok üst seviye beklemeyenler için yeterli.,positive
Kablosuz performansı beklediğimden daha stabil. İlk izlenimim olumlu oldu.,positive
Oyunlarda tepki süresi başarılı. Benzer ürünlere göre başarılı buldum.,positive
Ağırlığı bana göre ideal. Çok üst seviye beklemeyenler için yeterli.,positive
Kablosuz performansı beklediğimden daha stabil. Küçük eksikleri var ama genel deneyim iyi.,positive
Oyunlarda tepki süresi başarılı. Genel olarak memnun kaldım.,positive
Scroll tekeri biraz sert ama alışılıyor. Uzun vadede performansını görmek lazım.,positive
Boyutu küçük elliler için daha uygun olabilir. Fiyatı biraz daha uygun olsa daha iyi olurdu.,negative
FPS oyunlarında kontrol hissi iyi. Günlük kullanım için rahatlıkla tercih edilebilir.,positive
Fiyat performans açısından başarılı. Genel olarak memnun kaldım.,positive
Boyutu küçük elliler için daha uygun olabilir. İlk izlenimim olumlu oldu.,positive
Kablo kalitesi iyi ama biraz daha esnek olabilirdi. Benzer ürünlere göre başarılı buldum.,positive
FPS oyunlarında kontrol hissi iyi. Genel olarak memnun kaldım.,positive
Fiyat performans açısından başarılı. Beklentimi büyük ölçüde karşıladı.,negative
Malzeme kalitesi fiyatına göre iyi. Benzer ürünlere göre başarılı buldum.,positive
Kablosuz performansı beklediğimden daha stabil. Benzer ürünlere göre başarılı buldum.,positive
Yazılım desteği olsa daha iyi olurdu. Genel olarak memnun kaldım.,positive
Tasarımı sade ama şık duruyor. Çok üst seviye beklemeyenler için yeterli.,positive
Malzeme kalitesi fiyatına göre iyi. Beklentimi büyük ölçüde karşıladı.,positive
Tasarımı sade ama şık duruyor. Uzun vadede performansını görmek lazım.,positive
Sessiz tıklama bekleyenler için uygun olmayabilir. İlk izlenimim olumlu oldu.,positive
Uzun vadede dayanıklılığını görmek lazım. Fiyatı biraz daha uygun olsa daha iyi olurdu.,negative
Sessiz tıklama bekleyenler için uygun olmayabilir. Tekrar almayı düşünebilirim.,positive
Kablosuz performansı beklediğimden daha stabil. Küçük eksikleri var ama genel deneyim iyi.,negative
Yazılım desteği olsa daha iyi olurdu. İlk izlenimim olumlu oldu.,positive
Kablosuz performansı beklediğimden daha stabil. Küçük eksikleri var ama genel deneyim iyi.,positive
DPI geçişleri pratik ve hızlı çalışıyor. Fiyatı biraz daha uygun olsa daha iyi olurdu.,negative
Tutuşu rahat ve ele iyi oturuyor. Fiyatı biraz daha uygun olsa daha iyi olurdu.,positive
Alt kaydırma yüzeyleri masada akıcı hareket ediyor. Günlük kullanım için rahatlıkla tercih edilebilir.,positive
Alt kaydırma yüzeyleri masada akıcı hareket ediyor. Genel olarak memnun kaldım.,positive
Sessiz tıklama bekleyenler için uygun olmayabilir. İlk izlenimim olumlu oldu.,negative
DPI geçişleri pratik ve hızlı çalışıyor. Beklentimi büyük ölçüde karşıladı.,positive
DPI geçişleri pratik ve hızlı çalışıyor. İlk izlenimim olumlu oldu.,positive
RGB ışıklar tasarıma güzel bir hava katıyor. Benzer ürünlere göre başarılı buldum.,positive
Sessiz tıklama bekleyenler için uygun olmayabilir. Uzun vadede performansını görmek lazım.,negative
Fiyat performans açısından başarılı. Benzer ürünlere göre başarılı buldum.,positive
Tıklama hissi tok ve kaliteli. Küçük eksikleri var ama genel deneyim iyi.,positive
Uzun kullanımda bile eli çok yormuyor. Genel olarak memnun kaldım.,positive
Fiyat performans açısından başarılı. Günlük kullanım için rahatlıkla tercih edilebilir.,positive
Boyutu küçük elliler için daha uygun olabilir. Küçük eksikleri var ama genel deneyim iyi.,positive
DPI geçişleri pratik ve hızlı çalışıyor. Uzun vadede performansını görmek lazım.,positive
Fiyat performans açısından başarılı. Tekrar almayı düşünebilirim.,negative
Kablo kalitesi iyi ama biraz daha esnek olabilirdi. Uzun vadede performansını görmek lazım.,positive
Malzeme kalitesi fiyatına göre iyi. Beklentimi büyük ölçüde karşıladı.,positive
Scroll tekeri biraz sert ama alışılıyor. Tekrar almayı düşünebilirim.,positive
Tasarımı sade ama şık duruyor. Fiyatı biraz daha uygun olsa daha iyi olurdu.,positive
Malzeme kalitesi fiyatına göre iyi. Fiyatı biraz daha uygun olsa daha iyi olurdu.,positive
Alt kaydırma yüzeyleri masada akıcı hareket ediyor. Uzun vadede performansını görmek lazım.,negative
RGB ışıklar tasarıma güzel bir hava katıyor. Tekrar almayı düşünebilirim.,positive
Boyutu küçük elliler için daha uygun olabilir. Benzer ürünlere göre başarılı buldum.,positive
Sessiz tıklama bekleyenler için uygun olmayabilir. Günlük kullanım için rahatlıkla tercih edilebilir.,negative
RGB ışıklar tasarıma güzel bir hava katıyor. Çok üst seviye beklemeyenler için yeterli.,positive
Uzun kullanımda bile eli çok yormuyor. Fiyatı biraz daha uygun olsa daha iyi olurdu.,positive
Günlük kullanım için de oldukça rahat. Beklentimi büyük ölçüde karşıladı.,positive
Malzeme kalitesi fiyatına göre iyi. Genel olarak memnun kaldım.,positive
Yazılım desteği olsa daha iyi olurdu. Uzun vadede performansını görmek lazım.,positive
Oyunlarda tepki süresi başarılı. Genel olarak memnun kaldım.,positive
Kablosuz performansı beklediğimden daha stabil. Uzun vadede performansını görmek lazım.,positive
Tutuşu rahat ve ele iyi oturuyor. Beklentimi büyük ölçüde karşıladı.,positive
FPS oyunlarında kontrol hissi iyi. Küçük eksikleri var ama genel deneyim iyi.,positive
Tasarımı sade ama şık duruyor. Beklentimi büyük ölçüde karşıladı.,positive
Günlük kullanım için de oldukça rahat. İlk izlenimim olumlu oldu.,positive
Alt kaydırma yüzeyleri masada akıcı hareket ediyor. Küçük eksikleri var ama genel deneyim iyi.,positive
Kablosuz performansı beklediğimden daha stabil. Tekrar almayı düşünebilirim.,negative
Fiyat performans açısından başarılı. Günlük kullanım için rahatlıkla tercih edilebilir.,negative
RGB ışıklar tasarıma güzel bir hava katıyor. Beklentimi büyük ölçüde karşıladı.,positive
FPS oyunlarında kontrol hissi iyi. Uzun vadede performansını görmek lazım.,positive
Uzun kullanımda bile eli çok yormuyor. Tekrar almayı düşünebilirim.,positive
Uzun vadede dayanıklılığını görmek lazım. Günlük kullanım için rahatlıkla tercih edilebilir.,positive
Tıklama hissi tok ve kaliteli. Genel olarak memnun kaldım.,negative
Scroll tekeri biraz sert ama alışılıyor. Tekrar almayı düşünebilirim.,positive
Boyutu küçük elliler için daha uygun olabilir. Tekrar almayı düşünebilirim.,positive
Uzun vadede dayanıklılığını görmek lazım. Tekrar almayı düşünebilirim.,positive
Malzeme kalitesi fiyatına göre iyi. Çok üst seviye beklemeyenler için yeterli.,positive
DPI geçişleri pratik ve hızlı çalışıyor. Küçük eksikleri var ama genel deneyim iyi.,positive
Sessiz tıklama bekleyenler için uygun olmayabilir. Tekrar almayı düşünebilirim.,negative
Kablo kalitesi iyi ama biraz daha esnek olabilirdi. Beklentimi büyük ölçüde karşıladı.,positive
Kablosuz performansı beklediğimden daha stabil. Küçük eksikleri var ama genel deneyim iyi.,positive
Tasarımı sade ama şık duruyor. Tekrar almayı düşünebilirim.,negative
Yazılım desteği olsa daha iyi olurdu. Küçük eksikleri var ama genel deneyim iyi.,positive
Tutuşu rahat ve ele iyi oturuyor. Beklentimi büyük ölçüde karşıladı.,positive
Fiyat performans açısından başarılı. Fiyatı biraz daha uygun olsa daha iyi olurdu.,positive
Ağırlığı bana göre ideal. Benzer ürünlere göre başarılı buldum.,negative
Ağırlığı bana göre ideal. Benzer ürünlere göre başarılı buldum.,positive
Tıklama hissi tok ve kaliteli. İlk izlenimim olumlu oldu.,positive
Uzun kullanımda bile eli çok yormuyor. Fiyatı biraz daha uygun olsa daha iyi olurdu.,positive
FPS oyunlarında kontrol hissi iyi. Küçük eksikleri var ama genel deneyim iyi.,positive
Boyutu küçük elliler için daha uygun olabilir. Günlük kullanım için rahatlıkla tercih edilebilir.,positive
Kablosuz performansı beklediğimden daha stabil. Çok üst seviye beklemeyenler için yeterli.,negative
Uzun kullanımda bile eli çok yormuyor. Benzer ürünlere göre başarılı buldum.,positive
Boyutu küçük elliler için daha uygun olabilir. Genel olarak memnun kaldım.,positive
RGB ışıklar tasarıma güzel bir hava katıyor. Günlük kullanım için rahatlıkla tercih edilebilir.,positive
Uzun vadede dayanıklılığını görmek lazım. Benzer ürünlere göre başarılı buldum.,positive
Malzeme kalitesi fiyatına göre iyi. Genel olarak memnun kaldım.,positive
Scroll tekeri biraz sert ama alışılıyor. Günlük kullanım için rahatlıkla tercih edilebilir.,negative
Yazılım desteği olsa daha iyi olurdu. Günlük kullanım için rahatlıkla tercih edilebilir.,positive
DPI geçişleri pratik ve hızlı çalışıyor. Küçük eksikleri var ama genel deneyim iyi.,positive
Fiyat performans açısından başarılı. Küçük eksikleri var ama genel deneyim iyi.,positive
Günlük kullanım için de oldukça rahat. Uzun vadede performansını görmek lazım.,negative
Alt kaydırma yüzeyleri masada akıcı hareket ediyor. İlk izlenimim olumlu oldu.,positive
Boyutu küçük elliler için daha uygun olabilir. Benzer ürünlere göre başarılı buldum.,positive
Tutuşu rahat ve ele iyi oturuyor. Beklentimi büyük ölçüde karşıladı.,positive
Kablo kalitesi iyi ama biraz daha esnek olabilirdi. İlk izlenimim olumlu oldu.,positive
Tasarımı sade ama şık duruyor. Uzun vadede performansını görmek lazım.,positive
DPI geçişleri pratik ve hızlı çalışıyor. Fiyatı biraz daha uygun olsa daha iyi olurdu.,negative
Fiyat performans açısından başarılı. Uzun vadede performansını görmek lazım.,positive
Scroll tekeri biraz sert ama alışılıyor. Fiyatı biraz daha uygun olsa daha iyi olurdu.,positive
DPI geçişleri pratik ve hızlı çalışıyor. Fiyatı biraz daha uygun olsa daha iyi olurdu.,positive
Fiyat performans açısından başarılı. Benzer ürünlere göre başarılı buldum.,positive
Tıklama hissi tok ve kaliteli. Küçük eksikleri var ama genel deneyim iyi.,positive
Oyunlarda tepki süresi başarılı. Günlük kullanım için rahatlıkla tercih edilebilir.,positive
RGB ışıklar tasarıma güzel bir hava katıyor. Beklentimi büyük ölçüde karşıladı.,positive
Kablo kalitesi iyi ama biraz daha esnek olabilirdi. Günlük kullanım için rahatlıkla tercih edilebilir.,negative
Uzun vadede dayanıklılığını görmek lazım. Fiyatı biraz daha uygun olsa daha iyi olurdu.,positive
FPS oyunlarında kontrol hissi iyi. Küçük eksikleri var ama genel deneyim iyi.,positive
Yazılım desteği olsa daha iyi olurdu. Çok üst seviye beklemeyenler için yeterli.,positive
Sessiz tıklama bekleyenler için uygun olmayabilir. Beklentimi büyük ölçüde karşıladı.,positive
Ağırlığı bana göre ideal. Benzer ürünlere göre başarılı buldum.,positive
Uzun vadede dayanıklılığını görmek lazım. Fiyatı biraz daha uygun olsa daha iyi olurdu.,negative
Tasarımı sade ama şık duruyor. Küçük eksikleri var ama genel deneyim iyi.,negative
Tasarımı sade ama şık duruyor. Beklentimi büyük ölçüde karşıladı.,positive
Kablo kalitesi iyi ama biraz daha esnek olabilirdi. Genel olarak memnun kaldım.,positive
Tutuşu rahat ve ele iyi oturuyor. Benzer ürünlere göre başarılı buldum.,positive
Ağırlığı bana göre ideal. İlk izlenimim olumlu oldu.,positive
FPS oyunlarında kontrol hissi iyi. İlk izlenimim olumlu oldu.,positive
FPS oyunlarında kontrol hissi iyi. Çok üst seviye beklemeyenler için yeterli.,positive
Uzun kullanımda bile eli çok yormuyor. Genel olarak memnun kaldım.,positive
Kablo kalitesi iyi ama biraz daha esnek olabilirdi. Çok üst seviye beklemeyenler için yeterli.,positive
Günlük kullanım için de oldukça rahat. Benzer ürünlere göre başarılı buldum.,negative
Scroll tekeri biraz sert ama alışılıyor. Uzun vadede performansını görmek lazım.,negative
Scroll tekeri biraz sert ama alışılıyor. Fiyatı biraz daha uygun olsa daha iyi olurdu.,positive
Alt kaydırma yüzeyleri masada akıcı hareket ediyor. Tekrar almayı düşünebilirim.,positive
Günlük kullanım için de oldukça rahat. Genel olarak memnun kaldım.,positive
Boyutu küçük elliler için daha uygun olabilir. Benzer ürünlere göre başarılı buldum.,positive
DPI geçişleri pratik ve hızlı çalışıyor. Fiyatı biraz daha uygun olsa daha iyi olurdu.,positive
Kablosuz performansı beklediğimden daha stabil. Fiyatı biraz daha uygun olsa daha iyi olurdu.,negative
Uzun kullanımda bile eli çok yormuyor. Günlük kullanım için rahatlıkla tercih edilebilir.,positive
Boyutu küçük elliler için daha uygun olabilir. Uzun vadede performansını görmek lazım.,positive
Uzun vadede dayanıklılığını görmek lazım. Fiyatı biraz daha uygun olsa daha iyi olurdu.,positive
Fiyat performans açısından başarılı. Uzun vadede performansını görmek lazım.,negative
Malzeme kalitesi fiyatına göre iyi. Çok üst seviye beklemeyenler için yeterli.,positive
Tasarımı sade ama şık duruyor. Çok üst seviye beklemeyenler için yeterli.,negative
Tasarımı sade ama şık duruyor. Genel olarak memnun kaldım.,positive
Tasarımı sade ama şık duruyor. İlk izlenimim olumlu oldu.,positive
Alt kaydırma yüzeyleri masada akıcı hareket ediyor. Beklentimi büyük ölçüde karşıladı.,positive
Ağırlığı bana göre ideal. Uzun vadede performansını görmek lazım.,positive
Fiyat performans açısından başarılı. Çok üst seviye beklemeyenler için yeterli.,positive
Malzeme kalitesi fiyatına göre iyi. Fiyatı biraz daha uygun olsa daha iyi olurdu.,positive
DPI geçişleri pratik ve hızlı çalışıyor. Fiyatı biraz daha uygun olsa daha iyi olurdu.,positive
RGB ışıklar tasarıma güzel bir hava katıyor. Fiyatı biraz daha uygun olsa daha iyi olurdu.,positive
Kablo kalitesi iyi ama biraz daha esnek olabilirdi. Tekrar almayı düşünebilirim.,positive
Yazılım desteği olsa daha iyi olurdu. Çok üst seviye beklemeyenler için yeterli.,negative
Ağırlığı bana göre ideal. Günlük kullanım için rahatlıkla tercih edilebilir.,negative
RGB ışıklar tasarıma güzel bir hava katıyor. Küçük eksikleri var ama genel deneyim iyi.,negative
Fiyat performans açısından başarılı. Uzun vadede performansını görmek lazım.,positive
Uzun vadede dayanıklılığını görmek lazım. Genel olarak memnun kaldım.,positive
DPI geçişleri pratik ve hızlı çalışıyor. Günlük kullanım için rahatlıkla tercih edilebilir.,positive
RGB ışıklar tasarıma güzel bir hava katıyor. Uzun vadede performansını görmek lazım.,negative
DPI geçişleri pratik ve hızlı çalışıyor. Uzun vadede performansını görmek lazım.,positive
Uzun vadede dayanıklılığını görmek lazım. İlk izlenimim olumlu oldu.,positive
Sessiz tıklama bekleyenler için uygun olmayabilir. Çok üst seviye beklemeyenler için yeterli.,positive
Kablo kalitesi iyi ama biraz daha esnek olabilirdi. Tekrar almayı düşünebilirim.,positive
DPI geçişleri pratik ve hızlı çalışıyor. Çok üst seviye beklemeyenler için yeterli.,positive
Boyutu küçük elliler için daha uygun olabilir. Tekrar almayı düşünebilirim.,positive
Malzeme kalitesi fiyatına göre iyi. Tekrar almayı düşünebilirim.,negative
Fiyat performans açısından başarılı. Genel olarak memnun kaldım.,positive
DPI geçişleri pratik ve hızlı çalışıyor. Çok üst seviye beklemeyenler için yeterli.,positive
Fiyat performans açısından başarılı. Genel olarak memnun kaldım.,negative
Sessiz tıklama bekleyenler için uygun olmayabilir. Genel olarak memnun kaldım.,positive
Kablo kalitesi iyi ama biraz daha esnek olabilirdi. Uzun vadede performansını görmek lazım.,negative
Yazılım desteği olsa daha iyi olurdu. Çok üst seviye beklemeyenler için yeterli.,negative
Yazılım desteği olsa daha iyi olurdu. Günlük kullanım için rahatlıkla tercih edilebilir.,negative
Fiyat performans açısından başarılı. Çok üst seviye beklemeyenler için yeterli.,positive
Tutuşu rahat ve ele iyi oturuyor. Çok üst seviye beklemeyenler için yeterli.,positive
Yazılım desteği olsa daha iyi olurdu. Küçük eksikleri var ama genel deneyim iyi.,positive
Günlük kullanım için de oldukça rahat. Fiyatı biraz daha uygun olsa daha iyi olurdu.,positive
Malzeme kalitesi fiyatına göre iyi. Benzer ürünlere göre başarılı buldum.,positive
Malzeme kalitesi fiyatına göre iyi. Uzun vadede performansını görmek lazım.,negative
DPI geçişleri pratik ve hızlı çalışıyor. Günlük kullanım için rahatlıkla tercih edilebilir.,positive
Kablosuz performansı beklediğimden daha stabil. Beklentimi büyük ölçüde karşıladı.,positive
Kablosuz performansı beklediğimden daha stabil. İlk izlenimim olumlu oldu.,positive
Oyunlarda tepki süresi başarılı. Beklentimi büyük ölçüde karşıladı.,positive
Kablosuz performansı beklediğimden daha stabil. Beklentimi büyük ölçüde karşıladı.,positive
Scroll tekeri biraz sert ama alışılıyor. Tekrar almayı düşünebilirim.,positive
Ağırlığı bana göre ideal. Günlük kullanım için rahatlıkla tercih edilebilir.,negative
Malzeme kalitesi fiyatına göre iyi. Günlük kullanım için rahatlıkla tercih edilebilir.,positive
Malzeme kalitesi fiyatına göre iyi. İlk izlenimim olumlu oldu.,negative
Oyunlarda tepki süresi başarılı. Günlük kullanım için rahatlıkla tercih edilebilir.,positive
Tıklama hissi tok ve kaliteli. İlk izlenimim olumlu oldu.,positive
Tasarımı sade ama şık duruyor. İlk izlenimim olumlu oldu.,positive
Malzeme kalitesi fiyatına göre iyi. Tekrar almayı düşünebilirim.,positive
Tıklama hissi tok ve kaliteli. Uzun vadede performansını görmek lazım.,positive
Scroll tekeri biraz sert ama alışılıyor. Fiyatı biraz daha uygun olsa daha iyi olurdu.,positive
Oyunlarda tepki süresi başarılı. Tekrar almayı düşünebilirim.,positive
Kablo kalitesi iyi ama biraz daha esnek olabilirdi. Fiyatı biraz daha uygun olsa daha iyi olurdu.,positive
Alt kaydırma yüzeyleri masada akıcı hareket ediyor. Küçük eksikleri var ama genel deneyim iyi.,positive
Uzun kullanımda bile eli çok yormuyor. Küçük eksikleri var ama genel deneyim iyi.,positive
Tasarımı sade ama şık duruyor. İlk izlenimim olumlu oldu.,positive
Oyunlarda tepki süresi başarılı. Beklentimi büyük ölçüde karşıladı.,positive
Alt kaydırma yüzeyleri masada akıcı hareket ediyor. Benzer ürünlere göre başarılı buldum.,positive
Kablo kalitesi iyi ama biraz daha esnek olabilirdi. Tekrar almayı düşünebilirim.,positive
Boyutu küçük elliler için daha uygun olabilir. Fiyatı biraz daha uygun olsa daha iyi olurdu.,negative
Tasarımı sade ama şık duruyor. Beklentimi büyük ölçüde karşıladı.,positive
Tıklama hissi tok ve kaliteli. Genel olarak memnun kaldım.,negative
Tıklama hissi tok ve kaliteli. Küçük eksikleri var ama genel deneyim iyi.,positive
Oyunlarda tepki süresi başarılı. Küçük eksikleri var ama genel deneyim iyi.,negative
Scroll tekeri biraz sert ama alışılıyor. Genel olarak memnun kaldım.,positive
Günlük kullanım için de oldukça rahat. Genel olarak memnun kaldım.,positive
Kablo kalitesi iyi ama biraz daha esnek olabilirdi. Benzer ürünlere göre başarılı buldum.,positive
DPI geçişleri pratik ve hızlı çalışıyor. Genel olarak memnun kaldım.,positive
Günlük kullanım için de oldukça rahat. Uzun vadede performansını görmek lazım.,positive
RGB ışıklar tasarıma güzel bir hava katıyor. Beklentimi büyük ölçüde karşıladı.,negative
Uzun kullanımda bile eli çok yormuyor. Çok üst seviye beklemeyenler için yeterli.,positive
Ağırlığı bana göre ideal. Genel olarak memnun kaldım.,positive
Fiyat performans açısından başarılı. Tekrar almayı düşünebilirim.,positive
Alt kaydırma yüzeyleri masada akıcı hareket ediyor. Günlük kullanım için rahatlıkla tercih edilebilir.,positive
Sessiz tıklama bekleyenler için uygun olmayabilir. Günlük kullanım için rahatlıkla tercih edilebilir.,positive
Scroll tekeri biraz sert ama alışılıyor. İlk izlenimim olumlu oldu.,positive
DPI geçişleri pratik ve hızlı çalışıyor. Günlük kullanım için rahatlıkla tercih edilebilir.,positive
FPS oyunlarında kontrol hissi iyi. Günlük kullanım için rahatlıkla tercih edilebilir.,positive
Kablosuz performansı beklediğimden daha stabil. Günlük kullanım için rahatlıkla tercih edilebilir.,positive
DPI geçişleri pratik ve hızlı çalışıyor. İlk izlenimim olumlu oldu.,positive
Scroll tekeri biraz sert ama alışılıyor. Küçük eksikleri var ama genel deneyim iyi.,positive
Kablo kalitesi iyi ama biraz daha esnek olabilirdi. Uzun vadede performansını görmek lazım.,positive
Sessiz tıklama bekleyenler için uygun olmayabilir. Fiyatı biraz daha uygun olsa daha iyi olurdu.,positive
FPS oyunlarında kontrol hissi iyi. Tekrar almayı düşünebilirim.,negative
Malzeme kalitesi fiyatına göre iyi. İlk izlenimim olumlu oldu.,positive
Scroll tekeri biraz sert ama alışılıyor. Uzun vadede performansını görmek lazım.,negative
Uzun kullanımda bile eli çok yormuyor. İlk izlenimim olumlu oldu.,positive
Scroll tekeri biraz sert ama alışılıyor. İlk izlenimim olumlu oldu.,positive
RGB ışıklar tasarıma güzel bir hava katıyor. Benzer ürünlere göre başarılı buldum.,positive
Uzun vadede dayanıklılığını görmek lazım. Tekrar almayı düşünebilirim.,positive
Alt kaydırma yüzeyleri masada akıcı hareket ediyor. Küçük eksikleri var ama genel deneyim iyi.,negative
Tıklama hissi tok ve kaliteli. İlk izlenimim olumlu oldu.,positive
RGB ışıklar tasarıma güzel bir hava katıyor. Benzer ürünlere göre başarılı buldum.,positive
Ağırlığı bana göre ideal. Küçük eksikleri var ama genel deneyim iyi.,positive
Malzeme kalitesi fiyatına göre iyi. Beklentimi büyük ölçüde karşıladı.,positive
Tıklama hissi tok ve kaliteli. İlk izlenimim olumlu oldu.,positive
DPI geçişleri pratik ve hızlı çalışıyor. Küçük eksikleri var ama genel deneyim iyi.,positive
Günlük kullanım için de oldukça rahat. Günlük kullanım için rahatlıkla tercih edilebilir.,positive
Kablosuz performansı beklediğimden daha stabil. İlk izlenimim olumlu oldu.,positive
Tıklama hissi tok ve kaliteli. Genel olarak memnun kaldım.,negative
Günlük kullanım için de oldukça rahat. Çok üst seviye beklemeyenler için yeterli.,positive
Uzun kullanımda bile eli çok yormuyor. Beklentimi büyük ölçüde karşıladı.,positive
RGB ışıklar tasarıma güzel bir hava katıyor. Uzun vadede performansını görmek lazım.,positive
Uzun vadede dayanıklılığını görmek lazım. Fiyatı biraz daha uygun olsa daha iyi olurdu.,negative
FPS oyunlarında kontrol hissi iyi. Uzun vadede performansını görmek lazım.,positive
Alt kaydırma yüzeyleri masada akıcı hareket ediyor. Fiyatı biraz daha uygun olsa daha iyi olurdu.,positive
Sessiz tıklama bekleyenler için uygun olmayabilir. Tekrar almayı düşünebilirim.,positive
Kablo kalitesi iyi ama biraz daha esnek olabilirdi. Fiyatı biraz daha uygun olsa daha iyi olurdu.,negative
Uzun vadede dayanıklılığını görmek lazım. İlk izlenimim olumlu oldu.,positive
RGB ışıklar tasarıma güzel bir hava katıyor. Benzer ürünlere göre başarılı buldum.,positive
Yazılım desteği olsa daha iyi olurdu. Çok üst seviye beklemeyenler için yeterli.,positive
Uzun kullanımda bile eli çok yormuyor. Uzun vadede performansını görmek lazım.,positive
Boyutu küçük elliler için daha uygun olabilir. Küçük eksikleri var ama genel deneyim iyi.,positive
Sessiz tıklama bekleyenler için uygun olmayabilir. Uzun vadede performansını görmek lazım.,positive
Oyunlarda tepki süresi başarılı. Çok üst seviye beklemeyenler için yeterli.,positive
Yazılım desteği olsa daha iyi olurdu. Tekrar almayı düşünebilirim.,positive
Kablo kalitesi iyi ama biraz daha esnek olabilirdi. Günlük kullanım için rahatlıkla tercih edilebilir.,positive
Tasarımı sade ama şık duruyor. Genel olarak memnun kaldım.,positive
DPI geçişleri pratik ve hızlı çalışıyor. Genel olarak memnun kaldım.,positive
Alt kaydırma yüzeyleri masada akıcı hareket ediyor. Benzer ürünlere göre başarılı buldum.,positive
FPS oyunlarında kontrol hissi iyi. Küçük eksikleri var ama genel deneyim iyi.,negative
FPS oyunlarında kontrol hissi iyi. Küçük eksikleri var ama genel deneyim iyi.,positive
Kablosuz performansı beklediğimden daha stabil. Benzer ürünlere göre başarılı buldum.,positive
Kablosuz performansı beklediğimden daha stabil. Uzun vadede performansını görmek lazım.,positive
FPS oyunlarında kontrol hissi iyi. Benzer ürünlere göre başarılı buldum.,positive
Ağırlığı bana göre ideal. Fiyatı biraz daha uygun olsa daha iyi olurdu.,negative
FPS oyunlarında kontrol hissi iyi. Tekrar almayı düşünebilirim.,positive
Malzeme kalitesi fiyatına göre iyi. Çok üst seviye beklemeyenler için yeterli.,positive
Günlük kullanım için de oldukça rahat. Tekrar almayı düşünebilirim.,positive
RGB ışıklar tasarıma güzel bir hava katıyor. Çok üst seviye beklemeyenler için yeterli.,negative
Alt kaydırma yüzeyleri masada akıcı hareket ediyor. Tekrar almayı düşünebilirim.,positive
Scroll tekeri biraz sert ama alışılıyor. Fiyatı biraz daha uygun olsa daha iyi olurdu.,positive
Fiyat performans açısından başarılı. İlk izlenimim olumlu oldu.,positive
Fiyat performans açısından başarılı. Küçük eksikleri var ama genel deneyim iyi.,positive
Günlük kullanım için de oldukça rahat. Uzun vadede performansını görmek lazım.,negative
Scroll tekeri biraz sert ama alışılıyor. Fiyatı biraz daha uygun olsa daha iyi olurdu.,positive
Günlük kullanım için de oldukça rahat. Tekrar almayı düşünebilirim.,negative
Sessiz tıklama bekleyenler için uygun olmayabilir. Çok üst seviye beklemeyenler için yeterli.,positive
Sessiz tıklama bekleyenler için uygun olmayabilir. Günlük kullanım için rahatlıkla tercih edilebilir.,negative
Uzun kullanımda bile eli çok yormuyor. Beklentimi büyük ölçüde karşıladı.,positive
Tıklama hissi tok ve kaliteli. İlk izlenimim olumlu oldu.,positive
Günlük kullanım için de oldukça rahat. Benzer ürünlere göre başarılı buldum.,positive
Uzun kullanımda bile eli çok yormuyor. Genel olarak memnun kaldım.,positive
FPS oyunlarında kontrol hissi iyi. Tekrar almayı düşünebilirim.,negative
Uzun vadede dayanıklılığını görmek lazım. Uzun vadede performansını görmek lazım.,positive
Ağırlığı bana göre ideal. Tekrar almayı düşünebilirim.,positive
Sessiz tıklama bekleyenler için uygun olmayabilir. Tekrar almayı düşünebilirim.,positive
Ağırlığı bana göre ideal. Günlük kullanım için rahatlıkla tercih edilebilir.,positive
Tasarımı sade ama şık duruyor. İlk izlenimim olumlu oldu.,negative
FPS oyunlarında kontrol hissi iyi. Çok üst seviye beklemeyenler için yeterli.,positive
Scroll tekeri biraz sert ama alışılıyor. Beklentimi büyük ölçüde karşıladı.,negative
Oyunlarda tepki süresi başarılı. Benzer ürünlere göre başarılı buldum.,positive
Scroll tekeri biraz sert ama alışılıyor. Genel olarak memnun kaldım.,positive
Fiyat performans açısından başarılı. Benzer ürünlere göre başarılı buldum.,negative
DPI geçişleri pratik ve hızlı çalışıyor. Genel olarak memnun kaldım.,positive
Kablosuz performansı beklediğimden daha stabil. Uzun vadede performansını görmek lazım.,positive
Malzeme kalitesi fiyatına göre iyi. Tekrar almayı düşünebilirim.,positive
Uzun vadede dayanıklılığını görmek lazım. Günlük kullanım için rahatlıkla tercih edilebilir.,positive
Oyunlarda tepki süresi başarılı. Küçük eksikleri var ama genel deneyim iyi.,positive
Alt kaydırma yüzeyleri masada akıcı hareket ediyor. Küçük eksikleri var ama genel deneyim iyi.,positive
DPI geçişleri pratik ve hızlı çalışıyor. Günlük kullanım için rahatlıkla tercih edilebilir.,positive
Günlük kullanım için de oldukça rahat. Çok üst seviye beklemeyenler için yeterli.,positive
Tutuşu rahat ve ele iyi oturuyor. Benzer ürünlere göre başarılı buldum.,negative
RGB ışıklar tasarıma güzel bir hava katıyor. Uzun vadede performansını görmek lazım.,positive
Uzun vadede dayanıklılığını görmek lazım. Çok üst seviye beklemeyenler için yeterli.,negative
Fiyat performans açısından başarılı. Çok üst seviye beklemeyenler için yeterli.,positive
Scroll tekeri biraz sert ama alışılıyor. Uzun vadede performansını görmek lazım.,positive
Yazılım desteği olsa daha iyi olurdu. Uzun vadede performansını görmek lazım.,positive
Malzeme kalitesi fiyatına göre iyi. Küçük eksikleri var ama genel deneyim iyi.,positive
Uzun kullanımda bile eli çok yormuyor. Fiyatı biraz daha uygun olsa daha iyi olurdu.,positive
Fiyat performans açısından başarılı. Küçük eksikleri var ama genel deneyim iyi.,positive
FPS oyunlarında kontrol hissi iyi. Genel olarak memnun kaldım.,positive
Oyunlarda tepki süresi başarılı. Uzun vadede performansını görmek lazım.,positive
Tıklama hissi tok ve kaliteli. Küçük eksikleri var ama genel deneyim iyi.,positive
Oyunlarda tepki süresi başarılı. Beklentimi büyük ölçüde karşıladı.,positive
Kablo kalitesi iyi ama biraz daha esnek olabilirdi. Genel olarak memnun kaldım.,positive
Sessiz tıklama bekleyenler için uygun olmayabilir. Beklentimi büyük ölçüde karşıladı.,positive
Kablosuz performansı beklediğimden daha stabil. Benzer ürünlere göre başarılı buldum.,negative
Uzun kullanımda bile eli çok yormuyor. Çok üst seviye beklemeyenler için yeterli.,positive
Ağırlığı bana göre ideal. Fiyatı biraz daha uygun olsa daha iyi olurdu.,positive
Yazılım desteği olsa daha iyi olurdu. Günlük kullanım için rahatlıkla tercih edilebilir.,negative
Tıklama hissi tok ve kaliteli. Fiyatı biraz daha uygun olsa daha iyi olurdu.,positive
Boyutu küçük elliler için daha uygun olabilir. Küçük eksikleri var ama genel deneyim iyi.,positive
RGB ışıklar tasarıma güzel bir hava katıyor. Tekrar almayı düşünebilirim.,positive
Günlük kullanım için de oldukça rahat. Günlük kullanım için rahatlıkla tercih edilebilir.,positive
Scroll tekeri biraz sert ama alışılıyor. Çok üst seviye beklemeyenler için yeterli.,negative
FPS oyunlarında kontrol hissi iyi. Benzer ürünlere göre başarılı buldum.,negative
Tıklama hissi tok ve kaliteli. Genel olarak memnun kaldım.,positive
Ağırlığı bana göre ideal. Benzer ürünlere göre başarılı buldum.,positive
Uzun vadede dayanıklılığını görmek lazım. Genel olarak memnun kaldım.,positive
Kablosuz performansı beklediğimden daha stabil. Tekrar almayı düşünebilirim.,positive
Tutuşu rahat ve ele iyi oturuyor. Uzun vadede performansını görmek lazım.,positive
Alt kaydırma yüzeyleri masada akıcı hareket ediyor. Beklentimi büyük ölçüde karşıladı.,positive
Boyutu küçük elliler için daha uygun olabilir. Günlük kullanım için rahatlıkla tercih edilebilir.,positive
Uzun vadede dayanıklılığını görmek lazım. Fiyatı biraz daha uygun olsa daha iyi olurdu.,positive
Tıklama hissi tok ve kaliteli. Küçük eksikleri var ama genel deneyim iyi.,positive
Yazılım desteği olsa daha iyi olurdu. Fiyatı biraz daha uygun olsa daha iyi olurdu.,positive
Tıklama hissi tok ve kaliteli. Genel olarak memnun kaldım.,positive
RGB ışıklar tasarıma güzel bir hava katıyor. Benzer ürünlere göre başarılı buldum.,positive
Alt kaydırma yüzeyleri masada akıcı hareket ediyor. Tekrar almayı düşünebilirim.,positive
Alt kaydırma yüzeyleri masada akıcı hareket ediyor. Küçük eksikleri var ama genel deneyim iyi.,negative
Kablosuz performansı beklediğimden daha stabil. Benzer ürünlere göre başarılı buldum.,positive
Yazılım desteği olsa daha iyi olurdu. Küçük eksikleri var ama genel deneyim iyi.,positive
Günlük kullanım için de oldukça rahat. Küçük eksikleri var ama genel deneyim iyi.,positive
Yazılım desteği olsa daha iyi olurdu. Fiyatı biraz daha uygun olsa daha iyi olurdu.,positive
Scroll tekeri biraz sert ama alışılıyor. Benzer ürünlere göre başarılı buldum.,positive
Kablo kalitesi iyi ama biraz daha esnek olabilirdi. Tekrar almayı düşünebilirim.,negative
FPS oyunlarında kontrol hissi iyi. Fiyatı biraz daha uygun olsa daha iyi olurdu.,positive
Boyutu küçük elliler için daha uygun olabilir. Fiyatı biraz daha uygun olsa daha iyi olurdu.,negative
Sessiz tıklama bekleyenler için uygun olmayabilir. Tekrar almayı düşünebilirim.,positive
Malzeme kalitesi fiyatına göre iyi. Beklentimi büyük ölçüde karşıladı.,negative
FPS oyunlarında kontrol hissi iyi. Küçük eksikleri var ama genel deneyim iyi.,positive
RGB ışıklar tasarıma güzel bir hava katıyor. Günlük kullanım için rahatlıkla tercih edilebilir.,positive
Malzeme kalitesi fiyatına göre iyi. İlk izlenimim olumlu oldu.,positive
Yazılım desteği olsa daha iyi olurdu. Tekrar almayı düşünebilirim.,negative
Ağırlığı bana göre ideal. Tekrar almayı düşünebilirim.,positive
Günlük kullanım için de oldukça rahat. Çok üst seviye beklemeyenler için yeterli.,positive
Fiyat performans açısından başarılı. Tekrar almayı düşünebilirim.,negative
Kablo kalitesi iyi ama biraz daha esnek olabilirdi. Genel olarak memnun kaldım.,positive
Kablo kalitesi iyi ama biraz daha esnek olabilirdi. Günlük kullanım için rahatlıkla tercih edilebilir.,positive
Malzeme kalitesi fiyatına göre iyi. Çok üst seviye beklemeyenler için yeterli.,positive
Malzeme kalitesi fiyatına göre iyi. İlk izlenimim olumlu oldu.,positive
Uzun kullanımda bile eli çok yormuyor. Uzun vadede performansını görmek lazım.,positive
RGB aydınlatması canlı ve hoş görünüyor. Fiyatı biraz daha uygun olsa daha iyi olurdu.,negative
Işık modları yeterince çeşitli. İlk izlenimim olumlu oldu.,positive
Gece kullanımında ışık seviyesi yeterli. Uzun vadede performansını görmek lazım.,negative
RGB aydınlatması canlı ve hoş görünüyor. Küçük eksikleri var ama genel deneyim iyi.,positive
Bazı tuşlar ilk kullanımda biraz sert geldi. Genel olarak memnun kaldım.,positive
Gece kullanımında ışık seviyesi yeterli. Beklentimi büyük ölçüde karşıladı.,positive
Fiyat performans olarak iyi bir seçenek. Çok üst seviye beklemeyenler için yeterli.,negative
Malzeme kalitesi sağlam hissettiriyor. Çok üst seviye beklemeyenler için yeterli.,positive
Kablo kalitesi iyi fakat biraz kalın. Tekrar almayı düşünebilirim.,positive
Kablo kalitesi iyi fakat biraz kalın. Benzer ürünlere göre başarılı buldum.,positive
Yazılım desteği daha iyi olabilirdi. İlk izlenimim olumlu oldu.,positive
Uzun süre yazı yazarken rahat ettiriyor. Beklentimi büyük ölçüde karşıladı.,positive
RGB aydınlatması canlı ve hoş görünüyor. Tekrar almayı düşünebilirim.,positive
Yazılım desteği daha iyi olabilirdi. Günlük kullanım için rahatlıkla tercih edilebilir.,positive
Işık modları yeterince çeşitli. Tekrar almayı düşünebilirim.,positive
Kompakt tasarımı masa alanı kazandırıyor. Uzun vadede performansını görmek lazım.,positive
Tepki süresi oyunlarda yeterli. Küçük eksikleri var ama genel deneyim iyi.,positive
Masa üzerinde kayma yapmıyor. Uzun vadede performansını görmek lazım.,positive
Masa üzerinde kayma yapmıyor. Genel olarak memnun kaldım.,positive
Işık modları yeterince çeşitli. Genel olarak memnun kaldım.,positive
Günlük kullanım ve oyun için dengeli. Tekrar almayı düşünebilirim.,positive
Tuş kapakları kaliteli duruyor. Tekrar almayı düşünebilirim.,positive
Kablosuz bağlantı genel olarak stabil. Beklentimi büyük ölçüde karşıladı.,negative
Işık modları yeterince çeşitli. Benzer ürünlere göre başarılı buldum.,positive
Uzun süre yazı yazarken rahat ettiriyor. Genel olarak memnun kaldım.,positive
Günlük kullanım ve oyun için dengeli. Fiyatı biraz daha uygun olsa daha iyi olurdu.,positive
Masa üzerinde kayma yapmıyor. Çok üst seviye beklemeyenler için yeterli.,positive
Yazılım desteği daha iyi olabilirdi. Küçük eksikleri var ama genel deneyim iyi.,positive
Yazılım desteği daha iyi olabilirdi. Uzun vadede performansını görmek lazım.,positive
Kablosuz bağlantı genel olarak stabil. Uzun vadede performansını görmek lazım.,positive
Fiyat performans olarak iyi bir seçenek. İlk izlenimim olumlu oldu.,positive
Masa üzerinde kayma yapmıyor. Tekrar almayı düşünebilirim.,positive
Tuş dizilimi alışması kolay bir yapıda. Günlük kullanım için rahatlıkla tercih edilebilir.,positive
Bazı tuşlar ilk kullanımda biraz sert geldi. Küçük eksikleri var ama genel deneyim iyi.,positive
Yazılım desteği daha iyi olabilirdi. Günlük kullanım için rahatlıkla tercih edilebilir.,positive
Tepki süresi oyunlarda yeterli. Fiyatı biraz daha uygun olsa daha iyi olurdu.,positive
Tuş kapakları kaliteli duruyor. Genel olarak memnun kaldım.,negative
RGB aydınlatması canlı ve hoş görünüyor. Genel olarak memnun kaldım.,positive
Kompakt tasarımı masa alanı kazandırıyor. Çok üst seviye beklemeyenler için yeterli.,negative
Tepki süresi oyunlarda yeterli. Genel olarak memnun kaldım.,positive
Işık modları yeterince çeşitli. Benzer ürünlere göre başarılı buldum.,negative
Tepki süresi oyunlarda yeterli. Fiyatı biraz daha uygun olsa daha iyi olurdu.,negative
Tuş hissiyatı yazı yazarken oldukça iyi. Çok üst seviye beklemeyenler için yeterli.,positive
Tuş hissiyatı yazı yazarken oldukça iyi. Tekrar almayı düşünebilirim.,positive
Malzeme kalitesi sağlam hissettiriyor. Küçük eksikleri var ama genel deneyim iyi.,positive
Genel olarak beklentimi karşıladı. Fiyatı biraz daha uygun olsa daha iyi olurdu.,positive
Bilek desteği olsa daha rahat olurdu. İlk izlenimim olumlu oldu.,positive
Işık modları yeterince çeşitli. Benzer ürünlere göre başarılı buldum.,positive
Tepki süresi oyunlarda yeterli. Beklentimi büyük ölçüde karşıladı.,positive
Işık modları yeterince çeşitli. Günlük kullanım için rahatlıkla tercih edilebilir.,negative
Günlük kullanım ve oyun için dengeli. Küçük eksikleri var ama genel deneyim iyi.,positive
Kablosuz bağlantı genel olarak stabil. Küçük eksikleri var ama genel deneyim iyi.,positive
Gece kullanımında ışık seviyesi yeterli. Çok üst seviye beklemeyenler için yeterli.,positive
Tepki süresi oyunlarda yeterli. Benzer ürünlere göre başarılı buldum.,positive
Kompakt tasarımı masa alanı kazandırıyor. İlk izlenimim olumlu oldu.,negative
Tuş hissiyatı yazı yazarken oldukça iyi. Çok üst seviye beklemeyenler için yeterli.,negative
Genel olarak beklentimi karşıladı. Çok üst seviye beklemeyenler için yeterli.,positive
Bilek desteği olsa daha rahat olurdu. İlk izlenimim olumlu oldu.,negative
Bilek desteği olsa daha rahat olurdu. Uzun vadede performansını görmek lazım.,positive
Yazılım desteği daha iyi olabilirdi. Beklentimi büyük ölçüde karşıladı.,positive
Tuş dizilimi alışması kolay bir yapıda. Çok üst seviye beklemeyenler için yeterli.,positive
Yazılım desteği daha iyi olabilirdi. Fiyatı biraz daha uygun olsa daha iyi olurdu.,positive
Fiyat performans olarak iyi bir seçenek. Uzun vadede performansını görmek lazım.,negative
Tepki süresi oyunlarda yeterli. Tekrar almayı düşünebilirim.,positive
Tuş dizilimi alışması kolay bir yapıda. Fiyatı biraz daha uygun olsa daha iyi olurdu.,positive
Malzeme kalitesi sağlam hissettiriyor. İlk izlenimim olumlu oldu.,positive
Uzun süre yazı yazarken rahat ettiriyor. Çok üst seviye beklemeyenler için yeterli.,positive
Masa üzerinde kayma yapmıyor. Küçük eksikleri var ama genel deneyim iyi.,positive
Tepki süresi oyunlarda yeterli. Çok üst seviye beklemeyenler için yeterli.,positive
Günlük kullanım ve oyun için dengeli. Tekrar almayı düşünebilirim.,negative
Malzeme kalitesi sağlam hissettiriyor. Beklentimi büyük ölçüde karşıladı.,positive
Uzun süre yazı yazarken rahat ettiriyor. Fiyatı biraz daha uygun olsa daha iyi olurdu.,positive
Malzeme kalitesi sağlam hissettiriyor. Fiyatı biraz daha uygun olsa daha iyi olurdu.,positive
Kablosuz bağlantı genel olarak stabil. Uzun vadede performansını görmek lazım.,positive
Yazılım desteği daha iyi olabilirdi. Küçük eksikleri var ama genel deneyim iyi.,negative
Tuş kapakları kaliteli duruyor. Günlük kullanım için rahatlıkla tercih edilebilir.,positive
Tuş hissiyatı yazı yazarken oldukça iyi. İlk izlenimim olumlu oldu.,positive
Fiyat performans olarak iyi bir seçenek. Çok üst seviye beklemeyenler için yeterli.,positive
RGB aydınlatması canlı ve hoş görünüyor. İlk izlenimim olumlu oldu.,negative
Malzeme kalitesi sağlam hissettiriyor. Uzun vadede performansını görmek lazım.,positive
Fiyat performans olarak iyi bir seçenek. Uzun vadede performansını görmek lazım.,positive
Günlük kullanım ve oyun için dengeli. Uzun vadede performansını görmek lazım.,positive
Genel olarak beklentimi karşıladı. Benzer ürünlere göre başarılı buldum.,positive
Tuş hissiyatı yazı yazarken oldukça iyi. Fiyatı biraz daha uygun olsa daha iyi olurdu.,positive
Günlük kullanım ve oyun için dengeli. Uzun vadede performansını görmek lazım.,positive
Kompakt tasarımı masa alanı kazandırıyor. Küçük eksikleri var ama genel deneyim iyi.,positive
Tepki süresi oyunlarda yeterli. Tekrar almayı düşünebilirim.,positive
RGB aydınlatması canlı ve hoş görünüyor. Küçük eksikleri var ama genel deneyim iyi.,positive
Masa üzerinde kayma yapmıyor. Beklentimi büyük ölçüde karşıladı.,positive
Gece kullanımında ışık seviyesi yeterli. İlk izlenimim olumlu oldu.,positive
Bazı tuşlar ilk kullanımda biraz sert geldi. Çok üst seviye beklemeyenler için yeterli.,positive
Kablosuz bağlantı genel olarak stabil. Günlük kullanım için rahatlıkla tercih edilebilir.,negative
Kablo kalitesi iyi fakat biraz kalın. Tekrar almayı düşünebilirim.,positive
RGB aydınlatması canlı ve hoş görünüyor. Uzun vadede performansını görmek lazım.,positive
Bilek desteği olsa daha rahat olurdu. Küçük eksikleri var ama genel deneyim iyi.,positive
Tuş kapakları kaliteli duruyor. Beklentimi büyük ölçüde karşıladı.,positive
Fiyat performans olarak iyi bir seçenek. Uzun vadede performansını görmek lazım.,positive
Kablosuz bağlantı genel olarak stabil. Fiyatı biraz daha uygun olsa daha iyi olurdu.,positive
Kablosuz bağlantı genel olarak stabil. Genel olarak memnun kaldım.,positive
Tepki süresi oyunlarda yeterli. Tekrar almayı düşünebilirim.,positive
Kablo kalitesi iyi fakat biraz kalın. Çok üst seviye beklemeyenler için yeterli.,positive
Günlük kullanım ve oyun için dengeli. Beklentimi büyük ölçüde karşıladı.,positive
Kablo kalitesi iyi fakat biraz kalın. Beklentimi büyük ölçüde karşıladı.,negative
Yazılım desteği daha iyi olabilirdi. İlk izlenimim olumlu oldu.,positive
Kablo kalitesi iyi fakat biraz kalın. Genel olarak memnun kaldım.,negative
Kompakt tasarımı masa alanı kazandırıyor. Beklentimi büyük ölçüde karşıladı.,positive
Masa üzerinde kayma yapmıyor. Benzer ürünlere göre başarılı buldum.,negative
Tuş dizilimi alışması kolay bir yapıda. Küçük eksikleri var ama genel deneyim iyi.,positive
Tuş dizilimi alışması kolay bir yapıda. Benzer ürünlere göre başarılı buldum.,negative
Yazılım desteği daha iyi olabilirdi. Küçük eksikleri var ama genel deneyim iyi.,positive
Uzun süre yazı yazarken rahat ettiriyor. Uzun vadede performansını görmek lazım.,negative
Kablosuz bağlantı genel olarak stabil. Benzer ürünlere göre başarılı buldum.,positive
Masa üzerinde kayma yapmıyor. Küçük eksikleri var ama genel deneyim iyi.,negative
Kablo kalitesi iyi fakat biraz kalın. Fiyatı biraz daha uygun olsa daha iyi olurdu.,positive
Tuş sesleri biraz yüksek olabilir. Tekrar almayı düşünebilirim.,positive
Genel olarak beklentimi karşıladı. Fiyatı biraz daha uygun olsa daha iyi olurdu.,positive
Kablo kalitesi iyi fakat biraz kalın. Çok üst seviye beklemeyenler için yeterli.,positive
RGB aydınlatması canlı ve hoş görünüyor. Beklentimi büyük ölçüde karşıladı.,negative
RGB aydınlatması canlı ve hoş görünüyor. Beklentimi büyük ölçüde karşıladı.,positive
Kompakt tasarımı masa alanı kazandırıyor. Günlük kullanım için rahatlıkla tercih edilebilir.,positive
Uzun süre yazı yazarken rahat ettiriyor. Günlük kullanım için rahatlıkla tercih edilebilir.,positive
Uzun süre yazı yazarken rahat ettiriyor. Tekrar almayı düşünebilirim.,negative
Uzun süre yazı yazarken rahat ettiriyor. Genel olarak memnun kaldım.,positive
Bazı tuşlar ilk kullanımda biraz sert geldi. Günlük kullanım için rahatlıkla tercih edilebilir.,positive
Uzun süre yazı yazarken rahat ettiriyor. Çok üst seviye beklemeyenler için yeterli.,positive
Masa üzerinde kayma yapmıyor. Küçük eksikleri var ama genel deneyim iyi.,positive
Günlük kullanım ve oyun için dengeli. Benzer ürünlere göre başarılı buldum.,positive
Tuş hissiyatı yazı yazarken oldukça iyi. Genel olarak memnun kaldım.,positive
RGB aydınlatması canlı ve hoş görünüyor. Tekrar almayı düşünebilirim.,positive
Tuş hissiyatı yazı yazarken oldukça iyi. Genel olarak memnun kaldım.,positive
Kompakt tasarımı masa alanı kazandırıyor. Küçük eksikleri var ama genel deneyim iyi.,positive
RGB aydınlatması canlı ve hoş görünüyor. Benzer ürünlere göre başarılı buldum.,positive
Kablosuz bağlantı genel olarak stabil. Uzun vadede performansını görmek lazım.,negative
Uzun süre yazı yazarken rahat ettiriyor. İlk izlenimim olumlu oldu.,negative
Tepki süresi oyunlarda yeterli. Tekrar almayı düşünebilirim.,positive
Günlük kullanım ve oyun için dengeli. Benzer ürünlere göre başarılı buldum.,positive
Tepki süresi oyunlarda yeterli. Tekrar almayı düşünebilirim.,positive
Bazı tuşlar ilk kullanımda biraz sert geldi. İlk izlenimim olumlu oldu.,positive
Işık modları yeterince çeşitli. Küçük eksikleri var ama genel deneyim iyi.,positive
Uzun süre yazı yazarken rahat ettiriyor. Beklentimi büyük ölçüde karşıladı.,positive
Tepki süresi oyunlarda yeterli. Tekrar almayı düşünebilirim.,positive
Bilek desteği olsa daha rahat olurdu. Günlük kullanım için rahatlıkla tercih edilebilir.,positive
Masa üzerinde kayma yapmıyor. Küçük eksikleri var ama genel deneyim iyi.,positive
Işık modları yeterince çeşitli. İlk izlenimim olumlu oldu.,positive
RGB aydınlatması canlı ve hoş görünüyor. Beklentimi büyük ölçüde karşıladı.,negative
Malzeme kalitesi sağlam hissettiriyor. Genel olarak memnun kaldım.,positive
Günlük kullanım ve oyun için dengeli. İlk izlenimim olumlu oldu.,positive
Malzeme kalitesi sağlam hissettiriyor. Günlük kullanım için rahatlıkla tercih edilebilir.,positive
Tuş dizilimi alışması kolay bir yapıda. Benzer ürünlere göre başarılı buldum.,positive
Bilek desteği olsa daha rahat olurdu. Uzun vadede performansını görmek lazım.,negative
Kompakt tasarımı masa alanı kazandırıyor. Genel olarak memnun kaldım.,positive
Kompakt tasarımı masa alanı kazandırıyor. Fiyatı biraz daha uygun olsa daha iyi olurdu.,positive
Günlük kullanım ve oyun için dengeli. İlk izlenimim olumlu oldu.,positive
Genel olarak beklentimi karşıladı. İlk izlenimim olumlu oldu.,positive
Kablo kalitesi iyi fakat biraz kalın. Beklentimi büyük ölçüde karşıladı.,negative
Bilek desteği olsa daha rahat olurdu. Beklentimi büyük ölçüde karşıladı.,negative
Tuş kapakları kaliteli duruyor. Genel olarak memnun kaldım.,positive
Tuş hissiyatı yazı yazarken oldukça iyi. Küçük eksikleri var ama genel deneyim iyi.,positive
Kablosuz bağlantı genel olarak stabil. Çok üst seviye beklemeyenler için yeterli.,positive
Kablosuz bağlantı genel olarak stabil. Fiyatı biraz daha uygun olsa daha iyi olurdu.,positive
Malzeme kalitesi sağlam hissettiriyor. İlk izlenimim olumlu oldu.,positive
Kompakt tasarımı masa alanı kazandırıyor. Beklentimi büyük ölçüde karşıladı.,positive
Tuş kapakları kaliteli duruyor. Çok üst seviye beklemeyenler için yeterli.,positive
Tuş sesleri biraz yüksek olabilir. Küçük eksikleri var ama genel deneyim iyi.,positive
Uzun süre yazı yazarken rahat ettiriyor. Tekrar almayı düşünebilirim.,positive
Günlük kullanım ve oyun için dengeli. Tekrar almayı düşünebilirim.,positive
Tuş dizilimi alışması kolay bir yapıda. Tekrar almayı düşünebilirim.,positive
Tuş hissiyatı yazı yazarken oldukça iyi. Çok üst seviye beklemeyenler için yeterli.,positive
Tuş dizilimi alışması kolay bir yapıda. Günlük kullanım için rahatlıkla tercih edilebilir.,positive
Tuş dizilimi alışması kolay bir yapıda. Benzer ürünlere göre başarılı buldum.,positive
Tuş dizilimi alışması kolay bir yapıda. Fiyatı biraz daha uygun olsa daha iyi olurdu.,positive
Tuş sesleri biraz yüksek olabilir. Beklentimi büyük ölçüde karşıladı.,positive
Kablo kalitesi iyi fakat biraz kalın. Günlük kullanım için rahatlıkla tercih edilebilir.,positive
Tuş hissiyatı yazı yazarken oldukça iyi. Küçük eksikleri var ama genel deneyim iyi.,positive
Işık modları yeterince çeşitli. İlk izlenimim olumlu oldu.,positive
Tepki süresi oyunlarda yeterli. İlk izlenimim olumlu oldu.,negative
Tuş kapakları kaliteli duruyor. Beklentimi büyük ölçüde karşıladı.,positive
Uzun süre yazı yazarken rahat ettiriyor. Küçük eksikleri var ama genel deneyim iyi.,positive
Tuş hissiyatı yazı yazarken oldukça iyi. Benzer ürünlere göre başarılı buldum.,positive
RGB aydınlatması canlı ve hoş görünüyor. Uzun vadede performansını görmek lazım.,negative
Tuş kapakları kaliteli duruyor. Çok üst seviye beklemeyenler için yeterli.,positive
Günlük kullanım ve oyun için dengeli. Uzun vadede performansını görmek lazım.,negative
Tepki süresi oyunlarda yeterli. Tekrar almayı düşünebilirim.,positive
Bilek desteği olsa daha rahat olurdu. Benzer ürünlere göre başarılı buldum.,positive
Kompakt tasarımı masa alanı kazandırıyor. Çok üst seviye beklemeyenler için yeterli.,positive
Tuş dizilimi alışması kolay bir yapıda. Uzun vadede performansını görmek lazım.,negative
Kompakt tasarımı masa alanı kazandırıyor. Benzer ürünlere göre başarılı buldum.,positive
Kablo kalitesi iyi fakat biraz kalın. Fiyatı biraz daha uygun olsa daha iyi olurdu.,positive
Tuş hissiyatı yazı yazarken oldukça iyi. Çok üst seviye beklemeyenler için yeterli.,positive
Bilek desteği olsa daha rahat olurdu. Çok üst seviye beklemeyenler için yeterli.,positive
Tuş hissiyatı yazı yazarken oldukça iyi. Fiyatı biraz daha uygun olsa daha iyi olurdu.,positive
Bilek desteği olsa daha rahat olurdu. Uzun vadede performansını görmek lazım.,positive
Kablosuz bağlantı genel olarak stabil. Çok üst seviye beklemeyenler için yeterli.,positive
Kablosuz bağlantı genel olarak stabil. Günlük kullanım için rahatlıkla tercih edilebilir.,positive
Fiyat performans olarak iyi bir seçenek. Benzer ürünlere göre başarılı buldum.,positive
Genel olarak beklentimi karşıladı. Uzun vadede performansını görmek lazım.,positive
Işık modları yeterince çeşitli. Uzun vadede performansını görmek lazım.,positive
Kompakt tasarımı masa alanı kazandırıyor. İlk izlenimim olumlu oldu.,positive
Kompakt tasarımı masa alanı kazandırıyor. Beklentimi büyük ölçüde karşıladı.,positive
Uzun süre yazı yazarken rahat ettiriyor. Küçük eksikleri var ama genel deneyim iyi.,positive
RGB aydınlatması canlı ve hoş görünüyor. Uzun vadede performansını görmek lazım.,negative
Malzeme kalitesi sağlam hissettiriyor. Çok üst seviye beklemeyenler için yeterli.,negative
Tuş sesleri biraz yüksek olabilir. Çok üst seviye beklemeyenler için yeterli.,positive
Tepki süresi oyunlarda yeterli. İlk izlenimim olumlu oldu.,positive
Bilek desteği olsa daha rahat olurdu. Uzun vadede performansını görmek lazım.,negative
Bilek desteği olsa daha rahat olurdu. Uzun vadede performansını görmek lazım.,positive
Bilek desteği olsa daha rahat olurdu. Fiyatı biraz daha uygun olsa daha iyi olurdu.,positive
Tuş sesleri biraz yüksek olabilir. Genel olarak memnun kaldım.,positive
Malzeme kalitesi sağlam hissettiriyor. Küçük eksikleri var ama genel deneyim iyi.,negative
Tuş hissiyatı yazı yazarken oldukça iyi. İlk izlenimim olumlu oldu.,positive
Bazı tuşlar ilk kullanımda biraz sert geldi. Küçük eksikleri var ama genel deneyim iyi.,positive
Kompakt tasarımı masa alanı kazandırıyor. Uzun vadede performansını görmek lazım.,positive
Kablo kalitesi iyi fakat biraz kalın. Fiyatı biraz daha uygun olsa daha iyi olurdu.,positive
Tuş hissiyatı yazı yazarken oldukça iyi. Benzer ürünlere göre başarılı buldum.,positive
Günlük kullanım ve oyun için dengeli. Fiyatı biraz daha uygun olsa daha iyi olurdu.,positive
Gece kullanımında ışık seviyesi yeterli. Tekrar almayı düşünebilirim.,positive
Tuş sesleri biraz yüksek olabilir. Uzun vadede performansını görmek lazım.,positive
Fiyat performans olarak iyi bir seçenek. Günlük kullanım için rahatlıkla tercih edilebilir.,positive
Tuş hissiyatı yazı yazarken oldukça iyi. Küçük eksikleri var ama genel deneyim iyi.,positive
Tuş dizilimi alışması kolay bir yapıda. Benzer ürünlere göre başarılı buldum.,positive
Gece kullanımında ışık seviyesi yeterli. Benzer ürünlere göre başarılı buldum.,positive
Malzeme kalitesi sağlam hissettiriyor. Çok üst seviye beklemeyenler için yeterli.,negative
Genel olarak beklentimi karşıladı. İlk izlenimim olumlu oldu.,positive
Kablosuz bağlantı genel olarak stabil. Fiyatı biraz daha uygun olsa daha iyi olurdu.,positive
Tuş sesleri biraz yüksek olabilir. İlk izlenimim olumlu oldu.,negative
Yazılım desteği daha iyi olabilirdi. Çok üst seviye beklemeyenler için yeterli.,negative
Kablosuz bağlantı genel olarak stabil. İlk izlenimim olumlu oldu.,positive
Bilek desteği olsa daha rahat olurdu. Benzer ürünlere göre başarılı buldum.,positive
Işık modları yeterince çeşitli. Beklentimi büyük ölçüde karşıladı.,positive
Tuş sesleri biraz yüksek olabilir. Benzer ürünlere göre başarılı buldum.,positive
Bazı tuşlar ilk kullanımda biraz sert geldi. Beklentimi büyük ölçüde karşıladı.,positive
Kablosuz bağlantı genel olarak stabil. İlk izlenimim olumlu oldu.,positive
Fiyat performans olarak iyi bir seçenek. Günlük kullanım için rahatlıkla tercih edilebilir.,positive
Gece kullanımında ışık seviyesi yeterli. Fiyatı biraz daha uygun olsa daha iyi olurdu.,positive
Tuş hissiyatı yazı yazarken oldukça iyi. Çok üst seviye beklemeyenler için yeterli.,positive
Tuş dizilimi alışması kolay bir yapıda. Benzer ürünlere göre başarılı buldum.,negative
Günlük kullanım ve oyun için dengeli. Küçük eksikleri var ama genel deneyim iyi.,positive
Gece kullanımında ışık seviyesi yeterli. Çok üst seviye beklemeyenler için yeterli.,negative
Yazılım desteği daha iyi olabilirdi. Genel olarak memnun kaldım.,positive
RGB aydınlatması canlı ve hoş görünüyor. Fiyatı biraz daha uygun olsa daha iyi olurdu.,positive
Uzun süre yazı yazarken rahat ettiriyor. Benzer ürünlere göre başarılı buldum.,negative
Tuş hissiyatı yazı yazarken oldukça iyi. Benzer ürünlere göre başarılı buldum.,positive
Kablo kalitesi iyi fakat biraz kalın. Çok üst seviye beklemeyenler için yeterli.,positive
Yazılım desteği daha iyi olabilirdi. Beklentimi büyük ölçüde karşıladı.,positive
Tuş sesleri biraz yüksek olabilir. Benzer ürünlere göre başarılı buldum.,positive
Tuş kapakları kaliteli duruyor. Genel olarak memnun kaldım.,positive
Fiyat performans olarak iyi bir seçenek. Tekrar almayı düşünebilirim.,negative
Yazılım desteği daha iyi olabilirdi. Genel olarak memnun kaldım.,positive
Malzeme kalitesi sağlam hissettiriyor. Benzer ürünlere göre başarılı buldum.,positive
Genel olarak beklentimi karşıladı. Küçük eksikleri var ama genel deneyim iyi.,positive
Tuş sesleri biraz yüksek olabilir. Tekrar almayı düşünebilirim.,positive
Işık modları yeterince çeşitli. Beklentimi büyük ölçüde karşıladı.,positive
Bilek desteği olsa daha rahat olurdu. Beklentimi büyük ölçüde karşıladı.,negative
Bilek desteği olsa daha rahat olurdu. Küçük eksikleri var ama genel deneyim iyi.,negative
Bazı tuşlar ilk kullanımda biraz sert geldi. Uzun vadede performansını görmek lazım.,positive
Tuş kapakları kaliteli duruyor. Genel olarak memnun kaldım.,positive
Işık modları yeterince çeşitli. Benzer ürünlere göre başarılı buldum.,negative
RGB aydınlatması canlı ve hoş görünüyor. Günlük kullanım için rahatlıkla tercih edilebilir.,positive
Malzeme kalitesi sağlam hissettiriyor. Çok üst seviye beklemeyenler için yeterli.,positive
Tuş dizilimi alışması kolay bir yapıda. Uzun vadede performansını görmek lazım.,negative
Uzun süre yazı yazarken rahat ettiriyor. Küçük eksikleri var ama genel deneyim iyi.,positive
Günlük kullanım ve oyun için dengeli. Benzer ürünlere göre başarılı buldum.,positive
Günlük kullanım ve oyun için dengeli. Uzun vadede performansını görmek lazım.,positive
Bilek desteği olsa daha rahat olurdu. Benzer ürünlere göre başarılı buldum.,positive
Gece kullanımında ışık seviyesi yeterli. İlk izlenimim olumlu oldu.,positive
Yazılım desteği daha iyi olabilirdi. Tekrar almayı düşünebilirim.,positive
Tuş sesleri biraz yüksek olabilir. Çok üst seviye beklemeyenler için yeterli.,positive
Malzeme kalitesi sağlam hissettiriyor. Genel olarak memnun kaldım.,positive
Malzeme kalitesi sağlam hissettiriyor. İlk izlenimim olumlu oldu.,negative
Günlük kullanım ve oyun için dengeli. Günlük kullanım için rahatlıkla tercih edilebilir.,negative
Tuş dizilimi alışması kolay bir yapıda. Benzer ürünlere göre başarılı buldum.,positive
Malzeme kalitesi sağlam hissettiriyor. Benzer ürünlere göre başarılı buldum.,positive
Kompakt tasarımı masa alanı kazandırıyor. Genel olarak memnun kaldım.,positive
Tuş hissiyatı yazı yazarken oldukça iyi. Günlük kullanım için rahatlıkla tercih edilebilir.,positive
Bazı tuşlar ilk kullanımda biraz sert geldi. Benzer ürünlere göre başarılı buldum.,positive
Fiyat performans olarak iyi bir seçenek. Tekrar almayı düşünebilirim.,positive
Tepki süresi oyunlarda yeterli. Benzer ürünlere göre başarılı buldum.,positive
Tuş sesleri biraz yüksek olabilir. Küçük eksikleri var ama genel deneyim iyi.,positive
Tuş dizilimi alışması kolay bir yapıda. Günlük kullanım için rahatlıkla tercih edilebilir.,positive
Günlük kullanım ve oyun için dengeli. Beklentimi büyük ölçüde karşıladı.,positive
Yazılım desteği daha iyi olabilirdi. Günlük kullanım için rahatlıkla tercih edilebilir.,positive
Gece kullanımında ışık seviyesi yeterli. Benzer ürünlere göre başarılı buldum.,positive
Gece kullanımında ışık seviyesi yeterli. Beklentimi büyük ölçüde karşıladı.,positive
Kompakt tasarımı masa alanı kazandırıyor. Genel olarak memnun kaldım.,positive
Tuş sesleri biraz yüksek olabilir. Tekrar almayı düşünebilirim.,positive
Tuş dizilimi alışması kolay bir yapıda. Günlük kullanım için rahatlıkla tercih edilebilir.,positive
Kablo kalitesi iyi fakat biraz kalın. Günlük kullanım için rahatlıkla tercih edilebilir.,positive
RGB aydınlatması canlı ve hoş görünüyor. İlk izlenimim olumlu oldu.,positive
Genel olarak beklentimi karşıladı. İlk izlenimim olumlu oldu.,positive
Işık modları yeterince çeşitli. Genel olarak memnun kaldım.,positive
Yazılım desteği daha iyi olabilirdi. Çok üst seviye beklemeyenler için yeterli.,positive
Bazı tuşlar ilk kullanımda biraz sert geldi. Günlük kullanım için rahatlıkla tercih edilebilir.,positive
Malzeme kalitesi sağlam hissettiriyor. Günlük kullanım için rahatlıkla tercih edilebilir.,positive
Genel olarak beklentimi karşıladı. Çok üst seviye beklemeyenler için yeterli.,positive
Bilek desteği olsa daha rahat olurdu. Küçük eksikleri var ama genel deneyim iyi.,positive
Kablosuz bağlantı genel olarak stabil. Uzun vadede performansını görmek lazım.,positive
Günlük kullanım ve oyun için dengeli. Benzer ürünlere göre başarılı buldum.,positive
Işık modları yeterince çeşitli. Genel olarak memnun kaldım.,positive
Malzeme kalitesi sağlam hissettiriyor. İlk izlenimim olumlu oldu.,negative
Tuş sesleri biraz yüksek olabilir. Günlük kullanım için rahatlıkla tercih edilebilir.,negative
Günlük kullanım ve oyun için dengeli. Tekrar almayı düşünebilirim.,positive
Kablo kalitesi iyi fakat biraz kalın. Uzun vadede performansını görmek lazım.,positive
Tuş hissiyatı yazı yazarken oldukça iyi. Tekrar almayı düşünebilirim.,positive
Uzun süre yazı yazarken rahat ettiriyor. Benzer ürünlere göre başarılı buldum.,positive
Kompakt tasarımı masa alanı kazandırıyor. Benzer ürünlere göre başarılı buldum.,negative
Uzun süre yazı yazarken rahat ettiriyor. Fiyatı biraz daha uygun olsa daha iyi olurdu.,positive
RGB aydınlatması canlı ve hoş görünüyor. Günlük kullanım için rahatlıkla tercih edilebilir.,negative
Kompakt tasarımı masa alanı kazandırıyor. Günlük kullanım için rahatlıkla tercih edilebilir.,positive
Fiyat performans olarak iyi bir seçenek. İlk izlenimim olumlu oldu.,positive
Malzeme kalitesi sağlam hissettiriyor. Küçük eksikleri var ama genel deneyim iyi.,positive
Günlük kullanım ve oyun için dengeli. Beklentimi büyük ölçüde karşıladı.,negative
Bilek desteği olsa daha rahat olurdu. İlk izlenimim olumlu oldu.,positive
Işık modları yeterince çeşitli. Genel olarak memnun kaldım.,positive
RGB aydınlatması canlı ve hoş görünüyor. Beklentimi büyük ölçüde karşıladı.,negative
Bazı tuşlar ilk kullanımda biraz sert geldi. Tekrar almayı düşünebilirim.,positive
Tuş hissiyatı yazı yazarken oldukça iyi. Uzun vadede performansını görmek lazım.,positive
Kablo kalitesi iyi fakat biraz kalın. Günlük kullanım için rahatlıkla tercih edilebilir.,positive
Fiyat performans olarak iyi bir seçenek. Genel olarak memnun kaldım.,positive
Tuş hissiyatı yazı yazarken oldukça iyi. Uzun vadede performansını görmek lazım.,negative
Kablo kalitesi iyi fakat biraz kalın. Benzer ürünlere göre başarılı buldum.,positive
Gece kullanımında ışık seviyesi yeterli. İlk izlenimim olumlu oldu.,positive
RGB aydınlatması canlı ve hoş görünüyor. Çok üst seviye beklemeyenler için yeterli.,positive
Genel olarak beklentimi karşıladı. Çok üst seviye beklemeyenler için yeterli.,negative
Tuş kapakları kaliteli duruyor. Uzun vadede performansını görmek lazım.,positive
Tuş kapakları kaliteli duruyor. Tekrar almayı düşünebilirim.,positive
Kablosuz bağlantı genel olarak stabil. Fiyatı biraz daha uygun olsa daha iyi olurdu.,positive
Tuş dizilimi alışması kolay bir yapıda. Benzer ürünlere göre başarılı buldum.,positive
Kablo kalitesi iyi fakat biraz kalın. Beklentimi büyük ölçüde karşıladı.,negative
Tepki süresi oyunlarda yeterli. Beklentimi büyük ölçüde karşıladı.,negative
RGB aydınlatması canlı ve hoş görünüyor. İlk izlenimim olumlu oldu.,positive
Masa üzerinde kayma yapmıyor. Uzun vadede performansını görmek lazım.,negative
Genel olarak beklentimi karşıladı. İlk izlenimim olumlu oldu.,positive
Yazılım desteği daha iyi olabilirdi. Çok üst seviye beklemeyenler için yeterli.,positive
Fiyat performans olarak iyi bir seçenek. İlk izlenimim olumlu oldu.,negative
Kompakt tasarımı masa alanı kazandırıyor. Fiyatı biraz daha uygun olsa daha iyi olurdu.,positive
Bazı tuşlar ilk kullanımda biraz sert geldi. Fiyatı biraz daha uygun olsa daha iyi olurdu.,positive
Kablosuz bağlantı genel olarak stabil. Fiyatı biraz daha uygun olsa daha iyi olurdu.,positive
Masa üzerinde kayma yapmıyor. Küçük eksikleri var ama genel deneyim iyi.,positive
Kompakt tasarımı masa alanı kazandırıyor. Benzer ürünlere göre başarılı buldum.,positive
RGB aydınlatması canlı ve hoş görünüyor. Tekrar almayı düşünebilirim.,positive
Gece kullanımında ışık seviyesi yeterli. Günlük kullanım için rahatlıkla tercih edilebilir.,positive
Yazılım desteği daha iyi olabilirdi. Uzun vadede performansını görmek lazım.,negative
Masa üzerinde kayma yapmıyor. Tekrar almayı düşünebilirim.,positive
Kompakt tasarımı masa alanı kazandırıyor. Tekrar almayı düşünebilirim.,positive
Tuş hissiyatı yazı yazarken oldukça iyi. Beklentimi büyük ölçüde karşıladı.,positive
Tuş kapakları kaliteli duruyor. Çok üst seviye beklemeyenler için yeterli.,negative
Uzun süre yazı yazarken rahat ettiriyor. Çok üst seviye beklemeyenler için yeterli.,positive
Fiyat performans olarak iyi bir seçenek. İlk izlenimim olumlu oldu.,positive
Işık modları yeterince çeşitli. Genel olarak memnun kaldım.,positive
Yazılım desteği daha iyi olabilirdi. Çok üst seviye beklemeyenler için yeterli.,positive
Işık modları yeterince çeşitli. Uzun vadede performansını görmek lazım.,negative
Kablo kalitesi iyi fakat biraz kalın. Tekrar almayı düşünebilirim.,positive
Tuş kapakları kaliteli duruyor. Genel olarak memnun kaldım.,positive
Kompakt tasarımı masa alanı kazandırıyor. Beklentimi büyük ölçüde karşıladı.,positive
Tuş dizilimi alışması kolay bir yapıda. Küçük eksikleri var ama genel deneyim iyi.,positive
Kompakt tasarımı masa alanı kazandırıyor. Beklentimi büyük ölçüde karşıladı.,positive
Uzun süre yazı yazarken rahat ettiriyor. Beklentimi büyük ölçüde karşıladı.,positive
Bazı tuşlar ilk kullanımda biraz sert geldi. Günlük kullanım için rahatlıkla tercih edilebilir.,positive
Kablo kalitesi iyi fakat biraz kalın. Çok üst seviye beklemeyenler için yeterli.,negative
Genel olarak beklentimi karşıladı. Küçük eksikleri var ama genel deneyim iyi.,positive
Kablo kalitesi iyi fakat biraz kalın. Benzer ürünlere göre başarılı buldum.,negative
Tepki süresi oyunlarda yeterli. Küçük eksikleri var ama genel deneyim iyi.,negative
Tuş hissiyatı yazı yazarken oldukça iyi. Beklentimi büyük ölçüde karşıladı.,negative
RGB aydınlatması canlı ve hoş görünüyor. Fiyatı biraz daha uygun olsa daha iyi olurdu.,positive
Işık modları yeterince çeşitli. Çok üst seviye beklemeyenler için yeterli.,positive
Tuş dizilimi alışması kolay bir yapıda. İlk izlenimim olumlu oldu.,positive
Gece kullanımında ışık seviyesi yeterli. Küçük eksikleri var ama genel deneyim iyi.,positive
Gece kullanımında ışık seviyesi yeterli. İlk izlenimim olumlu oldu.,negative
Kompakt tasarımı masa alanı kazandırıyor. Tekrar almayı düşünebilirim.,positive
Tuş sesleri biraz yüksek olabilir. Küçük eksikleri var ama genel deneyim iyi.,negative
Yazılım desteği daha iyi olabilirdi. Genel olarak memnun kaldım.,positive
Günlük kullanım ve oyun için dengeli. Çok üst seviye beklemeyenler için yeterli.,positive
Tuş sesleri biraz yüksek olabilir. Küçük eksikleri var ama genel deneyim iyi.,positive
Kompakt tasarımı masa alanı kazandırıyor. Küçük eksikleri var ama genel deneyim iyi.,positive
Bilek desteği olsa daha rahat olurdu. Uzun vadede performansını görmek lazım.,positive
Tuş sesleri biraz yüksek olabilir. İlk izlenimim olumlu oldu.,positive
Tuş kapakları kaliteli duruyor. Tekrar almayı düşünebilirim.,positive
Günlük kullanım ve oyun için dengeli. Küçük eksikleri var ama genel deneyim iyi.,positive
Kablo kalitesi iyi fakat biraz kalın. Beklentimi büyük ölçüde karşıladı.,positive
Tepki süresi oyunlarda yeterli. Beklentimi büyük ölçüde karşıladı.,positive
Uzun süre yazı yazarken rahat ettiriyor. Genel olarak memnun kaldım.,positive
Yazılım desteği daha iyi olabilirdi. Küçük eksikleri var ama genel deneyim iyi.,positive
Tuş dizilimi alışması kolay bir yapıda. Tekrar almayı düşünebilirim.,positive
Tuş dizilimi alışması kolay bir yapıda. Küçük eksikleri var ama genel deneyim iyi.,positive
RGB aydınlatması canlı ve hoş görünüyor. Beklentimi büyük ölçüde karşıladı.,positive
Uzun süre yazı yazarken rahat ettiriyor. Günlük kullanım için rahatlıkla tercih edilebilir.,positive
Kompakt tasarımı masa alanı kazandırıyor. Küçük eksikleri var ama genel deneyim iyi.,positive
Kablosuz bağlantı genel olarak stabil. Küçük eksikleri var ama genel deneyim iyi.,positive
Kablo kalitesi iyi fakat biraz kalın. Beklentimi büyük ölçüde karşıladı.,positive
Kablo kalitesi iyi fakat biraz kalın. Günlük kullanım için rahatlıkla tercih edilebilir.,positive
Gece kullanımında ışık seviyesi yeterli. İlk izlenimim olumlu oldu.,positive
Tepki süresi oyunlarda yeterli. Uzun vadede performansını görmek lazım.,positive
Günlük kullanım ve oyun için dengeli. Fiyatı biraz daha uygun olsa daha iyi olurdu.,positive
Malzeme kalitesi sağlam hissettiriyor. Fiyatı biraz daha uygun olsa daha iyi olurdu.,positive
Genel olarak beklentimi karşıladı. Fiyatı biraz daha uygun olsa daha iyi olurdu.,positive
Tuş kapakları kaliteli duruyor. Çok üst seviye beklemeyenler için yeterli.,positive
Malzeme kalitesi sağlam hissettiriyor. Küçük eksikleri var ama genel deneyim iyi.,positive
Işık modları yeterince çeşitli. Genel olarak memnun kaldım.,negative
Gece kullanımında ışık seviyesi yeterli. Uzun vadede performansını görmek lazım.,positive
Günlük kullanım ve oyun için dengeli. Küçük eksikleri var ama genel deneyim iyi.,positive
Tuş hissiyatı yazı yazarken oldukça iyi. İlk izlenimim olumlu oldu.,positive
Günlük kullanım ve oyun için dengeli. Benzer ürünlere göre başarılı buldum.,positive
Kompakt tasarımı masa alanı kazandırıyor. Günlük kullanım için rahatlıkla tercih edilebilir.,positive
Tuş sesleri biraz yüksek olabilir. İlk izlenimim olumlu oldu.,positive
Tepki süresi oyunlarda yeterli. Uzun vadede performansını görmek lazım.,negative
Tuş dizilimi alışması kolay bir yapıda. Tekrar almayı düşünebilirim.,positive
Gece kullanımında ışık seviyesi yeterli. Genel olarak memnun kaldım.,positive
Uzun süre yazı yazarken rahat ettiriyor. İlk izlenimim olumlu oldu.,positive
Tuş sesleri biraz yüksek olabilir. Benzer ürünlere göre başarılı buldum.,positive
Günlük kullanım ve oyun için dengeli. Küçük eksikleri var ama genel deneyim iyi.,positive
Uzun süre yazı yazarken rahat ettiriyor. Beklentimi büyük ölçüde karşıladı.,positive
Tuş hissiyatı yazı yazarken oldukça iyi. Fiyatı biraz daha uygun olsa daha iyi olurdu.,positive
Uzun süre yazı yazarken rahat ettiriyor. Tekrar almayı düşünebilirim.,negative
Tuş hissiyatı yazı yazarken oldukça iyi. Çok üst seviye beklemeyenler için yeterli.,positive
Tepki süresi oyunlarda yeterli. İlk izlenimim olumlu oldu.,positive
Günlük kullanım ve oyun için dengeli. Tekrar almayı düşünebilirim.,positive
Tuş kapakları kaliteli duruyor. Günlük kullanım için rahatlıkla tercih edilebilir.,positive
Masa üzerinde kayma yapmıyor. Tekrar almayı düşünebilirim.,positive
Uzun süre yazı yazarken rahat ettiriyor. Çok üst seviye beklemeyenler için yeterli.,positive
Tuş hissiyatı yazı yazarken oldukça iyi. Benzer ürünlere göre başarılı buldum.,positive
Genel olarak beklentimi karşıladı. Çok üst seviye beklemeyenler için yeterli.,negative
Tuş dizilimi alışması kolay bir yapıda. İlk izlenimim olumlu oldu.,negative
Tuş dizilimi alışması kolay bir yapıda. Benzer ürünlere göre başarılı buldum.,positive
Gece kullanımında ışık seviyesi yeterli. Fiyatı biraz daha uygun olsa daha iyi olurdu.,positive
Tepki süresi oyunlarda yeterli. Fiyatı biraz daha uygun olsa daha iyi olurdu.,positive
Tuş sesleri biraz yüksek olabilir. Tekrar almayı düşünebilirim.,positive
Tuş kapakları kaliteli duruyor. İlk izlenimim olumlu oldu.,positive
Tuş kapakları kaliteli duruyor. Uzun vadede performansını görmek lazım.,positive
Yazılım desteği daha iyi olabilirdi. Genel olarak memnun kaldım.,negative
Genel olarak beklentimi karşıladı. Benzer ürünlere göre başarılı buldum.,positive
Kablosuz bağlantı genel olarak stabil. Tekrar almayı düşünebilirim.,positive
Bazı tuşlar ilk kullanımda biraz sert geldi. Uzun vadede performansını görmek lazım.,positive
Bilek desteği olsa daha rahat olurdu. Uzun vadede performansını görmek lazım.,positive
Masa üzerinde kayma yapmıyor. İlk izlenimim olumlu oldu.,positive
Masa üzerinde kayma yapmıyor. Beklentimi büyük ölçüde karşıladı.,positive
Bazı tuşlar ilk kullanımda biraz sert geldi. Uzun vadede performansını görmek lazım.,negative
Günlük kullanım ve oyun için dengeli. Genel olarak memnun kaldım.,positive
Gece kullanımında ışık seviyesi yeterli. Çok üst seviye beklemeyenler için yeterli.,positive
Günlük kullanım ve oyun için dengeli. Beklentimi büyük ölçüde karşıladı.,negative
Tuş sesleri biraz yüksek olabilir. Beklentimi büyük ölçüde karşıladı.,negative
Kompakt tasarımı masa alanı kazandırıyor. Küçük eksikleri var ama genel deneyim iyi.,positive
RGB aydınlatması canlı ve hoş görünüyor. İlk izlenimim olumlu oldu.,positive
Tuş hissiyatı yazı yazarken oldukça iyi. Genel olarak memnun kaldım.,positive
Malzeme kalitesi sağlam hissettiriyor. Beklentimi büyük ölçüde karşıladı.,negative
Yazılım desteği daha iyi olabilirdi. Benzer ürünlere göre başarılı buldum.,positive
Masa üzerinde kayma yapmıyor. Tekrar almayı düşünebilirim.,negative
Fiyat performans olarak iyi bir seçenek. Uzun vadede performansını görmek lazım.,positive
Malzeme kalitesi sağlam hissettiriyor. Benzer ürünlere göre başarılı buldum.,positive
Tuş hissiyatı yazı yazarken oldukça iyi. İlk izlenimim olumlu oldu.,positive
Uzun süre yazı yazarken rahat ettiriyor. Beklentimi büyük ölçüde karşıladı.,positive
Tuş kapakları kaliteli duruyor. Günlük kullanım için rahatlıkla tercih edilebilir.,positive
Tuş sesleri biraz yüksek olabilir. Tekrar almayı düşünebilirim.,positive
Günlük kullanım ve oyun için dengeli. Günlük kullanım için rahatlıkla tercih edilebilir.,positive
Genel olarak beklentimi karşıladı. Çok üst seviye beklemeyenler için yeterli.,positive
Bazı tuşlar ilk kullanımda biraz sert geldi. Küçük eksikleri var ama genel deneyim iyi.,positive
Genel olarak beklentimi karşıladı. Benzer ürünlere göre başarılı buldum.,positive
Yazılım desteği daha iyi olabilirdi. Genel olarak memnun kaldım.,positive
Bilek desteği olsa daha rahat olurdu. Beklentimi büyük ölçüde karşıladı.,negative
Genel olarak beklentimi karşıladı. Tekrar almayı düşünebilirim.,positive
Uzun süre yazı yazarken rahat ettiriyor. İlk izlenimim olumlu oldu.,positive
Genel olarak beklentimi karşıladı. Günlük kullanım için rahatlıkla tercih edilebilir.,negative
Kablo kalitesi iyi fakat biraz kalın. Küçük eksikleri var ama genel deneyim iyi.,positive
Kablosuz bağlantı genel olarak stabil. Beklentimi büyük ölçüde karşıladı.,positive
Gece kullanımında ışık seviyesi yeterli. İlk izlenimim olumlu oldu.,positive
Masa üzerinde kayma yapmıyor. Küçük eksikleri var ama genel deneyim iyi.,positive
RGB aydınlatması canlı ve hoş görünüyor. Uzun vadede performansını görmek lazım.,negative
Kompakt tasarımı masa alanı kazandırıyor. Fiyatı biraz daha uygun olsa daha iyi olurdu.,positive
Gece kullanımında ışık seviyesi yeterli. Tekrar almayı düşünebilirim.,positive
Bilek desteği olsa daha rahat olurdu. Fiyatı biraz daha uygun olsa daha iyi olurdu.,negative
Fiyat performans olarak iyi bir seçenek. Genel olarak memnun kaldım.,positive
Bazı tuşlar ilk kullanımda biraz sert geldi. Tekrar almayı düşünebilirim.,positive
Kompakt tasarımı masa alanı kazandırıyor. Beklentimi büyük ölçüde karşıladı.,negative
Tuş kapakları kaliteli duruyor. Küçük eksikleri var ama genel deneyim iyi.,positive
Bazı tuşlar ilk kullanımda biraz sert geldi. Çok üst seviye beklemeyenler için yeterli.,positive
Kompakt tasarımı masa alanı kazandırıyor. Küçük eksikleri var ama genel deneyim iyi.,negative
Kablosuz bağlantı genel olarak stabil. Tekrar almayı düşünebilirim.,negative
Bilek desteği olsa daha rahat olurdu. Çok üst seviye beklemeyenler için yeterli.,positive
Tepki süresi oyunlarda yeterli. Tekrar almayı düşünebilirim.,negative
Yazılım desteği daha iyi olabilirdi. Uzun vadede performansını görmek lazım.,negative
Kablosuz bağlantı genel olarak stabil. Benzer ürünlere göre başarılı buldum.,positive
Fiyat performans olarak iyi bir seçenek. İlk izlenimim olumlu oldu.,positive
Kablo kalitesi iyi fakat biraz kalın. İlk izlenimim olumlu oldu.,positive
Masa üzerinde kayma yapmıyor. Uzun vadede performansını görmek lazım.,positive
Masa üzerinde kayma yapmıyor. Uzun vadede performansını görmek lazım.,positive
Kompakt tasarımı masa alanı kazandırıyor. Fiyatı biraz daha uygun olsa daha iyi olurdu.,negative
Günlük kullanım ve oyun için dengeli. İlk izlenimim olumlu oldu.,positive
Kablo kalitesi iyi fakat biraz kalın. Tekrar almayı düşünebilirim.,negative
Günlük kullanım ve oyun için dengeli. Uzun vadede performansını görmek lazım.,positive
Kablosuz bağlantı genel olarak stabil. Benzer ürünlere göre başarılı buldum.,positive
Tuş kapakları kaliteli duruyor. Günlük kullanım için rahatlıkla tercih edilebilir.,positive
Masa üzerinde kayma yapmıyor. Genel olarak memnun kaldım.,positive
Tuş sesleri biraz yüksek olabilir. Benzer ürünlere göre başarılı buldum.,positive
Işık modları yeterince çeşitli. Günlük kullanım için rahatlıkla tercih edilebilir.,positive
Yazılım desteği daha iyi olabilirdi. Fiyatı biraz daha uygun olsa daha iyi olurdu.,positive
Işık modları yeterince çeşitli. Genel olarak memnun kaldım.,negative
Malzeme kalitesi sağlam hissettiriyor. Uzun vadede performansını görmek lazım.,negative
Kablo kalitesi iyi fakat biraz kalın. Uzun vadede performansını görmek lazım.,negative
Fiyat performans olarak iyi bir seçenek. Genel olarak memnun kaldım.,negative
Bazı tuşlar ilk kullanımda biraz sert geldi. Benzer ürünlere göre başarılı buldum.,positive
Kablosuz bağlantı genel olarak stabil. İlk izlenimim olumlu oldu.,positive
Kablo kalitesi iyi fakat biraz kalın. Genel olarak memnun kaldım.,positive
Tuş sesleri biraz yüksek olabilir. Uzun vadede performansını görmek lazım.,positive
Gece kullanımında ışık seviyesi yeterli. Fiyatı biraz daha uygun olsa daha iyi olurdu.,positive
RGB aydınlatması canlı ve hoş görünüyor. Günlük kullanım için rahatlıkla tercih edilebilir.,positive
Kablosuz bağlantı genel olarak stabil. Benzer ürünlere göre başarılı buldum.,positive
Tuş sesleri biraz yüksek olabilir. Genel olarak memnun kaldım.,positive
Fiyat performans olarak iyi bir seçenek. Genel olarak memnun kaldım.,positive
Bilek desteği olsa daha rahat olurdu. Fiyatı biraz daha uygun olsa daha iyi olurdu.,positive
Kompakt tasarımı masa alanı kazandırıyor. Tekrar almayı düşünebilirim.,positive
Kompakt tasarımı masa alanı kazandırıyor. Küçük eksikleri var ama genel deneyim iyi.,positive
RGB aydınlatması canlı ve hoş görünüyor. Çok üst seviye beklemeyenler için yeterli.,positive
Gece kullanımında ışık seviyesi yeterli. Tekrar almayı düşünebilirim.,positive
Tuş hissiyatı yazı yazarken oldukça iyi. Tekrar almayı düşünebilirim.,positive
Tuş sesleri biraz yüksek olabilir. Tekrar almayı düşünebilirim.,negative
Masa üzerinde kayma yapmıyor. İlk izlenimim olumlu oldu.,negative
Malzeme kalitesi sağlam hissettiriyor. Küçük eksikleri var ama genel deneyim iyi.,positive
Tuş sesleri biraz yüksek olabilir. Çok üst seviye beklemeyenler için yeterli.,negative
Genel olarak beklentimi karşıladı. Küçük eksikleri var ama genel deneyim iyi.,positive
Uzun süre yazı yazarken rahat ettiriyor. Benzer ürünlere göre başarılı buldum.,positive
Yazılım desteği daha iyi olabilirdi. Benzer ürünlere göre başarılı buldum.,positive
Bazı tuşlar ilk kullanımda biraz sert geldi. Genel olarak memnun kaldım.,negative
Tepki süresi oyunlarda yeterli. Uzun vadede performansını görmek lazım.,positive
RGB aydınlatması canlı ve hoş görünüyor. Küçük eksikleri var ama genel deneyim iyi.,positive
Uzun süre yazı yazarken rahat ettiriyor. Genel olarak memnun kaldım.,positive
Genel olarak beklentimi karşıladı. Beklentimi büyük ölçüde karşıladı.,positive
Kompakt tasarımı masa alanı kazandırıyor. Fiyatı biraz daha uygun olsa daha iyi olurdu.,positive
Bazı tuşlar ilk kullanımda biraz sert geldi. Uzun vadede performansını görmek lazım.,positive
Bilek desteği olsa daha rahat olurdu. Küçük eksikleri var ama genel deneyim iyi.,positive
Bazı tuşlar ilk kullanımda biraz sert geldi. Benzer ürünlere göre başarılı buldum.,negative
Yazılım desteği daha iyi olabilirdi. Küçük eksikleri var ama genel deneyim iyi.,positive
Bazı tuşlar ilk kullanımda biraz sert geldi. Günlük kullanım için rahatlıkla tercih edilebilir.,positive
Tuş dizilimi alışması kolay bir yapıda. Genel olarak memnun kaldım.,positive
RGB aydınlatması canlı ve hoş görünüyor. İlk izlenimim olumlu oldu.,positive
Masa üzerinde kayma yapmıyor. Fiyatı biraz daha uygun olsa daha iyi olurdu.,positive
Işık modları yeterince çeşitli. Uzun vadede performansını görmek lazım.,negative
Tuş kapakları kaliteli duruyor. Günlük kullanım için rahatlıkla tercih edilebilir.,negative
Uzun süre yazı yazarken rahat ettiriyor. İlk izlenimim olumlu oldu.,positive
Günlük kullanım ve oyun için dengeli. Beklentimi büyük ölçüde karşıladı.,positive
Malzeme kalitesi sağlam hissettiriyor. Beklentimi büyük ölçüde karşıladı.,positive
Bilek desteği olsa daha rahat olurdu. Günlük kullanım için rahatlıkla tercih edilebilir.,positive
Kablo kalitesi iyi fakat biraz kalın. Benzer ürünlere göre başarılı buldum.,positive
Tuş kapakları kaliteli duruyor. Günlük kullanım için rahatlıkla tercih edilebilir.,positive
Tepki süresi oyunlarda yeterli. Benzer ürünlere göre başarılı buldum.,positive
Bilek desteği olsa daha rahat olurdu. Tekrar almayı düşünebilirim.,positive
Işık modları yeterince çeşitli. Benzer ürünlere göre başarılı buldum.,negative
Tuş hissiyatı yazı yazarken oldukça iyi. Günlük kullanım için rahatlıkla tercih edilebilir.,positive
Tuş dizilimi alışması kolay bir yapıda. Benzer ürünlere göre başarılı buldum.,positive
Uzun süre yazı yazarken rahat ettiriyor. Benzer ürünlere göre başarılı buldum.,negative
Tuş hissiyatı yazı yazarken oldukça iyi. Genel olarak memnun kaldım.,positive
Kablo kalitesi iyi fakat biraz kalın. Tekrar almayı düşünebilirim.,positive
Kablosuz bağlantı genel olarak stabil. Beklentimi büyük ölçüde karşıladı.,positive
Gece kullanımında ışık seviyesi yeterli. Beklentimi büyük ölçüde karşıladı.,positive
RGB aydınlatması canlı ve hoş görünüyor. Fiyatı biraz daha uygun olsa daha iyi olurdu.,negative
Bilek desteği olsa daha rahat olurdu. Günlük kullanım için rahatlıkla tercih edilebilir.,negative
Kompakt tasarımı masa alanı kazandırıyor. Fiyatı biraz daha uygun olsa daha iyi olurdu.,positive
Tuş hissiyatı yazı yazarken oldukça iyi. Küçük eksikleri var ama genel deneyim iyi.,positive
Tuş hissiyatı yazı yazarken oldukça iyi. Çok üst seviye beklemeyenler için yeterli.,positive
RGB aydınlatması canlı ve hoş görünüyor. İlk izlenimim olumlu oldu.,negative
Kablo kalitesi iyi fakat biraz kalın. Genel olarak memnun kaldım.,positive
Bazı tuşlar ilk kullanımda biraz sert geldi. Fiyatı biraz daha uygun olsa daha iyi olurdu.,negative
Kablo kalitesi iyi fakat biraz kalın. Genel olarak memnun kaldım.,positive
Kablo kalitesi iyi fakat biraz kalın. Beklentimi büyük ölçüde karşıladı.,positive
Tuş kapakları kaliteli duruyor. Uzun vadede performansını görmek lazım.,negative
Kablo kalitesi iyi fakat biraz kalın. Tekrar almayı düşünebilirim.,positive
Yazılım desteği daha iyi olabilirdi. Genel olarak memnun kaldım.,positive
Kompakt tasarımı masa alanı kazandırıyor. Beklentimi büyük ölçüde karşıladı.,positive
Tuş kapakları kaliteli duruyor. Günlük kullanım için rahatlıkla tercih edilebilir.,positive
Genel olarak beklentimi karşıladı. Uzun vadede performansını görmek lazım.,positive
Uzun süre yazı yazarken rahat ettiriyor. Uzun vadede performansını görmek lazım.,positive
Kablo kalitesi iyi fakat biraz kalın. Benzer ürünlere göre başarılı buldum.,negative
Günlük kullanım ve oyun için dengeli. İlk izlenimim olumlu oldu.,positive
Tepki süresi oyunlarda yeterli. Günlük kullanım için rahatlıkla tercih edilebilir.,positive
Kablo kalitesi iyi fakat biraz kalın. Fiyatı biraz daha uygun olsa daha iyi olurdu.,positive
Bazı tuşlar ilk kullanımda biraz sert geldi. İlk izlenimim olumlu oldu.,positive
Tuş dizilimi alışması kolay bir yapıda. Beklentimi büyük ölçüde karşıladı.,positive
RGB aydınlatması canlı ve hoş görünüyor. Beklentimi büyük ölçüde karşıladı.,positive
Tepki süresi oyunlarda yeterli. Küçük eksikleri var ama genel deneyim iyi.,positive
Malzeme kalitesi sağlam hissettiriyor. Genel olarak memnun kaldım.,positive
Kablo kalitesi iyi fakat biraz kalın. Genel olarak memnun kaldım.,positive
Masa üzerinde kayma yapmıyor. İlk izlenimim olumlu oldu.,positive
Bilek desteği olsa daha rahat olurdu. Beklentimi büyük ölçüde karşıladı.,positive
Tuş dizilimi alışması kolay bir yapıda. Tekrar almayı düşünebilirim.,positive
Yazılım desteği daha iyi olabilirdi. Küçük eksikleri var ama genel deneyim iyi.,positive
Tuş sesleri biraz yüksek olabilir. Tekrar almayı düşünebilirim.,positive
Tuş sesleri biraz yüksek olabilir. Günlük kullanım için rahatlıkla tercih edilebilir.,positive
Tuş hissiyatı yazı yazarken oldukça iyi. Günlük kullanım için rahatlıkla tercih edilebilir.,positive
Gece kullanımında ışık seviyesi yeterli. Tekrar almayı düşünebilirim.,positive
Malzeme kalitesi sağlam hissettiriyor. Çok üst seviye beklemeyenler için yeterli.,negative
Tuş dizilimi alışması kolay bir yapıda. Beklentimi büyük ölçüde karşıladı.,positive
Tuş hissiyatı yazı yazarken oldukça iyi. Tekrar almayı düşünebilirim.,positive
Masa üzerinde kayma yapmıyor. Genel olarak memnun kaldım.,positive
Kompakt tasarımı masa alanı kazandırıyor. Benzer ürünlere göre başarılı buldum.,positive
Tuş sesleri biraz yüksek olabilir. İlk izlenimim olumlu oldu.,positive
Genel olarak beklentimi karşıladı. Genel olarak memnun kaldım.,positive
Tuş dizilimi alışması kolay bir yapıda. Tekrar almayı düşünebilirim.,positive
Günlük kullanım ve oyun için dengeli. Beklentimi büyük ölçüde karşıladı.,positive
Kablo kalitesi iyi fakat biraz kalın. Benzer ürünlere göre başarılı buldum.,positive
RGB aydınlatması canlı ve hoş görünüyor. Uzun vadede performansını görmek lazım.,negative
Gece kullanımında ışık seviyesi yeterli. Küçük eksikleri var ama genel deneyim iyi.,positive
Işık modları yeterince çeşitli. Uzun vadede performansını görmek lazım.,negative
Kablosuz bağlantı genel olarak stabil. Günlük kullanım için rahatlıkla tercih edilebilir.,positive
Depolama alanı çoğu kullanıcı için yeterli. Uzun vadede performansını görmek lazım.,negative
Hoparlör sesi ortalama seviyede. Uzun vadede performansını görmek lazım.,negative
Oyun performansı orta-üst seviyede. Tekrar almayı düşünebilirim.,negative
Uzun vadeli kullanımda pil performansı önemli olacak. Tekrar almayı düşünebilirim.,positive
Performansı akıcı ve takılma çok az. Uzun vadede performansını görmek lazım.,positive
Performansı akıcı ve takılma çok az. Beklentimi büyük ölçüde karşıladı.,positive
Performansı akıcı ve takılma çok az. Günlük kullanım için rahatlıkla tercih edilebilir.,negative
Performansı akıcı ve takılma çok az. Uzun vadede performansını görmek lazım.,negative
Kılıfla kullanınca elde tutuşu daha iyi oluyor. Çok üst seviye beklemeyenler için yeterli.,positive
Günlük kullanımda rahat bir deneyim sunuyor. Fiyatı biraz daha uygun olsa daha iyi olurdu.,positive
Fiyatı biraz yüksek ama sundukları iyi. Günlük kullanım için rahatlıkla tercih edilebilir.,positive
Yoğun kullanımda biraz ısınma yapıyor. Çok üst seviye beklemeyenler için yeterli.,positive
Fiyatına göre mantıklı bir telefon. Benzer ürünlere göre başarılı buldum.,positive
Batarya süresi günlük kullanım için yeterli. Küçük eksikleri var ama genel deneyim iyi.,negative
Kılıfla kullanınca elde tutuşu daha iyi oluyor. İlk izlenimim olumlu oldu.,negative
Oyun performansı orta-üst seviyede. Beklentimi büyük ölçüde karşıladı.,positive
Parmak izi okuyucu hızlı çalışıyor. Tekrar almayı düşünebilirim.,positive
Fiyatı biraz yüksek ama sundukları iyi. Benzer ürünlere göre başarılı buldum.,positive
Ekran parlaklığı dış mekanda yeterli. Fiyatı biraz daha uygun olsa daha iyi olurdu.,positive
Uygulamalar arası geçişler hızlı. Çok üst seviye beklemeyenler için yeterli.,positive
Yoğun kullanımda biraz ısınma yapıyor. Çok üst seviye beklemeyenler için yeterli.,positive
Kılıfla kullanınca elde tutuşu daha iyi oluyor. Benzer ürünlere göre başarılı buldum.,positive
Gece çekimleri çok iyi değil ama idare eder. Küçük eksikleri var ama genel deneyim iyi.,positive
Gece çekimleri çok iyi değil ama idare eder. Benzer ürünlere göre başarılı buldum.,negative
Ekran kalitesi renkler açısından güzel. Genel olarak memnun kaldım.,positive
Uygulamalar arası geçişler hızlı. Genel olarak memnun kaldım.,positive
Ekran kalitesi renkler açısından güzel. Çok üst seviye beklemeyenler için yeterli.,positive
Kamera gündüz çekimlerinde oldukça başarılı. Genel olarak memnun kaldım.,negative
Malzeme kalitesi premium hissettiriyor. İlk izlenimim olumlu oldu.,negative
Fiyatına göre mantıklı bir telefon. Beklentimi büyük ölçüde karşıladı.,negative
Oyun performansı orta-üst seviyede. Tekrar almayı düşünebilirim.,positive
Parmak izi okuyucu hızlı çalışıyor. Küçük eksikleri var ama genel deneyim iyi.,negative
Gece çekimleri çok iyi değil ama idare eder. Uzun vadede performansını görmek lazım.,positive
Ön kamera sosyal medya için yeterli. Küçük eksikleri var ama genel deneyim iyi.,positive
Şarj süresi biraz uzun gelebilir. İlk izlenimim olumlu oldu.,positive
Batarya süresi günlük kullanım için yeterli. İlk izlenimim olumlu oldu.,positive
Parmak izi okuyucu hızlı çalışıyor. Benzer ürünlere göre başarılı buldum.,positive
Gece çekimleri çok iyi değil ama idare eder. İlk izlenimim olumlu oldu.,positive
Ön kamera sosyal medya için yeterli. Çok üst seviye beklemeyenler için yeterli.,positive
Depolama alanı çoğu kullanıcı için yeterli. Beklentimi büyük ölçüde karşıladı.,positive
Kılıfla kullanınca elde tutuşu daha iyi oluyor. Genel olarak memnun kaldım.,positive
Performansı akıcı ve takılma çok az. Genel olarak memnun kaldım.,positive
Kılıfla kullanınca elde tutuşu daha iyi oluyor. Beklentimi büyük ölçüde karşıladı.,positive
Parmak izi okuyucu hızlı çalışıyor. Çok üst seviye beklemeyenler için yeterli.,negative
Malzeme kalitesi premium hissettiriyor. Çok üst seviye beklemeyenler için yeterli.,positive
Uygulamalar arası geçişler hızlı. Beklentimi büyük ölçüde karşıladı.,positive
Malzeme kalitesi premium hissettiriyor. Günlük kullanım için rahatlıkla tercih edilebilir.,positive
Ekran parlaklığı dış mekanda yeterli. Fiyatı biraz daha uygun olsa daha iyi olurdu.,positive
Ön kamera sosyal medya için yeterli. Uzun vadede performansını görmek lazım.,positive
Fiyatına göre mantıklı bir telefon. Fiyatı biraz daha uygun olsa daha iyi olurdu.,positive
Kılıfla kullanınca elde tutuşu daha iyi oluyor. Genel olarak memnun kaldım.,negative
Fiyatı biraz yüksek ama sundukları iyi. Benzer ürünlere göre başarılı buldum.,positive
Hoparlör sesi ortalama seviyede. Genel olarak memnun kaldım.,positive
Ekran kalitesi renkler açısından güzel. Beklentimi büyük ölçüde karşıladı.,negative
Günlük kullanımda rahat bir deneyim sunuyor. Günlük kullanım için rahatlıkla tercih edilebilir.,positive
Kılıfla kullanınca elde tutuşu daha iyi oluyor. Fiyatı biraz daha uygun olsa daha iyi olurdu.,positive
Ekran parlaklığı dış mekanda yeterli. Genel olarak memnun kaldım.,positive
Günlük kullanımda rahat bir deneyim sunuyor. İlk izlenimim olumlu oldu.,positive
Gece çekimleri çok iyi değil ama idare eder. Uzun vadede performansını görmek lazım.,positive
Batarya süresi günlük kullanım için yeterli. Günlük kullanım için rahatlıkla tercih edilebilir.,positive
Oyun performansı orta-üst seviyede. Genel olarak memnun kaldım.,positive
Gece çekimleri çok iyi değil ama idare eder. Küçük eksikleri var ama genel deneyim iyi.,positive
Uygulamalar arası geçişler hızlı. İlk izlenimim olumlu oldu.,positive
Uygulamalar arası geçişler hızlı. Çok üst seviye beklemeyenler için yeterli.,negative
Ekran kalitesi renkler açısından güzel. Uzun vadede performansını görmek lazım.,positive
Parmak izi okuyucu hızlı çalışıyor. Genel olarak memnun kaldım.,positive
Ekran parlaklığı dış mekanda yeterli. Fiyatı biraz daha uygun olsa daha iyi olurdu.,negative
Parmak izi okuyucu hızlı çalışıyor. Küçük eksikleri var ama genel deneyim iyi.,positive
Yoğun kullanımda biraz ısınma yapıyor. Beklentimi büyük ölçüde karşıladı.,positive
Ekran parlaklığı dış mekanda yeterli. Küçük eksikleri var ama genel deneyim iyi.,positive
Günlük kullanımda rahat bir deneyim sunuyor. Genel olarak memnun kaldım.,positive
Fiyatı biraz yüksek ama sundukları iyi. Genel olarak memnun kaldım.,positive
Ekran kalitesi renkler açısından güzel. Beklentimi büyük ölçüde karşıladı.,negative
Yoğun kullanımda biraz ısınma yapıyor. Küçük eksikleri var ama genel deneyim iyi.,positive
Kamera gündüz çekimlerinde oldukça başarılı. Günlük kullanım için rahatlıkla tercih edilebilir.,negative
Batarya süresi günlük kullanım için yeterli. Tekrar almayı düşünebilirim.,negative
Kılıfla kullanınca elde tutuşu daha iyi oluyor. İlk izlenimim olumlu oldu.,negative
Yoğun kullanımda biraz ısınma yapıyor. İlk izlenimim olumlu oldu.,positive
Fiyatına göre mantıklı bir telefon. Çok üst seviye beklemeyenler için yeterli.,positive
Günlük kullanımda rahat bir deneyim sunuyor. Benzer ürünlere göre başarılı buldum.,positive
Performansı akıcı ve takılma çok az. Küçük eksikleri var ama genel deneyim iyi.,positive
Kılıfla kullanınca elde tutuşu daha iyi oluyor. Benzer ürünlere göre başarılı buldum.,positive
Uzun vadeli kullanımda pil performansı önemli olacak. Günlük kullanım için rahatlıkla tercih edilebilir.,positive
Fiyatına göre mantıklı bir telefon. Çok üst seviye beklemeyenler için yeterli.,positive
Fiyatına göre mantıklı bir telefon. Benzer ürünlere göre başarılı buldum.,positive
Gece çekimleri çok iyi değil ama idare eder. Benzer ürünlere göre başarılı buldum.,positive
Şarj süresi biraz uzun gelebilir. Fiyatı biraz daha uygun olsa daha iyi olurdu.,positive
Fiyatına göre mantıklı bir telefon. Çok üst seviye beklemeyenler için yeterli.,positive
Şarj süresi biraz uzun gelebilir. Günlük kullanım için rahatlıkla tercih edilebilir.,positive
Uygulamalar arası geçişler hızlı. İlk izlenimim olumlu oldu.,positive
Gece çekimleri çok iyi değil ama idare eder. Çok üst seviye beklemeyenler için yeterli.,positive
Günlük kullanımda rahat bir deneyim sunuyor. Genel olarak memnun kaldım.,positive
Parmak izi okuyucu hızlı çalışıyor. Fiyatı biraz daha uygun olsa daha iyi olurdu.,negative
Fiyatı biraz yüksek ama sundukları iyi. Günlük kullanım için rahatlıkla tercih edilebilir.,positive
Kılıfla kullanınca elde tutuşu daha iyi oluyor. Genel olarak memnun kaldım.,positive
Kamera gündüz çekimlerinde oldukça başarılı. Küçük eksikleri var ama genel deneyim iyi.,positive
Oyun performansı orta-üst seviyede. Benzer ürünlere göre başarılı buldum.,positive
Hoparlör sesi ortalama seviyede. Beklentimi büyük ölçüde karşıladı.,positive
Ekran parlaklığı dış mekanda yeterli. Beklentimi büyük ölçüde karşıladı.,negative
Ön kamera sosyal medya için yeterli. Beklentimi büyük ölçüde karşıladı.,positive
Gece çekimleri çok iyi değil ama idare eder. İlk izlenimim olumlu oldu.,positive
Oyun performansı orta-üst seviyede. Küçük eksikleri var ama genel deneyim iyi.,positive
Parmak izi okuyucu hızlı çalışıyor. Küçük eksikleri var ama genel deneyim iyi.,positive
Ekran parlaklığı dış mekanda yeterli. Tekrar almayı düşünebilirim.,positive
Uygulamalar arası geçişler hızlı. Çok üst seviye beklemeyenler için yeterli.,positive
Fiyatı biraz yüksek ama sundukları iyi. Tekrar almayı düşünebilirim.,positive
Malzeme kalitesi premium hissettiriyor. Beklentimi büyük ölçüde karşıladı.,positive
Gece çekimleri çok iyi değil ama idare eder. Çok üst seviye beklemeyenler için yeterli.,positive
Yoğun kullanımda biraz ısınma yapıyor. Çok üst seviye beklemeyenler için yeterli.,positive
Uzun vadeli kullanımda pil performansı önemli olacak. Genel olarak memnun kaldım.,negative
Batarya süresi günlük kullanım için yeterli. Küçük eksikleri var ama genel deneyim iyi.,negative
Kılıfla kullanınca elde tutuşu daha iyi oluyor. Küçük eksikleri var ama genel deneyim iyi.,negative
Gece çekimleri çok iyi değil ama idare eder. Uzun vadede performansını görmek lazım.,positive
Uzun vadeli kullanımda pil performansı önemli olacak. Küçük eksikleri var ama genel deneyim iyi.,positive
Uygulamalar arası geçişler hızlı. Genel olarak memnun kaldım.,positive
Oyun performansı orta-üst seviyede. Genel olarak memnun kaldım.,positive
Fiyatına göre mantıklı bir telefon. Genel olarak memnun kaldım.,positive
Ön kamera sosyal medya için yeterli. İlk izlenimim olumlu oldu.,positive
Uygulamalar arası geçişler hızlı. Benzer ürünlere göre başarılı buldum.,positive
Uygulamalar arası geçişler hızlı. Uzun vadede performansını görmek lazım.,positive
Depolama alanı çoğu kullanıcı için yeterli. Uzun vadede performansını görmek lazım.,positive
Ön kamera sosyal medya için yeterli. Tekrar almayı düşünebilirim.,positive
Ekran parlaklığı dış mekanda yeterli. Uzun vadede performansını görmek lazım.,negative
Uygulamalar arası geçişler hızlı. Benzer ürünlere göre başarılı buldum.,positive
Batarya süresi günlük kullanım için yeterli. Küçük eksikleri var ama genel deneyim iyi.,positive
Uygulamalar arası geçişler hızlı. Genel olarak memnun kaldım.,positive
Uzun vadeli kullanımda pil performansı önemli olacak. Tekrar almayı düşünebilirim.,positive
Performansı akıcı ve takılma çok az. Uzun vadede performansını görmek lazım.,negative
Uzun vadeli kullanımda pil performansı önemli olacak. Uzun vadede performansını görmek lazım.,positive
Performansı akıcı ve takılma çok az. Benzer ürünlere göre başarılı buldum.,positive
Ön kamera sosyal medya için yeterli. Benzer ürünlere göre başarılı buldum.,positive
Gece çekimleri çok iyi değil ama idare eder. İlk izlenimim olumlu oldu.,negative
Batarya süresi günlük kullanım için yeterli. Tekrar almayı düşünebilirim.,positive
Depolama alanı çoğu kullanıcı için yeterli. Uzun vadede performansını görmek lazım.,positive
Malzeme kalitesi premium hissettiriyor. Tekrar almayı düşünebilirim.,negative
Hoparlör sesi ortalama seviyede. Genel olarak memnun kaldım.,positive
Fiyatına göre mantıklı bir telefon. Benzer ürünlere göre başarılı buldum.,negative
Malzeme kalitesi premium hissettiriyor. Beklentimi büyük ölçüde karşıladı.,positive
Kılıfla kullanınca elde tutuşu daha iyi oluyor. Günlük kullanım için rahatlıkla tercih edilebilir.,positive
Depolama alanı çoğu kullanıcı için yeterli. Benzer ürünlere göre başarılı buldum.,positive
Günlük kullanımda rahat bir deneyim sunuyor. Çok üst seviye beklemeyenler için yeterli.,positive
Oyun performansı orta-üst seviyede. Beklentimi büyük ölçüde karşıladı.,positive
Ekran kalitesi renkler açısından güzel. Günlük kullanım için rahatlıkla tercih edilebilir.,positive
Not almak için kullanışlı. İlk izlenimim olumlu oldu.,positive
Ön kamera sosyal medya için yeterli. Çok üst seviye beklemeyenler için yeterli.,positive
Batarya süresi günlük kullanım için yeterli. Küçük eksikleri var ama genel deneyim iyi.,positive
Ekran kalitesi renkler açısından güzel. Benzer ürünlere göre başarılı buldum.,positive
Fiyatına göre mantıklı bir telefon. Genel olarak memnun kaldım.,positive
Ekran kalitesi renkler açısından güzel. Günlük kullanım için rahatlıkla tercih edilebilir.,positive
Malzeme kalitesi premium hissettiriyor. Küçük eksikleri var ama genel deneyim iyi.,positive
Kamera gündüz çekimlerinde oldukça başarılı. Günlük kullanım için rahatlıkla tercih edilebilir.,positive
Performansı akıcı ve takılma çok az. Uzun vadede performansını görmek lazım.,positive
Malzeme kalitesi premium hissettiriyor. Uzun vadede performansını görmek lazım.,negative
Şarj süresi biraz uzun gelebilir. Uzun vadede performansını görmek lazım.,negative
Parmak izi okuyucu hızlı çalışıyor. Tekrar almayı düşünebilirim.,negative
Yoğun kullanımda biraz ısınma yapıyor. Uzun vadede performansını görmek lazım.,positive
Ön kamera sosyal medya için yeterli. Küçük eksikleri var ama genel deneyim iyi.,positive
Oyun performansı orta-üst seviyede. Beklentimi büyük ölçüde karşıladı.,positive
Parmak izi okuyucu hızlı çalışıyor. Çok üst seviye beklemeyenler için yeterli.,positive
Malzeme kalitesi premium hissettiriyor. Tekrar almayı düşünebilirim.,negative
Yoğun kullanımda biraz ısınma yapıyor. Beklentimi büyük ölçüde karşıladı.,negative
Fiyatı biraz yüksek ama sundukları iyi. Beklentimi büyük ölçüde karşıladı.,negative
Şarj süresi biraz uzun gelebilir. Küçük eksikleri var ama genel deneyim iyi.,positive
Günlük kullanımda rahat bir deneyim sunuyor. Fiyatı biraz daha uygun olsa daha iyi olurdu.,positive
Kamera gündüz çekimlerinde oldukça başarılı. Beklentimi büyük ölçüde karşıladı.,positive
Parmak izi okuyucu hızlı çalışıyor. Küçük eksikleri var ama genel deneyim iyi.,negative
Hoparlör sesi ortalama seviyede. İlk izlenimim olumlu oldu.,positive
Şarj süresi biraz uzun gelebilir. Tekrar almayı düşünebilirim.,positive
Batarya süresi günlük kullanım için yeterli. Küçük eksikleri var ama genel deneyim iyi.,positive
Batarya süresi günlük kullanım için yeterli. Beklentimi büyük ölçüde karşıladı.,positive
Oyun performansı orta-üst seviyede. Beklentimi büyük ölçüde karşıladı.,positive
Fiyatı biraz yüksek ama sundukları iyi. Fiyatı biraz daha uygun olsa daha iyi olurdu.,positive
Günlük kullanımda rahat bir deneyim sunuyor. Küçük eksikleri var ama genel deneyim iyi.,positive
Fiyatı biraz yüksek ama sundukları iyi. Günlük kullanım için rahatlıkla tercih edilebilir.,positive
Uygulamalar arası geçişler hızlı. Çok üst seviye beklemeyenler için yeterli.,positive
Malzeme kalitesi premium hissettiriyor. Küçük eksikleri var ama genel deneyim iyi.,positive
Ön kamera sosyal medya için yeterli. Küçük eksikleri var ama genel deneyim iyi.,positive
Malzeme kalitesi premium hissettiriyor. Tekrar almayı düşünebilirim.,negative
Oyun performansı orta-üst seviyede. Çok üst seviye beklemeyenler için yeterli.,positive
Fiyatı biraz yüksek ama sundukları iyi. Günlük kullanım için rahatlıkla tercih edilebilir.,negative
Uzun vadeli kullanımda pil performansı önemli olacak. Çok üst seviye beklemeyenler için yeterli.,positive
Hoparlör sesi ortalama seviyede. Günlük kullanım için rahatlıkla tercih edilebilir.,positive
Fiyatı biraz yüksek ama sundukları iyi. Çok üst seviye beklemeyenler için yeterli.,negative
Fiyatı biraz yüksek ama sundukları iyi. Uzun vadede performansını görmek lazım.,negative
Fiyatına göre mantıklı bir telefon. Fiyatı biraz daha uygun olsa daha iyi olurdu.,negative
Performansı akıcı ve takılma çok az. Tekrar almayı düşünebilirim.,positive
Hoparlör sesi ortalama seviyede. Günlük kullanım için rahatlıkla tercih edilebilir.,positive
Batarya süresi günlük kullanım için yeterli. Fiyatı biraz daha uygun olsa daha iyi olurdu.,positive
Gece çekimleri çok iyi değil ama idare eder. Günlük kullanım için rahatlıkla tercih edilebilir.,negative
Şarj süresi biraz uzun gelebilir. Küçük eksikleri var ama genel deneyim iyi.,negative
Kamera gündüz çekimlerinde oldukça başarılı. İlk izlenimim olumlu oldu.,positive
Fiyatına göre mantıklı bir telefon. İlk izlenimim olumlu oldu.,positive
Uzun vadeli kullanımda pil performansı önemli olacak. Fiyatı biraz daha uygun olsa daha iyi olurdu.,positive
Kılıfla kullanınca elde tutuşu daha iyi oluyor. Küçük eksikleri var ama genel deneyim iyi.,positive
Kamera gündüz çekimlerinde oldukça başarılı. Beklentimi büyük ölçüde karşıladı.,negative
Ön kamera sosyal medya için yeterli. Beklentimi büyük ölçüde karşıladı.,positive
Batarya süresi günlük kullanım için yeterli. Uzun vadede performansını görmek lazım.,positive
Hoparlör sesi ortalama seviyede. Uzun vadede performansını görmek lazım.,positive
Gece çekimleri çok iyi değil ama idare eder. Çok üst seviye beklemeyenler için yeterli.,positive
Ekran parlaklığı dış mekanda yeterli. Genel olarak memnun kaldım.,negative
Kılıfla kullanınca elde tutuşu daha iyi oluyor. İlk izlenimim olumlu oldu.,positive
Batarya süresi günlük kullanım için yeterli. Benzer ürünlere göre başarılı buldum.,positive
Oyun performansı orta-üst seviyede. Günlük kullanım için rahatlıkla tercih edilebilir.,positive
Hoparlör sesi ortalama seviyede. Uzun vadede performansını görmek lazım.,positive
Gece çekimleri çok iyi değil ama idare eder. Uzun vadede performansını görmek lazım.,positive
Kamera gündüz çekimlerinde oldukça başarılı. Günlük kullanım için rahatlıkla tercih edilebilir.,positive
Parmak izi okuyucu hızlı çalışıyor. Fiyatı biraz daha uygun olsa daha iyi olurdu.,positive
Uzun vadeli kullanımda pil performansı önemli olacak. Tekrar almayı düşünebilirim.,positive
Şarj süresi biraz uzun gelebilir. Tekrar almayı düşünebilirim.,positive
Şarj süresi biraz uzun gelebilir. Beklentimi büyük ölçüde karşıladı.,positive
Kılıfla kullanınca elde tutuşu daha iyi oluyor. Fiyatı biraz daha uygun olsa daha iyi olurdu.,positive
Gece çekimleri çok iyi değil ama idare eder. Fiyatı biraz daha uygun olsa daha iyi olurdu.,negative
Fiyatı biraz yüksek ama sundukları iyi. Benzer ürünlere göre başarılı buldum.,positive
Oyun performansı orta-üst seviyede. Fiyatı biraz daha uygun olsa daha iyi olurdu.,positive
Ekran kalitesi renkler açısından güzel. Benzer ürünlere göre başarılı buldum.,positive
Oyun performansı orta-üst seviyede. Uzun vadede performansını görmek lazım.,positive
Fiyatı biraz yüksek ama sundukları iyi. Çok üst seviye beklemeyenler için yeterli.,positive
Kamera gündüz çekimlerinde oldukça başarılı. Günlük kullanım için rahatlıkla tercih edilebilir.,positive
Ekran kalitesi renkler açısından güzel. Küçük eksikleri var ama genel deneyim iyi.,positive
Ekran kalitesi renkler açısından güzel. Çok üst seviye beklemeyenler için yeterli.,positive
Yoğun kullanımda biraz ısınma yapıyor. Uzun vadede performansını görmek lazım.,positive
Oyun performansı orta-üst seviyede. Fiyatı biraz daha uygun olsa daha iyi olurdu.,positive
Yoğun kullanımda biraz ısınma yapıyor. Fiyatı biraz daha uygun olsa daha iyi olurdu.,negative
Gece çekimleri çok iyi değil ama idare eder. Küçük eksikleri var ama genel deneyim iyi.,positive
Günlük kullanımda rahat bir deneyim sunuyor. Benzer ürünlere göre başarılı buldum.,positive
Parmak izi okuyucu hızlı çalışıyor. Uzun vadede performansını görmek lazım.,positive
Uzun vadeli kullanımda pil performansı önemli olacak. Benzer ürünlere göre başarılı buldum.,negative
Gece çekimleri çok iyi değil ama idare eder. Küçük eksikleri var ama genel deneyim iyi.,positive
Parmak izi okuyucu hızlı çalışıyor. Genel olarak memnun kaldım.,positive
Batarya süresi günlük kullanım için yeterli. Günlük kullanım için rahatlıkla tercih edilebilir.,positive
Parmak izi okuyucu hızlı çalışıyor. Beklentimi büyük ölçüde karşıladı.,positive
Şarj süresi biraz uzun gelebilir. Beklentimi büyük ölçüde karşıladı.,positive
Kamera gündüz çekimlerinde oldukça başarılı. Küçük eksikleri var ama genel deneyim iyi.,positive
Uygulamalar arası geçişler hızlı. Küçük eksikleri var ama genel deneyim iyi.,positive
Şarj süresi biraz uzun gelebilir. Fiyatı biraz daha uygun olsa daha iyi olurdu.,positive
Malzeme kalitesi premium hissettiriyor. Fiyatı biraz daha uygun olsa daha iyi olurdu.,positive
Uzun vadeli kullanımda pil performansı önemli olacak. Benzer ürünlere göre başarılı buldum.,positive
Batarya süresi günlük kullanım için yeterli. İlk izlenimim olumlu oldu.,positive
Şarj süresi biraz uzun gelebilir. Günlük kullanım için rahatlıkla tercih edilebilir.,positive
Uzun vadeli kullanımda pil performansı önemli olacak. Benzer ürünlere göre başarılı buldum.,positive
Fiyatı biraz yüksek ama sundukları iyi. Çok üst seviye beklemeyenler için yeterli.,positive
Ön kamera sosyal medya için yeterli. Benzer ürünlere göre başarılı buldum.,negative
Performansı akıcı ve takılma çok az. Beklentimi büyük ölçüde karşıladı.,negative
Depolama alanı çoğu kullanıcı için yeterli. Fiyatı biraz daha uygun olsa daha iyi olurdu.,positive
Performansı akıcı ve takılma çok az. İlk izlenimim olumlu oldu.,positive
Ekran kalitesi renkler açısından güzel. Beklentimi büyük ölçüde karşıladı.,positive
Şarj süresi biraz uzun gelebilir. Genel olarak memnun kaldım.,positive
Performansı akıcı ve takılma çok az. Çok üst seviye beklemeyenler için yeterli.,positive
Fiyatına göre mantıklı bir telefon. Çok üst seviye beklemeyenler için yeterli.,negative
Malzeme kalitesi premium hissettiriyor. Beklentimi büyük ölçüde karşıladı.,positive
Ekran parlaklığı dış mekanda yeterli. İlk izlenimim olumlu oldu.,positive
Kamera gündüz çekimlerinde oldukça başarılı. Genel olarak memnun kaldım.,negative
Ekran parlaklığı dış mekanda yeterli. Tekrar almayı düşünebilirim.,negative
Günlük kullanımda rahat bir deneyim sunuyor. Çok üst seviye beklemeyenler için yeterli.,positive
Ekran parlaklığı dış mekanda yeterli. İlk izlenimim olumlu oldu.,positive
Uzun vadeli kullanımda pil performansı önemli olacak. Beklentimi büyük ölçüde karşıladı.,positive
Şarj süresi biraz uzun gelebilir. Benzer ürünlere göre başarılı buldum.,positive
Uzun vadeli kullanımda pil performansı önemli olacak. Beklentimi büyük ölçüde karşıladı.,negative
Kılıfla kullanınca elde tutuşu daha iyi oluyor. Uzun vadede performansını görmek lazım.,positive
Gece çekimleri çok iyi değil ama idare eder. Fiyatı biraz daha uygun olsa daha iyi olurdu.,negative
Gece çekimleri çok iyi değil ama idare eder. Beklentimi büyük ölçüde karşıladı.,positive
Ekran parlaklığı dış mekanda yeterli. Fiyatı biraz daha uygun olsa daha iyi olurdu.,positive
Kamera gündüz çekimlerinde oldukça başarılı. Günlük kullanım için rahatlıkla tercih edilebilir.,positive
Şarj süresi biraz uzun gelebilir. Benzer ürünlere göre başarılı buldum.,positive
Ekran kalitesi renkler açısından güzel. Beklentimi büyük ölçüde karşıladı.,negative
Yoğun kullanımda biraz ısınma yapıyor. Fiyatı biraz daha uygun olsa daha iyi olurdu.,positive
Yoğun kullanımda biraz ısınma yapıyor. Günlük kullanım için rahatlıkla tercih edilebilir.,positive
Batarya süresi günlük kullanım için yeterli. Çok üst seviye beklemeyenler için yeterli.,positive
Günlük kullanımda rahat bir deneyim sunuyor. Beklentimi büyük ölçüde karşıladı.,positive
Ekran kalitesi renkler açısından güzel. Tekrar almayı düşünebilirim.,positive
Malzeme kalitesi premium hissettiriyor. Günlük kullanım için rahatlıkla tercih edilebilir.,positive
Malzeme kalitesi premium hissettiriyor. Beklentimi büyük ölçüde karşıladı.,positive
Ekran parlaklığı dış mekanda yeterli. Tekrar almayı düşünebilirim.,positive
Malzeme kalitesi premium hissettiriyor. Uzun vadede performansını görmek lazım.,positive
Yoğun kullanımda biraz ısınma yapıyor. Tekrar almayı düşünebilirim.,positive
Kılıfla kullanınca elde tutuşu daha iyi oluyor. Genel olarak memnun kaldım.,positive
Malzeme kalitesi premium hissettiriyor. Uzun vadede performansını görmek lazım.,negative
Kılıfla kullanınca elde tutuşu daha iyi oluyor. Benzer ürünlere göre başarılı buldum.,positive
Uzun vadeli kullanımda pil performansı önemli olacak. Tekrar almayı düşünebilirim.,negative
Kamera gündüz çekimlerinde oldukça başarılı. Benzer ürünlere göre başarılı buldum.,positive
Hoparlör sesi ortalama seviyede. Fiyatı biraz daha uygun olsa daha iyi olurdu.,positive
Yoğun kullanımda biraz ısınma yapıyor. Benzer ürünlere göre başarılı buldum.,negative
Fiyatı biraz yüksek ama sundukları iyi. Çok üst seviye beklemeyenler için yeterli.,positive
Fiyatı biraz yüksek ama sundukları iyi. Küçük eksikleri var ama genel deneyim iyi.,positive
Ön kamera sosyal medya için yeterli. Fiyatı biraz daha uygun olsa daha iyi olurdu.,positive
Performansı akıcı ve takılma çok az. Küçük eksikleri var ama genel deneyim iyi.,positive
Uygulamalar arası geçişler hızlı. Beklentimi büyük ölçüde karşıladı.,positive
Kamera gündüz çekimlerinde oldukça başarılı. Beklentimi büyük ölçüde karşıladı.,positive
Oyun performansı orta-üst seviyede. Genel olarak memnun kaldım.,positive
Yoğun kullanımda biraz ısınma yapıyor. Çok üst seviye beklemeyenler için yeterli.,positive
Uzun vadeli kullanımda pil performansı önemli olacak. Çok üst seviye beklemeyenler için yeterli.,positive
Fiyatı biraz yüksek ama sundukları iyi. İlk izlenimim olumlu oldu.,negative
Batarya süresi günlük kullanım için yeterli. Tekrar almayı düşünebilirim.,negative
Depolama alanı çoğu kullanıcı için yeterli. Günlük kullanım için rahatlıkla tercih edilebilir.,positive
Şarj süresi biraz uzun gelebilir. Genel olarak memnun kaldım.,positive
Ekran kalitesi renkler açısından güzel. Uzun vadede performansını görmek lazım.,positive
Şarj süresi biraz uzun gelebilir. Çok üst seviye beklemeyenler için yeterli.,negative
Kılıfla kullanınca elde tutuşu daha iyi oluyor. Küçük eksikleri var ama genel deneyim iyi.,positive
Ön kamera sosyal medya için yeterli. Uzun vadede performansını görmek lazım.,positive
Performansı akıcı ve takılma çok az. Küçük eksikleri var ama genel deneyim iyi.,positive
Fiyatına göre mantıklı bir telefon. Benzer ürünlere göre başarılı buldum.,negative
Fiyatına göre mantıklı bir telefon. Tekrar almayı düşünebilirim.,positive
Uygulamalar arası geçişler hızlı. İlk izlenimim olumlu oldu.,positive
Oyun performansı orta-üst seviyede. Günlük kullanım için rahatlıkla tercih edilebilir.,positive
Uzun vadeli kullanımda pil performansı önemli olacak. Günlük kullanım için rahatlıkla tercih edilebilir.,positive
Ön kamera sosyal medya için yeterli. Genel olarak memnun kaldım.,positive
Parmak izi okuyucu hızlı çalışıyor. Fiyatı biraz daha uygun olsa daha iyi olurdu.,positive
Batarya süresi günlük kullanım için yeterli. Genel olarak memnun kaldım.,positive
Kamera gündüz çekimlerinde oldukça başarılı. İlk izlenimim olumlu oldu.,positive
Depolama alanı çoğu kullanıcı için yeterli. İlk izlenimim olumlu oldu.,negative
Hoparlör sesi ortalama seviyede. Genel olarak memnun kaldım.,positive
Ekran kalitesi renkler açısından güzel. Beklentimi büyük ölçüde karşıladı.,negative
Uzun süre elde tutunca biraz yorabilir. Genel olarak memnun kaldım.,positive
Yoğun kullanımda biraz ısınma yapıyor. Beklentimi büyük ölçüde karşıladı.,negative
Fiyatına göre mantıklı bir telefon. Benzer ürünlere göre başarılı buldum.,positive
Uzun vadeli kullanımda pil performansı önemli olacak. Benzer ürünlere göre başarılı buldum.,positive
Kılıfla kullanınca elde tutuşu daha iyi oluyor. Uzun vadede performansını görmek lazım.,positive
Fiyatına göre mantıklı bir telefon. Beklentimi büyük ölçüde karşıladı.,positive
Ekran kalitesi renkler açısından güzel. Genel olarak memnun kaldım.,positive
Parmak izi okuyucu hızlı çalışıyor. Uzun vadede performansını görmek lazım.,negative
Depolama alanı çoğu kullanıcı için yeterli. İlk izlenimim olumlu oldu.,positive
Hoparlör sesi ortalama seviyede. Benzer ürünlere göre başarılı buldum.,positive
Hoparlör sesi ortalama seviyede. Genel olarak memnun kaldım.,positive
Parmak izi okuyucu hızlı çalışıyor. Çok üst seviye beklemeyenler için yeterli.,positive
Performansı akıcı ve takılma çok az. Genel olarak memnun kaldım.,positive
Performansı akıcı ve takılma çok az. Küçük eksikleri var ama genel deneyim iyi.,negative
Kamera gündüz çekimlerinde oldukça başarılı. Küçük eksikleri var ama genel deneyim iyi.,positive
Performansı akıcı ve takılma çok az. Genel olarak memnun kaldım.,negative
Gece çekimleri çok iyi değil ama idare eder. Uzun vadede performansını görmek lazım.,positive
Ekran kalitesi renkler açısından güzel. Küçük eksikleri var ama genel deneyim iyi.,positive
Performansı akıcı ve takılma çok az. Fiyatı biraz daha uygun olsa daha iyi olurdu.,positive
Uygulamalar arası geçişler hızlı. Çok üst seviye beklemeyenler için yeterli.,positive
Fiyatı biraz yüksek ama sundukları iyi. Benzer ürünlere göre başarılı buldum.,positive
Ekran parlaklığı dış mekanda yeterli. Genel olarak memnun kaldım.,positive
Uzun vadeli kullanımda pil performansı önemli olacak. Tekrar almayı düşünebilirim.,positive
Depolama alanı çoğu kullanıcı için yeterli. Beklentimi büyük ölçüde karşıladı.,positive
Malzeme kalitesi premium hissettiriyor. İlk izlenimim olumlu oldu.,positive
Şarj süresi biraz uzun gelebilir. Çok üst seviye beklemeyenler için yeterli.,negative
Ekran kalitesi renkler açısından güzel. İlk izlenimim olumlu oldu.,negative
Depolama alanı çoğu kullanıcı için yeterli. Küçük eksikleri var ama genel deneyim iyi.,positive
Oyun performansı orta-üst seviyede. Günlük kullanım için rahatlıkla tercih edilebilir.,positive
Ekran parlaklığı dış mekanda yeterli. Günlük kullanım için rahatlıkla tercih edilebilir.,positive
Uzun vadeli kullanımda pil performansı önemli olacak. İlk izlenimim olumlu oldu.,negative
Ekran parlaklığı dış mekanda yeterli. Küçük eksikleri var ama genel deneyim iyi.,negative
Ekran kalitesi renkler açısından güzel. Genel olarak memnun kaldım.,negative
Malzeme kalitesi premium hissettiriyor. Tekrar almayı düşünebilirim.,positive
Uzun vadeli kullanımda pil performansı önemli olacak. Uzun vadede performansını görmek lazım.,positive
Uzun vadeli kullanımda pil performansı önemli olacak. Günlük kullanım için rahatlıkla tercih edilebilir.,positive
Fiyatına göre mantıklı bir telefon. Beklentimi büyük ölçüde karşıladı.,positive
Oyun performansı orta-üst seviyede. Küçük eksikleri var ama genel deneyim iyi.,positive
Uzun vadeli kullanımda pil performansı önemli olacak. Fiyatı biraz daha uygun olsa daha iyi olurdu.,positive
Fiyatı biraz yüksek ama sundukları iyi. Genel olarak memnun kaldım.,positive
Hoparlör sesi ortalama seviyede. Uzun vadede performansını görmek lazım.,positive
Fiyatına göre mantıklı bir telefon. Küçük eksikleri var ama genel deneyim iyi.,positive
Günlük kullanımda rahat bir deneyim sunuyor. Beklentimi büyük ölçüde karşıladı.,positive
Depolama alanı çoğu kullanıcı için yeterli. Genel olarak memnun kaldım.,positive
Oyun performansı orta-üst seviyede. Benzer ürünlere göre başarılı buldum.,positive
Parmak izi okuyucu hızlı çalışıyor. Genel olarak memnun kaldım.,negative
Fiyatı biraz yüksek ama sundukları iyi. Genel olarak memnun kaldım.,positive
Kılıfla kullanınca elde tutuşu daha iyi oluyor. Çok üst seviye beklemeyenler için yeterli.,positive
Batarya süresi günlük kullanım için yeterli. Çok üst seviye beklemeyenler için yeterli.,positive
Malzeme kalitesi premium hissettiriyor. Tekrar almayı düşünebilirim.,negative
Depolama alanı çoğu kullanıcı için yeterli. Fiyatı biraz daha uygun olsa daha iyi olurdu.,positive
Malzeme kalitesi premium hissettiriyor. Benzer ürünlere göre başarılı buldum.,positive
Performansı akıcı ve takılma çok az. Beklentimi büyük ölçüde karşıladı.,positive
Batarya süresi günlük kullanım için yeterli. Genel olarak memnun kaldım.,positive
Batarya süresi günlük kullanım için yeterli. Tekrar almayı düşünebilirim.,positive
Parmak izi okuyucu hızlı çalışıyor. Fiyatı biraz daha uygun olsa daha iyi olurdu.,positive
Fiyatı biraz yüksek ama sundukları iyi. Tekrar almayı düşünebilirim.,positive
Günlük kullanımda rahat bir deneyim sunuyor. Benzer ürünlere göre başarılı buldum.,positive
Performansı akıcı ve takılma çok az. Fiyatı biraz daha uygun olsa daha iyi olurdu.,positive
Kamera gündüz çekimlerinde oldukça başarılı. Tekrar almayı düşünebilirim.,negative
Şarj süresi biraz uzun gelebilir. Küçük eksikleri var ama genel deneyim iyi.,negative
Oyun performansı orta-üst seviyede. Beklentimi büyük ölçüde karşıladı.,positive
Şarj süresi biraz uzun gelebilir. İlk izlenimim olumlu oldu.,positive
Hoparlör sesi ortalama seviyede. Tekrar almayı düşünebilirim.,negative
Hoparlör sesi ortalama seviyede. Benzer ürünlere göre başarılı buldum.,positive
Malzeme kalitesi premium hissettiriyor. Uzun vadede performansını görmek lazım.,negative
Batarya süresi günlük kullanım için yeterli. Benzer ürünlere göre başarılı buldum.,positive
Hoparlör sesi ortalama seviyede. Günlük kullanım için rahatlıkla tercih edilebilir.,positive
Uygulamalar arası geçişler hızlı. Çok üst seviye beklemeyenler için yeterli.,positive
Ekran parlaklığı dış mekanda yeterli. Genel olarak memnun kaldım.,positive
Performansı akıcı ve takılma çok az. Genel olarak memnun kaldım.,positive
Uzun vadeli kullanımda pil performansı önemli olacak. Çok üst seviye beklemeyenler için yeterli.,positive
Ekran kalitesi renkler açısından güzel. Beklentimi büyük ölçüde karşıladı.,positive
Oyun performansı orta-üst seviyede. Küçük eksikleri var ama genel deneyim iyi.,negative
Günlük kullanımda rahat bir deneyim sunuyor. Genel olarak memnun kaldım.,positive
Ekran parlaklığı dış mekanda yeterli. Benzer ürünlere göre başarılı buldum.,negative
Yoğun kullanımda biraz ısınma yapıyor. Uzun vadede performansını görmek lazım.,positive
Hoparlör sesi ortalama seviyede. Benzer ürünlere göre başarılı buldum.,negative
Uygulamalar arası geçişler hızlı. Uzun vadede performansını görmek lazım.,positive
Fiyatına göre mantıklı bir telefon. Küçük eksikleri var ama genel deneyim iyi.,positive
Ekran kalitesi renkler açısından güzel. İlk izlenimim olumlu oldu.,positive
Gece çekimleri çok iyi değil ama idare eder. Tekrar almayı düşünebilirim.,positive
Oyun performansı orta-üst seviyede. Beklentimi büyük ölçüde karşıladı.,positive
Kılıfla kullanınca elde tutuşu daha iyi oluyor. Benzer ürünlere göre başarılı buldum.,positive
Depolama alanı çoğu kullanıcı için yeterli. Çok üst seviye beklemeyenler için yeterli.,positive
Uygulamalar arası geçişler hızlı. Günlük kullanım için rahatlıkla tercih edilebilir.,positive
Günlük kullanımda rahat bir deneyim sunuyor. Çok üst seviye beklemeyenler için yeterli.,positive
Depolama alanı çoğu kullanıcı için yeterli. Günlük kullanım için rahatlıkla tercih edilebilir.,positive
Parmak izi okuyucu hızlı çalışıyor. Küçük eksikleri var ama genel deneyim iyi.,positive
Kılıfla kullanınca elde tutuşu daha iyi oluyor. Benzer ürünlere göre başarılı buldum.,positive
Ekran parlaklığı dış mekanda yeterli. Çok üst seviye beklemeyenler için yeterli.,positive
Gece çekimleri çok iyi değil ama idare eder. Fiyatı biraz daha uygun olsa daha iyi olurdu.,positive
Oyun performansı orta-üst seviyede. İlk izlenimim olumlu oldu.,positive
Şarj süresi biraz uzun gelebilir. Küçük eksikleri var ama genel deneyim iyi.,positive
Uygulamalar arası geçişler hızlı. Tekrar almayı düşünebilirim.,positive
Hoparlör sesi ortalama seviyede. Çok üst seviye beklemeyenler için yeterli.,positive
Hoparlör sesi ortalama seviyede. Beklentimi büyük ölçüde karşıladı.,positive
Yoğun kullanımda biraz ısınma yapıyor. Benzer ürünlere göre başarılı buldum.,negative
Malzeme kalitesi premium hissettiriyor. Beklentimi büyük ölçüde karşıladı.,positive
Ekran parlaklığı dış mekanda yeterli. Tekrar almayı düşünebilirim.,positive
Ekran kalitesi renkler açısından güzel. Beklentimi büyük ölçüde karşıladı.,negative
Ekran kalitesi renkler açısından güzel. Uzun vadede performansını görmek lazım.,positive
Hoparlör sesi ortalama seviyede. Genel olarak memnun kaldım.,positive
Gece çekimleri çok iyi değil ama idare eder. Çok üst seviye beklemeyenler için yeterli.,negative
Hoparlör sesi ortalama seviyede. Günlük kullanım için rahatlıkla tercih edilebilir.,positive
Kamera gündüz çekimlerinde oldukça başarılı. Beklentimi büyük ölçüde karşıladı.,negative
Parmak izi okuyucu hızlı çalışıyor. Fiyatı biraz daha uygun olsa daha iyi olurdu.,positive
Uygulamalar arası geçişler hızlı. Tekrar almayı düşünebilirim.,positive
Depolama alanı çoğu kullanıcı için yeterli. Çok üst seviye beklemeyenler için yeterli.,positive
Gece çekimleri çok iyi değil ama idare eder. Tekrar almayı düşünebilirim.,positive
Kamera gündüz çekimlerinde oldukça başarılı. Beklentimi büyük ölçüde karşıladı.,positive
Batarya süresi günlük kullanım için yeterli. İlk izlenimim olumlu oldu.,negative
Fiyatına göre mantıklı bir telefon. Fiyatı biraz daha uygun olsa daha iyi olurdu.,positive
Ekran parlaklığı dış mekanda yeterli. Genel olarak memnun kaldım.,positive
Ekran kalitesi renkler açısından güzel. Çok üst seviye beklemeyenler için yeterli.,positive
Batarya süresi günlük kullanım için yeterli. Fiyatı biraz daha uygun olsa daha iyi olurdu.,positive
Günlük kullanımda rahat bir deneyim sunuyor. Günlük kullanım için rahatlıkla tercih edilebilir.,positive
Kılıfla kullanınca elde tutuşu daha iyi oluyor. Fiyatı biraz daha uygun olsa daha iyi olurdu.,positive
Batarya süresi günlük kullanım için yeterli. İlk izlenimim olumlu oldu.,positive
Ekran kalitesi renkler açısından güzel. Uzun vadede performansını görmek lazım.,positive
Gece çekimleri çok iyi değil ama idare eder. Tekrar almayı düşünebilirim.,positive
Parmak izi okuyucu hızlı çalışıyor. İlk izlenimim olumlu oldu.,positive
Performansı akıcı ve takılma çok az. Genel olarak memnun kaldım.,positive
Uzun vadeli kullanımda pil performansı önemli olacak. Genel olarak memnun kaldım.,positive
Yoğun kullanımda biraz ısınma yapıyor. Uzun vadede performansını görmek lazım.,positive
Kılıfla kullanınca elde tutuşu daha iyi oluyor. Beklentimi büyük ölçüde karşıladı.,positive
Uygulamalar arası geçişler hızlı. Küçük eksikleri var ama genel deneyim iyi.,positive
Ekran kalitesi renkler açısından güzel. Tekrar almayı düşünebilirim.,positive
Ön kamera sosyal medya için yeterli. Günlük kullanım için rahatlıkla tercih edilebilir.,negative
Uzun vadeli kullanımda pil performansı önemli olacak. İlk izlenimim olumlu oldu.,positive
Günlük kullanımda rahat bir deneyim sunuyor. Küçük eksikleri var ama genel deneyim iyi.,positive
Ekran kalitesi renkler açısından güzel. Tekrar almayı düşünebilirim.,positive
Fiyatı biraz yüksek ama sundukları iyi. Çok üst seviye beklemeyenler için yeterli.,positive
Kamera gündüz çekimlerinde oldukça başarılı. Çok üst seviye beklemeyenler için yeterli.,negative
Yoğun kullanımda biraz ısınma yapıyor. Fiyatı biraz daha uygun olsa daha iyi olurdu.,positive
Fiyatına göre mantıklı bir telefon. Uzun vadede performansını görmek lazım.,positive
Depolama alanı çoğu kullanıcı için yeterli. İlk izlenimim olumlu oldu.,negative
Fiyatına göre mantıklı bir telefon. Günlük kullanım için rahatlıkla tercih edilebilir.,positive
Şarj süresi biraz uzun gelebilir. Küçük eksikleri var ama genel deneyim iyi.,positive
Oyun performansı orta-üst seviyede. Tekrar almayı düşünebilirim.,negative
Malzeme kalitesi premium hissettiriyor. Benzer ürünlere göre başarılı buldum.,negative
Kamera gündüz çekimlerinde oldukça başarılı. Uzun vadede performansını görmek lazım.,negative
Yoğun kullanımda biraz ısınma yapıyor. Benzer ürünlere göre başarılı buldum.,positive
Parmak izi okuyucu hızlı çalışıyor. Küçük eksikleri var ama genel deneyim iyi.,positive
Ekran kalitesi renkler açısından güzel. Günlük kullanım için rahatlıkla tercih edilebilir.,positive
Ekran parlaklığı dış mekanda yeterli. Tekrar almayı düşünebilirim.,positive
Uygulamalar arası geçişler hızlı. Beklentimi büyük ölçüde karşıladı.,positive
Ön kamera sosyal medya için yeterli. Uzun vadede performansını görmek lazım.,positive
Ekran parlaklığı dış mekanda yeterli. Tekrar almayı düşünebilirim.,positive
Uzun vadeli kullanımda pil performansı önemli olacak. İlk izlenimim olumlu oldu.,negative
Depolama alanı çoğu kullanıcı için yeterli. Beklentimi büyük ölçüde karşıladı.,positive
Hoparlör sesi ortalama seviyede. Fiyatı biraz daha uygun olsa daha iyi olurdu.,positive
Hoparlör sesi ortalama seviyede. Tekrar almayı düşünebilirim.,positive
Fiyatı biraz yüksek ama sundukları iyi. Uzun vadede performansını görmek lazım.,positive
Ön kamera sosyal medya için yeterli. Küçük eksikleri var ama genel deneyim iyi.,positive
Yoğun kullanımda biraz ısınma yapıyor. İlk izlenimim olumlu oldu.,positive
Uzun vadeli kullanımda pil performansı önemli olacak. Tekrar almayı düşünebilirim.,positive
Ekran parlaklığı dış mekanda yeterli. Uzun vadede performansını görmek lazım.,positive
Kılıfla kullanınca elde tutuşu daha iyi oluyor. İlk izlenimim olumlu oldu.,positive
Şarj süresi biraz uzun gelebilir. Günlük kullanım için rahatlıkla tercih edilebilir.,positive
Gece çekimleri çok iyi değil ama idare eder. Küçük eksikleri var ama genel deneyim iyi.,positive
Ön kamera sosyal medya için yeterli. Tekrar almayı düşünebilirim.,positive
Oyun performansı orta-üst seviyede. Tekrar almayı düşünebilirim.,positive
Ön kamera sosyal medya için yeterli. Küçük eksikleri var ama genel deneyim iyi.,positive
Uygulamalar arası geçişler hızlı. Fiyatı biraz daha uygun olsa daha iyi olurdu.,negative
Fiyatına göre mantıklı bir telefon. Tekrar almayı düşünebilirim.,positive
Şarj süresi biraz uzun gelebilir. Tekrar almayı düşünebilirim.,negative
Kamera gündüz çekimlerinde oldukça başarılı. İlk izlenimim olumlu oldu.,positive
Oyun performansı orta-üst seviyede. İlk izlenimim olumlu oldu.,positive
Uzun vadeli kullanımda pil performansı önemli olacak. Günlük kullanım için rahatlıkla tercih edilebilir.,negative
Uzun vadeli kullanımda pil performansı önemli olacak. Uzun vadede performansını görmek lazım.,negative
Malzeme kalitesi premium hissettiriyor. Fiyatı biraz daha uygun olsa daha iyi olurdu.,positive
Depolama alanı çoğu kullanıcı için yeterli. Çok üst seviye beklemeyenler için yeterli.,positive
Fiyatı biraz yüksek ama sundukları iyi. Uzun vadede performansını görmek lazım.,positive
Performansı akıcı ve takılma çok az. Günlük kullanım için rahatlıkla tercih edilebilir.,positive
Kamera gündüz çekimlerinde oldukça başarılı. Çok üst seviye beklemeyenler için yeterli.,positive
Uygulamalar arası geçişler hızlı. Beklentimi büyük ölçüde karşıladı.,positive
Hoparlör sesi ortalama seviyede. Günlük kullanım için rahatlıkla tercih edilebilir.,negative
Günlük kullanımda rahat bir deneyim sunuyor. Uzun vadede performansını görmek lazım.,positive
Ön kamera sosyal medya için yeterli. Küçük eksikleri var ama genel deneyim iyi.,positive
Malzeme kalitesi premium hissettiriyor. Günlük kullanım için rahatlıkla tercih edilebilir.,positive
Gece çekimleri çok iyi değil ama idare eder. Çok üst seviye beklemeyenler için yeterli.,positive
Yoğun kullanımda biraz ısınma yapıyor. Günlük kullanım için rahatlıkla tercih edilebilir.,negative
Uygulamalar arası geçişler hızlı. Benzer ürünlere göre başarılı buldum.,positive
Ekran parlaklığı dış mekanda yeterli. İlk izlenimim olumlu oldu.,negative
Kılıfla kullanınca elde tutuşu daha iyi oluyor. Fiyatı biraz daha uygun olsa daha iyi olurdu.,positive
Gece çekimleri çok iyi değil ama idare eder. Günlük kullanım için rahatlıkla tercih edilebilir.,positive
Şarj süresi biraz uzun gelebilir. Günlük kullanım için rahatlıkla tercih edilebilir.,positive
Ön kamera sosyal medya için yeterli. Benzer ürünlere göre başarılı buldum.,positive
Günlük kullanımda rahat bir deneyim sunuyor. Benzer ürünlere göre başarılı buldum.,positive
Yoğun kullanımda biraz ısınma yapıyor. Fiyatı biraz daha uygun olsa daha iyi olurdu.,negative
Ön kamera sosyal medya için yeterli. Uzun vadede performansını görmek lazım.,positive
Günlük kullanımda rahat bir deneyim sunuyor. İlk izlenimim olumlu oldu.,positive
Günlük kullanımda rahat bir deneyim sunuyor. İlk izlenimim olumlu oldu.,positive
Şarj süresi biraz uzun gelebilir. Tekrar almayı düşünebilirim.,positive
Oyun performansı orta-üst seviyede. Çok üst seviye beklemeyenler için yeterli.,negative
Ekran parlaklığı dış mekanda yeterli. Uzun vadede performansını görmek lazım.,positive
Fiyatı biraz yüksek ama sundukları iyi. Uzun vadede performansını görmek lazım.,positive
Performansı akıcı ve takılma çok az. Benzer ürünlere göre başarılı buldum.,negative
Hoparlör sesi ortalama seviyede. Çok üst seviye beklemeyenler için yeterli.,negative
Oyun performansı orta-üst seviyede. Günlük kullanım için rahatlıkla tercih edilebilir.,positive
Depolama alanı çoğu kullanıcı için yeterli. Beklentimi büyük ölçüde karşıladı.,positive
Depolama alanı çoğu kullanıcı için yeterli. Fiyatı biraz daha uygun olsa daha iyi olurdu.,positive
Uygulamalar arası geçişler hızlı. Uzun vadede performansını görmek lazım.,positive
Kılıfla kullanınca elde tutuşu daha iyi oluyor. Benzer ürünlere göre başarılı buldum.,positive
Malzeme kalitesi premium hissettiriyor. Günlük kullanım için rahatlıkla tercih edilebilir.,positive
Fiyatına göre mantıklı bir telefon. Genel olarak memnun kaldım.,positive
Ekran kalitesi renkler açısından güzel. Beklentimi büyük ölçüde karşıladı.,positive
Depolama alanı çoğu kullanıcı için yeterli. Genel olarak memnun kaldım.,positive
Yoğun kullanımda biraz ısınma yapıyor. Fiyatı biraz daha uygun olsa daha iyi olurdu.,positive
Depolama alanı çoğu kullanıcı için yeterli. Beklentimi büyük ölçüde karşıladı.,positive
Gece çekimleri çok iyi değil ama idare eder. İlk izlenimim olumlu oldu.,positive
Ekran kalitesi renkler açısından güzel. Çok üst seviye beklemeyenler için yeterli.,negative
Parmak izi okuyucu hızlı çalışıyor. Beklentimi büyük ölçüde karşıladı.,positive
Kılıfla kullanınca elde tutuşu daha iyi oluyor. İlk izlenimim olumlu oldu.,positive
Ekran kalitesi renkler açısından güzel. Küçük eksikleri var ama genel deneyim iyi.,positive
Oyun performansı orta-üst seviyede. Günlük kullanım için rahatlıkla tercih edilebilir.,positive
Parmak izi okuyucu hızlı çalışıyor. Günlük kullanım için rahatlıkla tercih edilebilir.,positive
Fiyatına göre mantıklı bir telefon. Tekrar almayı düşünebilirim.,positive
Hoparlör sesi ortalama seviyede. Tekrar almayı düşünebilirim.,positive
Hoparlör sesi ortalama seviyede. Beklentimi büyük ölçüde karşıladı.,positive
Gece çekimleri çok iyi değil ama idare eder. Günlük kullanım için rahatlıkla tercih edilebilir.,positive
Parmak izi okuyucu hızlı çalışıyor. Çok üst seviye beklemeyenler için yeterli.,positive
Ön kamera sosyal medya için yeterli. İlk izlenimim olumlu oldu.,positive
Uzun vadeli kullanımda pil performansı önemli olacak. Günlük kullanım için rahatlıkla tercih edilebilir.,positive
Kamera gündüz çekimlerinde oldukça başarılı. Küçük eksikleri var ama genel deneyim iyi.,positive
Hoparlör sesi ortalama seviyede. Çok üst seviye beklemeyenler için yeterli.,negative
Hoparlör sesi ortalama seviyede. Uzun vadede performansını görmek lazım.,positive
Günlük kullanımda rahat bir deneyim sunuyor. Beklentimi büyük ölçüde karşıladı.,negative
Günlük kullanımda rahat bir deneyim sunuyor. Uzun vadede performansını görmek lazım.,positive
Kılıfla kullanınca elde tutuşu daha iyi oluyor. Küçük eksikleri var ama genel deneyim iyi.,positive
Şarj süresi biraz uzun gelebilir. Tekrar almayı düşünebilirim.,positive
Performansı akıcı ve takılma çok az. Uzun vadede performansını görmek lazım.,positive
Ekran kalitesi renkler açısından güzel. Benzer ürünlere göre başarılı buldum.,positive
Batarya süresi günlük kullanım için yeterli. Genel olarak memnun kaldım.,positive
Şarj süresi biraz uzun gelebilir. Küçük eksikleri var ama genel deneyim iyi.,negative
Parmak izi okuyucu hızlı çalışıyor. Fiyatı biraz daha uygun olsa daha iyi olurdu.,positive
Kılıfla kullanınca elde tutuşu daha iyi oluyor. Fiyatı biraz daha uygun olsa daha iyi olurdu.,negative
Parmak izi okuyucu hızlı çalışıyor. Genel olarak memnun kaldım.,positive
Uygulamalar arası geçişler hızlı. Günlük kullanım için rahatlıkla tercih edilebilir.,positive
Ekran parlaklığı dış mekanda yeterli. Benzer ürünlere göre başarılı buldum.,positive
Oyun performansı orta-üst seviyede. Günlük kullanım için rahatlıkla tercih edilebilir.,positive
Ekran parlaklığı dış mekanda yeterli. Genel olarak memnun kaldım.,positive
Hoparlör sesi ortalama seviyede. Uzun vadede performansını görmek lazım.,positive
Malzeme kalitesi premium hissettiriyor. İlk izlenimim olumlu oldu.,positive
Gece çekimleri çok iyi değil ama idare eder. Beklentimi büyük ölçüde karşıladı.,positive
Uygulamalar arası geçişler hızlı. Fiyatı biraz daha uygun olsa daha iyi olurdu.,positive
Gece çekimleri çok iyi değil ama idare eder. Beklentimi büyük ölçüde karşıladı.,positive
Performansı akıcı ve takılma çok az. Genel olarak memnun kaldım.,positive
Depolama alanı temel kullanım için uygun. Çok üst seviye beklemeyenler için yeterli.,negative
Şarj süresi normal seviyede. Uzun vadede performansını görmek lazım.,positive
Kalem desteği olsa daha iyi olurdu. Tekrar almayı düşünebilirim.,positive
Taşıması kolay ve çok ağır değil. Genel olarak memnun kaldım.,positive
Uzun süre elde tutunca biraz yorabilir. Uzun vadede performansını görmek lazım.,positive
Parlaklık seviyesi dış mekanda biraz düşük kalabilir. Benzer ürünlere göre başarılı buldum.,positive
Genel olarak beklentimi karşıladı. İlk izlenimim olumlu oldu.,positive
Taşıması kolay ve çok ağır değil. İlk izlenimim olumlu oldu.,positive
Dokunmatik hassasiyeti iyi. Tekrar almayı düşünebilirim.,positive
Kamera performansı çok beklentiye girilmemeli. Tekrar almayı düşünebilirim.,positive
Şarj süresi normal seviyede. Tekrar almayı düşünebilirim.,positive
Çocuklar için eğitim uygulamalarında işe yarıyor. Uzun vadede performansını görmek lazım.,positive
Kalem desteği olsa daha iyi olurdu. Benzer ürünlere göre başarılı buldum.,positive
Şarj süresi normal seviyede. Günlük kullanım için rahatlıkla tercih edilebilir.,positive
Fiyatına göre alınabilir bir ürün. Fiyatı biraz daha uygun olsa daha iyi olurdu.,positive
Uygulamalar genel olarak akıcı çalışıyor. Fiyatı biraz daha uygun olsa daha iyi olurdu.,positive
Kamera performansı çok beklentiye girilmemeli. Çok üst seviye beklemeyenler için yeterli.,positive
Not almak için kullanışlı. Küçük eksikleri var ama genel deneyim iyi.,positive
Şarj süresi normal seviyede. İlk izlenimim olumlu oldu.,negative
Film izlerken ekran kalitesi tatmin edici. Çok üst seviye beklemeyenler için yeterli.,positive
Çocuklar için eğitim uygulamalarında işe yarıyor. Çok üst seviye beklemeyenler için yeterli.,positive
Kasa kalitesi fiyatına göre iyi. Çok üst seviye beklemeyenler için yeterli.,positive
Kasa kalitesi fiyatına göre iyi. Benzer ürünlere göre başarılı buldum.,positive
Taşıması kolay ve çok ağır değil. Günlük kullanım için rahatlıkla tercih edilebilir.,negative
Hoparlör kalitesi biraz zayıf kalıyor. Fiyatı biraz daha uygun olsa daha iyi olurdu.,positive
Film izlerken ekran kalitesi tatmin edici. Beklentimi büyük ölçüde karşıladı.,positive
Kamera performansı çok beklentiye girilmemeli. Fiyatı biraz daha uygun olsa daha iyi olurdu.,positive
Film izlerken ekran kalitesi tatmin edici. Çok üst seviye beklemeyenler için yeterli.,negative
Kamera performansı çok beklentiye girilmemeli. Fiyatı biraz daha uygun olsa daha iyi olurdu.,positive
Eğitim amaçlı kullanım için yeterli performans sunuyor. Benzer ürünlere göre başarılı buldum.,negative
Şarj süresi normal seviyede. İlk izlenimim olumlu oldu.,positive
Fiyatına göre alınabilir bir ürün. İlk izlenimim olumlu oldu.,positive
Not almak için kullanışlı. Beklentimi büyük ölçüde karşıladı.,positive
Kasa kalitesi fiyatına göre iyi. Benzer ürünlere göre başarılı buldum.,negative
Fiyatına göre alınabilir bir ürün. Günlük kullanım için rahatlıkla tercih edilebilir.,positive
Film izlerken ekran kalitesi tatmin edici. Genel olarak memnun kaldım.,positive
Günlük internet kullanımı için yeterli. Fiyatı biraz daha uygun olsa daha iyi olurdu.,negative
Kalem desteği olsa daha iyi olurdu. Beklentimi büyük ölçüde karşıladı.,positive
Çocuklar için eğitim uygulamalarında işe yarıyor. Tekrar almayı düşünebilirim.,negative
Çocuklar için eğitim uygulamalarında işe yarıyor. Çok üst seviye beklemeyenler için yeterli.,positive
Fiyatına göre alınabilir bir ürün. Uzun vadede performansını görmek lazım.,positive
Film izlerken ekran kalitesi tatmin edici. Genel olarak memnun kaldım.,positive
Batarya süresi uzun kullanımda avantaj sağlıyor. Tekrar almayı düşünebilirim.,positive
Günlük internet kullanımı için yeterli. Benzer ürünlere göre başarılı buldum.,positive
Günlük internet kullanımı için yeterli. Küçük eksikleri var ama genel deneyim iyi.,positive
Taşıması kolay ve çok ağır değil. Çok üst seviye beklemeyenler için yeterli.,negative
Parlaklık seviyesi dış mekanda biraz düşük kalabilir. Fiyatı biraz daha uygun olsa daha iyi olurdu.,positive
Fiyatına göre alınabilir bir ürün. Çok üst seviye beklemeyenler için yeterli.,positive
Film izlerken ekran kalitesi tatmin edici. Uzun vadede performansını görmek lazım.,positive
Hoparlör kalitesi biraz zayıf kalıyor. Beklentimi büyük ölçüde karşıladı.,positive
Günlük internet kullanımı için yeterli. Tekrar almayı düşünebilirim.,positive
Parlaklık seviyesi dış mekanda biraz düşük kalabilir. Küçük eksikleri var ama genel deneyim iyi.,positive
Şarj süresi normal seviyede. Günlük kullanım için rahatlıkla tercih edilebilir.,positive
Dokunmatik hassasiyeti iyi. Genel olarak memnun kaldım.,positive
Kasa kalitesi fiyatına göre iyi. Günlük kullanım için rahatlıkla tercih edilebilir.,positive
Uygulamalar genel olarak akıcı çalışıyor. Küçük eksikleri var ama genel deneyim iyi.,positive
Dokunmatik hassasiyeti iyi. Tekrar almayı düşünebilirim.,positive
Kalem desteği olsa daha iyi olurdu. Çok üst seviye beklemeyenler için yeterli.,positive
Depolama alanı temel kullanım için uygun. Beklentimi büyük ölçüde karşıladı.,positive
Ekran boyutu ders ve video izlemek için ideal. Çok üst seviye beklemeyenler için yeterli.,positive
Kasa kalitesi fiyatına göre iyi. Küçük eksikleri var ama genel deneyim iyi.,positive
Kasa kalitesi fiyatına göre iyi. Tekrar almayı düşünebilirim.,positive
Batarya süresi uzun kullanımda avantaj sağlıyor. İlk izlenimim olumlu oldu.,positive
Hoparlör kalitesi biraz zayıf kalıyor. Uzun vadede performansını görmek lazım.,positive
Film izlerken ekran kalitesi tatmin edici. Genel olarak memnun kaldım.,positive
Şarj süresi normal seviyede. Küçük eksikleri var ama genel deneyim iyi.,positive
Kamera performansı çok beklentiye girilmemeli. Küçük eksikleri var ama genel deneyim iyi.,negative
Parlaklık seviyesi dış mekanda biraz düşük kalabilir. Genel olarak memnun kaldım.,positive
Kalem desteği olsa daha iyi olurdu. Günlük kullanım için rahatlıkla tercih edilebilir.,positive
Kasa kalitesi fiyatına göre iyi. Çok üst seviye beklemeyenler için yeterli.,negative
Uzun süre elde tutunca biraz yorabilir. Uzun vadede performansını görmek lazım.,negative
Çocuklar için eğitim uygulamalarında işe yarıyor. Tekrar almayı düşünebilirim.,positive
Uzun süre elde tutunca biraz yorabilir. Tekrar almayı düşünebilirim.,positive
Film izlerken ekran kalitesi tatmin edici. Tekrar almayı düşünebilirim.,positive
Parlaklık seviyesi dış mekanda biraz düşük kalabilir. İlk izlenimim olumlu oldu.,negative
Ekran boyutu ders ve video izlemek için ideal. Günlük kullanım için rahatlıkla tercih edilebilir.,positive
Hoparlör kalitesi biraz zayıf kalıyor. Tekrar almayı düşünebilirim.,positive
Fiyatına göre alınabilir bir ürün. Genel olarak memnun kaldım.,positive
Kamera performansı çok beklentiye girilmemeli. Tekrar almayı düşünebilirim.,positive
Depolama alanı temel kullanım için uygun. Genel olarak memnun kaldım.,positive
Genel olarak beklentimi karşıladı. Tekrar almayı düşünebilirim.,positive
Günlük internet kullanımı için yeterli. Beklentimi büyük ölçüde karşıladı.,positive
Fiyatına göre alınabilir bir ürün. Genel olarak memnun kaldım.,negative
Günlük internet kullanımı için yeterli. Tekrar almayı düşünebilirim.,positive
Kalem desteği olsa daha iyi olurdu. Fiyatı biraz daha uygun olsa daha iyi olurdu.,positive
Dokunmatik hassasiyeti iyi. Benzer ürünlere göre başarılı buldum.,positive
Kamera performansı çok beklentiye girilmemeli. Fiyatı biraz daha uygun olsa daha iyi olurdu.,positive
Uygulamalar genel olarak akıcı çalışıyor. Tekrar almayı düşünebilirim.,negative
Şarj süresi normal seviyede. Genel olarak memnun kaldım.,positive
Şarj süresi normal seviyede. Genel olarak memnun kaldım.,positive
Fiyatına göre alınabilir bir ürün. Beklentimi büyük ölçüde karşıladı.,positive
Çocuklar için eğitim uygulamalarında işe yarıyor. İlk izlenimim olumlu oldu.,negative
Depolama alanı temel kullanım için uygun. Fiyatı biraz daha uygun olsa daha iyi olurdu.,negative
Ekran boyutu ders ve video izlemek için ideal. Genel olarak memnun kaldım.,positive
Hoparlör kalitesi biraz zayıf kalıyor. Küçük eksikleri var ama genel deneyim iyi.,positive
Depolama alanı temel kullanım için uygun. Küçük eksikleri var ama genel deneyim iyi.,negative
Fiyatına göre alınabilir bir ürün. Günlük kullanım için rahatlıkla tercih edilebilir.,negative
Not almak için kullanışlı. Günlük kullanım için rahatlıkla tercih edilebilir.,positive
Kasa kalitesi fiyatına göre iyi. Fiyatı biraz daha uygun olsa daha iyi olurdu.,positive
Fiyatına göre alınabilir bir ürün. Çok üst seviye beklemeyenler için yeterli.,positive
Depolama alanı temel kullanım için uygun. Genel olarak memnun kaldım.,positive
Not almak için kullanışlı. İlk izlenimim olumlu oldu.,positive
Kalem desteği olsa daha iyi olurdu. Çok üst seviye beklemeyenler için yeterli.,positive
Kamera performansı çok beklentiye girilmemeli. Günlük kullanım için rahatlıkla tercih edilebilir.,negative
Depolama alanı temel kullanım için uygun. Çok üst seviye beklemeyenler için yeterli.,positive
Not almak için kullanışlı. Küçük eksikleri var ama genel deneyim iyi.,positive
Not almak için kullanışlı. Benzer ürünlere göre başarılı buldum.,positive
Uzun süre elde tutunca biraz yorabilir. Tekrar almayı düşünebilirim.,negative
Uzun süre elde tutunca biraz yorabilir. Çok üst seviye beklemeyenler için yeterli.,positive
Kasa kalitesi fiyatına göre iyi. Günlük kullanım için rahatlıkla tercih edilebilir.,positive
Parlaklık seviyesi dış mekanda biraz düşük kalabilir. Günlük kullanım için rahatlıkla tercih edilebilir.,positive
Eğitim amaçlı kullanım için yeterli performans sunuyor. Küçük eksikleri var ama genel deneyim iyi.,positive
Eğitim amaçlı kullanım için yeterli performans sunuyor. Genel olarak memnun kaldım.,positive
Genel olarak beklentimi karşıladı. Küçük eksikleri var ama genel deneyim iyi.,positive
Film izlerken ekran kalitesi tatmin edici. Çok üst seviye beklemeyenler için yeterli.,negative
Dokunmatik hassasiyeti iyi. Genel olarak memnun kaldım.,positive
Çocuklar için eğitim uygulamalarında işe yarıyor. Günlük kullanım için rahatlıkla tercih edilebilir.,positive
Not almak için kullanışlı. Beklentimi büyük ölçüde karşıladı.,positive
Kasa kalitesi fiyatına göre iyi. Fiyatı biraz daha uygun olsa daha iyi olurdu.,positive
Şarj süresi normal seviyede. İlk izlenimim olumlu oldu.,negative
Günlük internet kullanımı için yeterli. Benzer ürünlere göre başarılı buldum.,positive
Not almak için kullanışlı. Günlük kullanım için rahatlıkla tercih edilebilir.,negative
Not almak için kullanışlı. Beklentimi büyük ölçüde karşıladı.,positive
Ekran boyutu ders ve video izlemek için ideal. Benzer ürünlere göre başarılı buldum.,positive
Dokunmatik hassasiyeti iyi. Uzun vadede performansını görmek lazım.,positive
Kamera performansı çok beklentiye girilmemeli. Tekrar almayı düşünebilirim.,negative
Kasa kalitesi fiyatına göre iyi. Çok üst seviye beklemeyenler için yeterli.,positive
Eğitim amaçlı kullanım için yeterli performans sunuyor. Günlük kullanım için rahatlıkla tercih edilebilir.,positive
Kalem desteği olsa daha iyi olurdu. Beklentimi büyük ölçüde karşıladı.,positive
Uzun süre elde tutunca biraz yorabilir. Küçük eksikleri var ama genel deneyim iyi.,negative
Batarya süresi uzun kullanımda avantaj sağlıyor. Fiyatı biraz daha uygun olsa daha iyi olurdu.,positive
Ekran boyutu ders ve video izlemek için ideal. Uzun vadede performansını görmek lazım.,positive
Uygulamalar genel olarak akıcı çalışıyor. Günlük kullanım için rahatlıkla tercih edilebilir.,positive
Taşıması kolay ve çok ağır değil. İlk izlenimim olumlu oldu.,negative
Parlaklık seviyesi dış mekanda biraz düşük kalabilir. Küçük eksikleri var ama genel deneyim iyi.,positive
Depolama alanı temel kullanım için uygun. Genel olarak memnun kaldım.,positive
Kamera performansı çok beklentiye girilmemeli. Beklentimi büyük ölçüde karşıladı.,negative
Kamera performansı çok beklentiye girilmemeli. Beklentimi büyük ölçüde karşıladı.,positive
Kasa kalitesi fiyatına göre iyi. Beklentimi büyük ölçüde karşıladı.,negative
Ekran boyutu ders ve video izlemek için ideal. Çok üst seviye beklemeyenler için yeterli.,positive
Kalem desteği olsa daha iyi olurdu. Çok üst seviye beklemeyenler için yeterli.,positive
Uzun süre elde tutunca biraz yorabilir. Günlük kullanım için rahatlıkla tercih edilebilir.,positive
Uygulamalar genel olarak akıcı çalışıyor. Uzun vadede performansını görmek lazım.,positive
Dokunmatik hassasiyeti iyi. İlk izlenimim olumlu oldu.,negative
Depolama alanı temel kullanım için uygun. İlk izlenimim olumlu oldu.,positive
Genel olarak beklentimi karşıladı. Günlük kullanım için rahatlıkla tercih edilebilir.,positive
Parlaklık seviyesi dış mekanda biraz düşük kalabilir. Benzer ürünlere göre başarılı buldum.,negative
Kamera performansı çok beklentiye girilmemeli. Uzun vadede performansını görmek lazım.,positive
Dokunmatik hassasiyeti iyi. Günlük kullanım için rahatlıkla tercih edilebilir.,positive
Not almak için kullanışlı. Tekrar almayı düşünebilirim.,negative
Parlaklık seviyesi dış mekanda biraz düşük kalabilir. Günlük kullanım için rahatlıkla tercih edilebilir.,positive
Batarya süresi uzun kullanımda avantaj sağlıyor. Tekrar almayı düşünebilirim.,positive
Kamera performansı çok beklentiye girilmemeli. Genel olarak memnun kaldım.,positive
Parlaklık seviyesi dış mekanda biraz düşük kalabilir. Uzun vadede performansını görmek lazım.,positive
Kamera performansı çok beklentiye girilmemeli. Tekrar almayı düşünebilirim.,positive
Kamera performansı çok beklentiye girilmemeli. Benzer ürünlere göre başarılı buldum.,positive
Çocuklar için eğitim uygulamalarında işe yarıyor. Tekrar almayı düşünebilirim.,negative
Batarya süresi uzun kullanımda avantaj sağlıyor. Uzun vadede performansını görmek lazım.,positive
Uygulamalar genel olarak akıcı çalışıyor. İlk izlenimim olumlu oldu.,positive
Günlük internet kullanımı için yeterli. Tekrar almayı düşünebilirim.,positive
Uygulamalar genel olarak akıcı çalışıyor. Tekrar almayı düşünebilirim.,negative
Taşıması kolay ve çok ağır değil. Tekrar almayı düşünebilirim.,positive
Hoparlör kalitesi biraz zayıf kalıyor. Günlük kullanım için rahatlıkla tercih edilebilir.,positive
Genel olarak beklentimi karşıladı. Benzer ürünlere göre başarılı buldum.,positive
Dokunmatik hassasiyeti iyi. Tekrar almayı düşünebilirim.,positive
Depolama alanı temel kullanım için uygun. Benzer ürünlere göre başarılı buldum.,positive
Taşıması kolay ve çok ağır değil. Günlük kullanım için rahatlıkla tercih edilebilir.,positive
Taşıması kolay ve çok ağır değil. Tekrar almayı düşünebilirim.,positive
Parlaklık seviyesi dış mekanda biraz düşük kalabilir. Günlük kullanım için rahatlıkla tercih edilebilir.,positive
Günlük internet kullanımı için yeterli. İlk izlenimim olumlu oldu.,positive
Film izlerken ekran kalitesi tatmin edici. Genel olarak memnun kaldım.,positive
Hoparlör kalitesi biraz zayıf kalıyor. Günlük kullanım için rahatlıkla tercih edilebilir.,negative
Şarj süresi normal seviyede. Çok üst seviye beklemeyenler için yeterli.,positive
Parlaklık seviyesi dış mekanda biraz düşük kalabilir. Çok üst seviye beklemeyenler için yeterli.,positive
Fiyatına göre alınabilir bir ürün. İlk izlenimim olumlu oldu.,positive
Kalem desteği olsa daha iyi olurdu. Günlük kullanım için rahatlıkla tercih edilebilir.,positive
Uygulamalar genel olarak akıcı çalışıyor. Fiyatı biraz daha uygun olsa daha iyi olurdu.,positive
Dokunmatik hassasiyeti iyi. Benzer ürünlere göre başarılı buldum.,positive
Eğitim amaçlı kullanım için yeterli performans sunuyor. Fiyatı biraz daha uygun olsa daha iyi olurdu.,positive
Taşıması kolay ve çok ağır değil. Genel olarak memnun kaldım.,negative
Hoparlör kalitesi biraz zayıf kalıyor. Genel olarak memnun kaldım.,positive
Not almak için kullanışlı. Fiyatı biraz daha uygun olsa daha iyi olurdu.,positive
Not almak için kullanışlı. Tekrar almayı düşünebilirim.,positive
Batarya süresi uzun kullanımda avantaj sağlıyor. Genel olarak memnun kaldım.,positive
Not almak için kullanışlı. Çok üst seviye beklemeyenler için yeterli.,positive
Ekran boyutu ders ve video izlemek için ideal. Çok üst seviye beklemeyenler için yeterli.,positive
Depolama alanı temel kullanım için uygun. Tekrar almayı düşünebilirim.,negative
Kalem desteği olsa daha iyi olurdu. Beklentimi büyük ölçüde karşıladı.,positive
Eğitim amaçlı kullanım için yeterli performans sunuyor. Günlük kullanım için rahatlıkla tercih edilebilir.,positive
Çocuklar için eğitim uygulamalarında işe yarıyor. Çok üst seviye beklemeyenler için yeterli.,positive
Çocuklar için eğitim uygulamalarında işe yarıyor. Tekrar almayı düşünebilirim.,positive
Eğitim amaçlı kullanım için yeterli performans sunuyor. Fiyatı biraz daha uygun olsa daha iyi olurdu.,positive
Kasa kalitesi fiyatına göre iyi. Benzer ürünlere göre başarılı buldum.,negative
Film izlerken ekran kalitesi tatmin edici. Genel olarak memnun kaldım.,positive
Şarj süresi normal seviyede. Benzer ürünlere göre başarılı buldum.,negative
Günlük internet kullanımı için yeterli. Çok üst seviye beklemeyenler için yeterli.,positive
Dokunmatik hassasiyeti iyi. Uzun vadede performansını görmek lazım.,negative
Uygulamalar genel olarak akıcı çalışıyor. Fiyatı biraz daha uygun olsa daha iyi olurdu.,positive
Çocuklar için eğitim uygulamalarında işe yarıyor. Fiyatı biraz daha uygun olsa daha iyi olurdu.,positive
Günlük internet kullanımı için yeterli. Fiyatı biraz daha uygun olsa daha iyi olurdu.,negative
Kalem desteği olsa daha iyi olurdu. Çok üst seviye beklemeyenler için yeterli.,positive
Hoparlör kalitesi biraz zayıf kalıyor. Günlük kullanım için rahatlıkla tercih edilebilir.,positive
Uzun süre elde tutunca biraz yorabilir. Benzer ürünlere göre başarılı buldum.,positive
Kamera performansı çok beklentiye girilmemeli. İlk izlenimim olumlu oldu.,positive
Not almak için kullanışlı. Çok üst seviye beklemeyenler için yeterli.,negative
Taşıması kolay ve çok ağır değil. Tekrar almayı düşünebilirim.,positive
Depolama alanı temel kullanım için uygun. Beklentimi büyük ölçüde karşıladı.,negative
Genel olarak beklentimi karşıladı. Çok üst seviye beklemeyenler için yeterli.,positive
Hoparlör kalitesi biraz zayıf kalıyor. Çok üst seviye beklemeyenler için yeterli.,positive
Eğitim amaçlı kullanım için yeterli performans sunuyor. İlk izlenimim olumlu oldu.,positive
Depolama alanı temel kullanım için uygun. Tekrar almayı düşünebilirim.,positive
Günlük internet kullanımı için yeterli. Benzer ürünlere göre başarılı buldum.,positive
Eğitim amaçlı kullanım için yeterli performans sunuyor. Çok üst seviye beklemeyenler için yeterli.,positive
Eğitim amaçlı kullanım için yeterli performans sunuyor. İlk izlenimim olumlu oldu.,positive
Çocuklar için eğitim uygulamalarında işe yarıyor. Uzun vadede performansını görmek lazım.,positive
Fiyatına göre alınabilir bir ürün. Günlük kullanım için rahatlıkla tercih edilebilir.,positive
Taşıması kolay ve çok ağır değil. Küçük eksikleri var ama genel deneyim iyi.,positive
Film izlerken ekran kalitesi tatmin edici. İlk izlenimim olumlu oldu.,positive
Çocuklar için eğitim uygulamalarında işe yarıyor. İlk izlenimim olumlu oldu.,positive
Not almak için kullanışlı. İlk izlenimim olumlu oldu.,negative
Dokunmatik hassasiyeti iyi. Uzun vadede performansını görmek lazım.,positive
Şarj süresi normal seviyede. Beklentimi büyük ölçüde karşıladı.,positive
Fiyatına göre alınabilir bir ürün. Küçük eksikleri var ama genel deneyim iyi.,positive
Genel olarak beklentimi karşıladı. Uzun vadede performansını görmek lazım.,positive
Not almak için kullanışlı. Küçük eksikleri var ama genel deneyim iyi.,negative
Kalem desteği olsa daha iyi olurdu. Küçük eksikleri var ama genel deneyim iyi.,positive
Uzun süre elde tutunca biraz yorabilir. Beklentimi büyük ölçüde karşıladı.,positive
Depolama alanı temel kullanım için uygun. Fiyatı biraz daha uygun olsa daha iyi olurdu.,positive
Çocuklar için eğitim uygulamalarında işe yarıyor. Çok üst seviye beklemeyenler için yeterli.,positive
Uzun süre elde tutunca biraz yorabilir. Benzer ürünlere göre başarılı buldum.,positive
Uzun süre elde tutunca biraz yorabilir. Fiyatı biraz daha uygun olsa daha iyi olurdu.,negative
Ekran boyutu ders ve video izlemek için ideal. Benzer ürünlere göre başarılı buldum.,positive
Günlük internet kullanımı için yeterli. Fiyatı biraz daha uygun olsa daha iyi olurdu.,positive
Film izlerken ekran kalitesi tatmin edici. Küçük eksikleri var ama genel deneyim iyi.,negative
Kasa kalitesi fiyatına göre iyi. Günlük kullanım için rahatlıkla tercih edilebilir.,positive
Taşıması kolay ve çok ağır değil. Beklentimi büyük ölçüde karşıladı.,negative
Kalem desteği olsa daha iyi olurdu. Günlük kullanım için rahatlıkla tercih edilebilir.,positive
Film izlerken ekran kalitesi tatmin edici. Beklentimi büyük ölçüde karşıladı.,positive
Eğitim amaçlı kullanım için yeterli performans sunuyor. Küçük eksikleri var ama genel deneyim iyi.,positive
Not almak için kullanışlı. Genel olarak memnun kaldım.,positive
Depolama alanı temel kullanım için uygun. Çok üst seviye beklemeyenler için yeterli.,positive
Günlük internet kullanımı için yeterli. Uzun vadede performansını görmek lazım.,positive
Kamera performansı çok beklentiye girilmemeli. Çok üst seviye beklemeyenler için yeterli.,positive
Kamera performansı çok beklentiye girilmemeli. Küçük eksikleri var ama genel deneyim iyi.,negative
Eğitim amaçlı kullanım için yeterli performans sunuyor. Beklentimi büyük ölçüde karşıladı.,positive
Depolama alanı temel kullanım için uygun. Fiyatı biraz daha uygun olsa daha iyi olurdu.,positive
Batarya süresi uzun kullanımda avantaj sağlıyor. Günlük kullanım için rahatlıkla tercih edilebilir.,positive
Fiyatına göre alınabilir bir ürün. Beklentimi büyük ölçüde karşıladı.,negative
Taşıması kolay ve çok ağır değil. Küçük eksikleri var ama genel deneyim iyi.,positive
Fiyatına göre alınabilir bir ürün. Küçük eksikleri var ama genel deneyim iyi.,positive
Uygulamalar genel olarak akıcı çalışıyor. Tekrar almayı düşünebilirim.,positive
Hoparlör kalitesi biraz zayıf kalıyor. Benzer ürünlere göre başarılı buldum.,positive
Taşıması kolay ve çok ağır değil. Küçük eksikleri var ama genel deneyim iyi.,negative
Fiyatına göre alınabilir bir ürün. Fiyatı biraz daha uygun olsa daha iyi olurdu.,positive
Kasa kalitesi fiyatına göre iyi. Benzer ürünlere göre başarılı buldum.,positive
Kamera performansı çok beklentiye girilmemeli. Küçük eksikleri var ama genel deneyim iyi.,positive
Hoparlör kalitesi biraz zayıf kalıyor. Benzer ürünlere göre başarılı buldum.,negative
Dokunmatik hassasiyeti iyi. İlk izlenimim olumlu oldu.,positive
Hoparlör kalitesi biraz zayıf kalıyor. Çok üst seviye beklemeyenler için yeterli.,positive
Genel olarak beklentimi karşıladı. Fiyatı biraz daha uygun olsa daha iyi olurdu.,negative
Not almak için kullanışlı. Beklentimi büyük ölçüde karşıladı.,negative
Kamera performansı çok beklentiye girilmemeli. İlk izlenimim olumlu oldu.,positive
Çocuklar için eğitim uygulamalarında işe yarıyor. Günlük kullanım için rahatlıkla tercih edilebilir.,positive
Uygulamalar genel olarak akıcı çalışıyor. Beklentimi büyük ölçüde karşıladı.,positive
Uygulamalar genel olarak akıcı çalışıyor. Fiyatı biraz daha uygun olsa daha iyi olurdu.,negative
Depolama alanı temel kullanım için uygun. Günlük kullanım için rahatlıkla tercih edilebilir.,negative
Taşıması kolay ve çok ağır değil. Beklentimi büyük ölçüde karşıladı.,negative
Batarya süresi uzun kullanımda avantaj sağlıyor. Tekrar almayı düşünebilirim.,positive
Kalem desteği olsa daha iyi olurdu. Tekrar almayı düşünebilirim.,positive
Dokunmatik hassasiyeti iyi. Beklentimi büyük ölçüde karşıladı.,positive
Taşıması kolay ve çok ağır değil. Küçük eksikleri var ama genel deneyim iyi.,positive
Kamera performansı çok beklentiye girilmemeli. Günlük kullanım için rahatlıkla tercih edilebilir.,positive
Hoparlör kalitesi biraz zayıf kalıyor. İlk izlenimim olumlu oldu.,negative
Hoparlör kalitesi biraz zayıf kalıyor. Fiyatı biraz daha uygun olsa daha iyi olurdu.,positive
Genel olarak beklentimi karşıladı. Çok üst seviye beklemeyenler için yeterli.,positive
Parlaklık seviyesi dış mekanda biraz düşük kalabilir. İlk izlenimim olumlu oldu.,positive
Eğitim amaçlı kullanım için yeterli performans sunuyor. İlk izlenimim olumlu oldu.,positive
Eğitim amaçlı kullanım için yeterli performans sunuyor. Benzer ürünlere göre başarılı buldum.,positive
Ekran boyutu ders ve video izlemek için ideal. Genel olarak memnun kaldım.,positive
Parlaklık seviyesi dış mekanda biraz düşük kalabilir. Günlük kullanım için rahatlıkla tercih edilebilir.,positive
Film izlerken ekran kalitesi tatmin edici. Benzer ürünlere göre başarılı buldum.,positive
Çocuklar için eğitim uygulamalarında işe yarıyor. Çok üst seviye beklemeyenler için yeterli.,negative
Uygulamalar genel olarak akıcı çalışıyor. Genel olarak memnun kaldım.,negative
Fiyatına göre alınabilir bir ürün. Genel olarak memnun kaldım.,positive
Parlaklık seviyesi dış mekanda biraz düşük kalabilir. Genel olarak memnun kaldım.,positive
Dokunmatik hassasiyeti iyi. Fiyatı biraz daha uygun olsa daha iyi olurdu.,positive
Film izlerken ekran kalitesi tatmin edici. Çok üst seviye beklemeyenler için yeterli.,negative
Hoparlör kalitesi biraz zayıf kalıyor. Fiyatı biraz daha uygun olsa daha iyi olurdu.,negative
Çocuklar için eğitim uygulamalarında işe yarıyor. Çok üst seviye beklemeyenler için yeterli.,positive
Taşıması kolay ve çok ağır değil. Benzer ürünlere göre başarılı buldum.,positive
Depolama alanı temel kullanım için uygun. İlk izlenimim olumlu oldu.,positive
Batarya süresi uzun kullanımda avantaj sağlıyor. Küçük eksikleri var ama genel deneyim iyi.,positive
Not almak için kullanışlı. Günlük kullanım için rahatlıkla tercih edilebilir.,positive
Fiyatına göre alınabilir bir ürün. Çok üst seviye beklemeyenler için yeterli.,positive
Dokunmatik hassasiyeti iyi. İlk izlenimim olumlu oldu.,positive
Film izlerken ekran kalitesi tatmin edici. Tekrar almayı düşünebilirim.,positive
Fiyatına göre alınabilir bir ürün. Genel olarak memnun kaldım.,positive
Parlaklık seviyesi dış mekanda biraz düşük kalabilir. Benzer ürünlere göre başarılı buldum.,positive
Eğitim amaçlı kullanım için yeterli performans sunuyor. Fiyatı biraz daha uygun olsa daha iyi olurdu.,negative
Film izlerken ekran kalitesi tatmin edici. Günlük kullanım için rahatlıkla tercih edilebilir.,positive
Hoparlör kalitesi biraz zayıf kalıyor. Uzun vadede performansını görmek lazım.,positive
Dokunmatik hassasiyeti iyi. Genel olarak memnun kaldım.,negative
Kamera performansı çok beklentiye girilmemeli. Uzun vadede performansını görmek lazım.,positive
Taşıması kolay ve çok ağır değil. Uzun vadede performansını görmek lazım.,positive
Uygulamalar genel olarak akıcı çalışıyor. Genel olarak memnun kaldım.,positive
Fiyatına göre alınabilir bir ürün. Fiyatı biraz daha uygun olsa daha iyi olurdu.,positive
Uzun süre elde tutunca biraz yorabilir. Fiyatı biraz daha uygun olsa daha iyi olurdu.,positive
Kasa kalitesi fiyatına göre iyi. Genel olarak memnun kaldım.,positive
Çocuklar için eğitim uygulamalarında işe yarıyor. Fiyatı biraz daha uygun olsa daha iyi olurdu.,positive
Şarj süresi normal seviyede. Küçük eksikleri var ama genel deneyim iyi.,positive
Fiyatına göre alınabilir bir ürün. Küçük eksikleri var ama genel deneyim iyi.,positive
Kasa kalitesi fiyatına göre iyi. Fiyatı biraz daha uygun olsa daha iyi olurdu.,positive
Şarj süresi normal seviyede. Beklentimi büyük ölçüde karşıladı.,positive
Kamera performansı çok beklentiye girilmemeli. Tekrar almayı düşünebilirim.,positive
Fiyatına göre alınabilir bir ürün. İlk izlenimim olumlu oldu.,positive
Fiyatına göre alınabilir bir ürün. İlk izlenimim olumlu oldu.,positive
Hoparlör kalitesi biraz zayıf kalıyor. Uzun vadede performansını görmek lazım.,positive
Dokunmatik hassasiyeti iyi. Tekrar almayı düşünebilirim.,positive
Fiyatına göre alınabilir bir ürün. Uzun vadede performansını görmek lazım.,positive
Film izlerken ekran kalitesi tatmin edici. Genel olarak memnun kaldım.,positive
Uzun süre elde tutunca biraz yorabilir. Benzer ürünlere göre başarılı buldum.,positive
Şarj süresi normal seviyede. Benzer ürünlere göre başarılı buldum.,positive
Film izlerken ekran kalitesi tatmin edici. Günlük kullanım için rahatlıkla tercih edilebilir.,positive
Film izlerken ekran kalitesi tatmin edici. Küçük eksikleri var ama genel deneyim iyi.,negative
Kalem desteği olsa daha iyi olurdu. Uzun vadede performansını görmek lazım.,negative
Film izlerken ekran kalitesi tatmin edici. Uzun vadede performansını görmek lazım.,negative
Hoparlör kalitesi biraz zayıf kalıyor. Küçük eksikleri var ama genel deneyim iyi.,negative
Film izlerken ekran kalitesi tatmin edici. Benzer ürünlere göre başarılı buldum.,positive
Film izlerken ekran kalitesi tatmin edici. Genel olarak memnun kaldım.,negative
Eğitim amaçlı kullanım için yeterli performans sunuyor. Uzun vadede performansını görmek lazım.,positive
Uygulamalar genel olarak akıcı çalışıyor. Uzun vadede performansını görmek lazım.,positive
Dokunmatik hassasiyeti iyi. Tekrar almayı düşünebilirim.,negative
Çocuklar için eğitim uygulamalarında işe yarıyor. Günlük kullanım için rahatlıkla tercih edilebilir.,positive
Parlaklık seviyesi dış mekanda biraz düşük kalabilir. Genel olarak memnun kaldım.,negative
Kasa kalitesi fiyatına göre iyi. Çok üst seviye beklemeyenler için yeterli.,positive
Kalem desteği olsa daha iyi olurdu. Günlük kullanım için rahatlıkla tercih edilebilir.,positive
Not almak için kullanışlı. Benzer ürünlere göre başarılı buldum.,positive
Parlaklık seviyesi dış mekanda biraz düşük kalabilir. Uzun vadede performansını görmek lazım.,positive
Genel olarak beklentimi karşıladı. Küçük eksikleri var ama genel deneyim iyi.,positive
Dokunmatik hassasiyeti iyi. Tekrar almayı düşünebilirim.,positive
Eğitim amaçlı kullanım için yeterli performans sunuyor. Uzun vadede performansını görmek lazım.,negative
Depolama alanı temel kullanım için uygun. Çok üst seviye beklemeyenler için yeterli.,positive
Ekran boyutu ders ve video izlemek için ideal. Küçük eksikleri var ama genel deneyim iyi.,positive
Kalem desteği olsa daha iyi olurdu. Genel olarak memnun kaldım.,negative
Film izlerken ekran kalitesi tatmin edici. Küçük eksikleri var ama genel deneyim iyi.,positive
Film izlerken ekran kalitesi tatmin edici. Günlük kullanım için rahatlıkla tercih edilebilir.,positive
Ekran boyutu ders ve video izlemek için ideal. Genel olarak memnun kaldım.,positive
Eğitim amaçlı kullanım için yeterli performans sunuyor. Genel olarak memnun kaldım.,positive
Uzun süre elde tutunca biraz yorabilir. Çok üst seviye beklemeyenler için yeterli.,positive
Kalem desteği olsa daha iyi olurdu. Fiyatı biraz daha uygun olsa daha iyi olurdu.,positive
Parlaklık seviyesi dış mekanda biraz düşük kalabilir. Tekrar almayı düşünebilirim.,positive
Çocuklar için eğitim uygulamalarında işe yarıyor. Çok üst seviye beklemeyenler için yeterli.,positive
Ekran boyutu ders ve video izlemek için ideal. Tekrar almayı düşünebilirim.,positive
Kasa kalitesi fiyatına göre iyi. Tekrar almayı düşünebilirim.,positive
Kasa kalitesi fiyatına göre iyi. Benzer ürünlere göre başarılı buldum.,positive
Şarj süresi normal seviyede. İlk izlenimim olumlu oldu.,positive
Dokunmatik hassasiyeti iyi. Günlük kullanım için rahatlıkla tercih edilebilir.,positive
Uygulamalar genel olarak akıcı çalışıyor. Beklentimi büyük ölçüde karşıladı.,positive
Not almak için kullanışlı. Tekrar almayı düşünebilirim.,positive
Kasa kalitesi fiyatına göre iyi. İlk izlenimim olumlu oldu.,positive
Günlük internet kullanımı için yeterli. Günlük kullanım için rahatlıkla tercih edilebilir.,positive
Hoparlör kalitesi biraz zayıf kalıyor. Uzun vadede performansını görmek lazım.,negative
Hoparlör kalitesi biraz zayıf kalıyor. Genel olarak memnun kaldım.,positive
Kasa kalitesi fiyatına göre iyi. Benzer ürünlere göre başarılı buldum.,positive
Çocuklar için eğitim uygulamalarında işe yarıyor. Benzer ürünlere göre başarılı buldum.,negative
Not almak için kullanışlı. İlk izlenimim olumlu oldu.,negative
Çocuklar için eğitim uygulamalarında işe yarıyor. Küçük eksikleri var ama genel deneyim iyi.,positive
Not almak için kullanışlı. Tekrar almayı düşünebilirim.,positive
Parlaklık seviyesi dış mekanda biraz düşük kalabilir. Fiyatı biraz daha uygun olsa daha iyi olurdu.,negative
Taşıması kolay ve çok ağır değil. Fiyatı biraz daha uygun olsa daha iyi olurdu.,positive
Batarya süresi uzun kullanımda avantaj sağlıyor. Uzun vadede performansını görmek lazım.,positive
Kalem desteği olsa daha iyi olurdu. Beklentimi büyük ölçüde karşıladı.,positive
Depolama alanı temel kullanım için uygun. Benzer ürünlere göre başarılı buldum.,positive
Hoparlör kalitesi biraz zayıf kalıyor. Çok üst seviye beklemeyenler için yeterli.,negative
Ekran boyutu ders ve video izlemek için ideal. Tekrar almayı düşünebilirim.,positive
Kalem desteği olsa daha iyi olurdu. Beklentimi büyük ölçüde karşıladı.,positive
Uygulamalar genel olarak akıcı çalışıyor. Beklentimi büyük ölçüde karşıladı.,positive
Eğitim amaçlı kullanım için yeterli performans sunuyor. Genel olarak memnun kaldım.,positive
Ekran boyutu ders ve video izlemek için ideal. Benzer ürünlere göre başarılı buldum.,positive
Kasa kalitesi fiyatına göre iyi. Uzun vadede performansını görmek lazım.,negative
Taşıması kolay ve çok ağır değil. Küçük eksikleri var ama genel deneyim iyi.,negative
Fiyatına göre alınabilir bir ürün. Tekrar almayı düşünebilirim.,positive
Taşıması kolay ve çok ağır değil. Beklentimi büyük ölçüde karşıladı.,positive
Eğitim amaçlı kullanım için yeterli performans sunuyor. İlk izlenimim olumlu oldu.,positive
Uzun süre elde tutunca biraz yorabilir. Beklentimi büyük ölçüde karşıladı.,positive
Fiyatına göre alınabilir bir ürün. Fiyatı biraz daha uygun olsa daha iyi olurdu.,positive
Uzun süre elde tutunca biraz yorabilir. Küçük eksikleri var ama genel deneyim iyi.,positive
Hoparlör kalitesi biraz zayıf kalıyor. İlk izlenimim olumlu oldu.,negative
Fiyatına göre alınabilir bir ürün. Tekrar almayı düşünebilirim.,positive
Genel olarak beklentimi karşıladı. Beklentimi büyük ölçüde karşıladı.,positive
Film izlerken ekran kalitesi tatmin edici. Tekrar almayı düşünebilirim.,positive
Uygulamalar genel olarak akıcı çalışıyor. Fiyatı biraz daha uygun olsa daha iyi olurdu.,positive
Uygulamalar genel olarak akıcı çalışıyor. Tekrar almayı düşünebilirim.,positive
Ekran boyutu ders ve video izlemek için ideal. Genel olarak memnun kaldım.,positive
Batarya süresi uzun kullanımda avantaj sağlıyor. Tekrar almayı düşünebilirim.,positive
Parlaklık seviyesi dış mekanda biraz düşük kalabilir. Genel olarak memnun kaldım.,positive
Taşıması kolay ve çok ağır değil. Küçük eksikleri var ama genel deneyim iyi.,negative
Kalem desteği olsa daha iyi olurdu. Tekrar almayı düşünebilirim.,positive
Uzun süre elde tutunca biraz yorabilir. Benzer ürünlere göre başarılı buldum.,positive
Not almak için kullanışlı. Beklentimi büyük ölçüde karşıladı.,positive
Çocuklar için eğitim uygulamalarında işe yarıyor. Benzer ürünlere göre başarılı buldum.,positive
Genel olarak beklentimi karşıladı. Beklentimi büyük ölçüde karşıladı.,positive
Hoparlör kalitesi biraz zayıf kalıyor. Küçük eksikleri var ama genel deneyim iyi.,positive
Parlaklık seviyesi dış mekanda biraz düşük kalabilir. Genel olarak memnun kaldım.,positive
Hoparlör kalitesi biraz zayıf kalıyor. Tekrar almayı düşünebilirim.,negative
Depolama alanı temel kullanım için uygun. İlk izlenimim olumlu oldu.,positive
Uzun süre elde tutunca biraz yorabilir. Uzun vadede performansını görmek lazım.,positive
Depolama alanı temel kullanım için uygun. Beklentimi büyük ölçüde karşıladı.,positive
Film izlerken ekran kalitesi tatmin edici. Günlük kullanım için rahatlıkla tercih edilebilir.,positive
Çocuklar için eğitim uygulamalarında işe yarıyor. Küçük eksikleri var ama genel deneyim iyi.,positive
Kamera performansı çok beklentiye girilmemeli. Beklentimi büyük ölçüde karşıladı.,positive
Taşıması kolay ve çok ağır değil. Çok üst seviye beklemeyenler için yeterli.,positive
Dokunmatik hassasiyeti iyi. Uzun vadede performansını görmek lazım.,negative
Genel olarak beklentimi karşıladı. Benzer ürünlere göre başarılı buldum.,positive
Çocuklar için eğitim uygulamalarında işe yarıyor. Fiyatı biraz daha uygun olsa daha iyi olurdu.,positive
Uzun süre elde tutunca biraz yorabilir. İlk izlenimim olumlu oldu.,positive
Parlaklık seviyesi dış mekanda biraz düşük kalabilir. Çok üst seviye beklemeyenler için yeterli.,positive
Şarj süresi normal seviyede. Çok üst seviye beklemeyenler için yeterli.,negative
Eğitim amaçlı kullanım için yeterli performans sunuyor. Benzer ürünlere göre başarılı buldum.,positive
Eğitim amaçlı kullanım için yeterli performans sunuyor. Beklentimi büyük ölçüde karşıladı.,positive
Depolama alanı temel kullanım için uygun. Tekrar almayı düşünebilirim.,positive
Eğitim amaçlı kullanım için yeterli performans sunuyor. Tekrar almayı düşünebilirim.,positive
Çocuklar için eğitim uygulamalarında işe yarıyor. Çok üst seviye beklemeyenler için yeterli.,positive
Çocuklar için eğitim uygulamalarında işe yarıyor. Beklentimi büyük ölçüde karşıladı.,positive
Kasa kalitesi fiyatına göre iyi. Uzun vadede performansını görmek lazım.,positive
Fiyatına göre alınabilir bir ürün. Tekrar almayı düşünebilirim.,positive
Şarj süresi normal seviyede. Günlük kullanım için rahatlıkla tercih edilebilir.,positive
Dokunmatik hassasiyeti iyi. Günlük kullanım için rahatlıkla tercih edilebilir.,positive
Taşıması kolay ve çok ağır değil. İlk izlenimim olumlu oldu.,positive
Kalem desteği olsa daha iyi olurdu. Fiyatı biraz daha uygun olsa daha iyi olurdu.,positive
Kalem desteği olsa daha iyi olurdu. Beklentimi büyük ölçüde karşıladı.,positive
Kasa kalitesi fiyatına göre iyi. Günlük kullanım için rahatlıkla tercih edilebilir.,positive
Kasa kalitesi fiyatına göre iyi. Benzer ürünlere göre başarılı buldum.,positive
Kalem desteği olsa daha iyi olurdu. Benzer ürünlere göre başarılı buldum.,positive
Batarya süresi uzun kullanımda avantaj sağlıyor. Benzer ürünlere göre başarılı buldum.,positive
Depolama alanı temel kullanım için uygun. Fiyatı biraz daha uygun olsa daha iyi olurdu.,positive
Parlaklık seviyesi dış mekanda biraz düşük kalabilir. Benzer ürünlere göre başarılı buldum.,positive
Kamera performansı çok beklentiye girilmemeli. Çok üst seviye beklemeyenler için yeterli.,positive
Dokunmatik hassasiyeti iyi. Beklentimi büyük ölçüde karşıladı.,positive
Kalem desteği olsa daha iyi olurdu. Fiyatı biraz daha uygun olsa daha iyi olurdu.,positive
Dokunmatik hassasiyeti iyi. Uzun vadede performansını görmek lazım.,positive
Genel olarak beklentimi karşıladı. Çok üst seviye beklemeyenler için yeterli.,positive
Dokunmatik hassasiyeti iyi. Genel olarak memnun kaldım.,positive
Parlaklık seviyesi dış mekanda biraz düşük kalabilir. Beklentimi büyük ölçüde karşıladı.,positive
Batarya süresi uzun kullanımda avantaj sağlıyor. İlk izlenimim olumlu oldu.,positive
Parlaklık seviyesi dış mekanda biraz düşük kalabilir. Tekrar almayı düşünebilirim.,positive
Ekran boyutu ders ve video izlemek için ideal. Tekrar almayı düşünebilirim.,positive
Kalem desteği olsa daha iyi olurdu. Tekrar almayı düşünebilirim.,positive
Dokunmatik hassasiyeti iyi. Tekrar almayı düşünebilirim.,positive
Batarya süresi uzun kullanımda avantaj sağlıyor. Beklentimi büyük ölçüde karşıladı.,positive
Genel olarak beklentimi karşıladı. Genel olarak memnun kaldım.,positive
Film izlerken ekran kalitesi tatmin edici. Küçük eksikleri var ama genel deneyim iyi.,positive
Batarya süresi uzun kullanımda avantaj sağlıyor. Günlük kullanım için rahatlıkla tercih edilebilir.,negative
Fiyatına göre alınabilir bir ürün. İlk izlenimim olumlu oldu.,negative
Taşıması kolay ve çok ağır değil. Benzer ürünlere göre başarılı buldum.,positive
Çocuklar için eğitim uygulamalarında işe yarıyor. İlk izlenimim olumlu oldu.,positive
Şarj süresi normal seviyede. İlk izlenimim olumlu oldu.,positive
Kamera performansı çok beklentiye girilmemeli. Beklentimi büyük ölçüde karşıladı.,negative
Ekran boyutu ders ve video izlemek için ideal. İlk izlenimim olumlu oldu.,positive
Batarya süresi uzun kullanımda avantaj sağlıyor. Genel olarak memnun kaldım.,negative
Kalem desteği olsa daha iyi olurdu. Günlük kullanım için rahatlıkla tercih edilebilir.,positive
Dokunmatik hassasiyeti iyi. Günlük kullanım için rahatlıkla tercih edilebilir.,positive
Depolama alanı temel kullanım için uygun. Genel olarak memnun kaldım.,positive
Uzun süre elde tutunca biraz yorabilir. Benzer ürünlere göre başarılı buldum.,negative
Uygulamalar genel olarak akıcı çalışıyor. Fiyatı biraz daha uygun olsa daha iyi olurdu.,negative
Film izlerken ekran kalitesi tatmin edici. Genel olarak memnun kaldım.,positive
Uygulamalar genel olarak akıcı çalışıyor. Benzer ürünlere göre başarılı buldum.,negative
Batarya süresi uzun kullanımda avantaj sağlıyor. Günlük kullanım için rahatlıkla tercih edilebilir.,positive
Batarya süresi uzun kullanımda avantaj sağlıyor. Beklentimi büyük ölçüde karşıladı.,positive
Taşıması kolay ve çok ağır değil. Fiyatı biraz daha uygun olsa daha iyi olurdu.,positive
Parlaklık seviyesi dış mekanda biraz düşük kalabilir. Günlük kullanım için rahatlıkla tercih edilebilir.,positive
Dokunmatik hassasiyeti iyi. Beklentimi büyük ölçüde karşıladı.,negative
Not almak için kullanışlı. Beklentimi büyük ölçüde karşıladı.,negative
Şarj süresi normal seviyede. Tekrar almayı düşünebilirim.,positive
Kalem desteği olsa daha iyi olurdu. Tekrar almayı düşünebilirim.,positive
Fiyatına göre alınabilir bir ürün. Genel olarak memnun kaldım.,positive
Parlaklık seviyesi dış mekanda biraz düşük kalabilir. Fiyatı biraz daha uygun olsa daha iyi olurdu.,positive
Film izlerken ekran kalitesi tatmin edici. Küçük eksikleri var ama genel deneyim iyi.,positive
Kalem desteği olsa daha iyi olurdu. Çok üst seviye beklemeyenler için yeterli.,negative
Uygulamalar genel olarak akıcı çalışıyor. Benzer ürünlere göre başarılı buldum.,positive
Taşıması kolay ve çok ağır değil. Benzer ürünlere göre başarılı buldum.,negative
Uygulamalar genel olarak akıcı çalışıyor. İlk izlenimim olumlu oldu.,positive
Batarya süresi uzun kullanımda avantaj sağlıyor. İlk izlenimim olumlu oldu.,positive
Parlaklık seviyesi dış mekanda biraz düşük kalabilir. Genel olarak memnun kaldım.,positive
Eğitim amaçlı kullanım için yeterli performans sunuyor. İlk izlenimim olumlu oldu.,negative
Fiyatına göre alınabilir bir ürün. Çok üst seviye beklemeyenler için yeterli.,positive
Günlük internet kullanımı için yeterli. Uzun vadede performansını görmek lazım.,positive
Uygulamalar genel olarak akıcı çalışıyor. Beklentimi büyük ölçüde karşıladı.,negative
Fiyatına göre alınabilir bir ürün. Çok üst seviye beklemeyenler için yeterli.,positive
Hoparlör kalitesi biraz zayıf kalıyor. Günlük kullanım için rahatlıkla tercih edilebilir.,positive
Çocuklar için eğitim uygulamalarında işe yarıyor. Küçük eksikleri var ama genel deneyim iyi.,positive
Genel olarak beklentimi karşıladı. Beklentimi büyük ölçüde karşıladı.,positive
Ekran boyutu ders ve video izlemek için ideal. Beklentimi büyük ölçüde karşıladı.,negative
Film izlerken ekran kalitesi tatmin edici. Küçük eksikleri var ama genel deneyim iyi.,positive
Uygulamalar genel olarak akıcı çalışıyor. Küçük eksikleri var ama genel deneyim iyi.,positive
Eğitim amaçlı kullanım için yeterli performans sunuyor. Fiyatı biraz daha uygun olsa daha iyi olurdu.,positive
Ekran boyutu ders ve video izlemek için ideal. Çok üst seviye beklemeyenler için yeterli.,negative
Parlaklık seviyesi dış mekanda biraz düşük kalabilir. Günlük kullanım için rahatlıkla tercih edilebilir.,positive
Not almak için kullanışlı. Benzer ürünlere göre başarılı buldum.,positive
Fiyatına göre alınabilir bir ürün. İlk izlenimim olumlu oldu.,positive
Kasa kalitesi fiyatına göre iyi. Uzun vadede performansını görmek lazım.,negative
Uygulamalar genel olarak akıcı çalışıyor. Fiyatı biraz daha uygun olsa daha iyi olurdu.,positive
Çocuklar için eğitim uygulamalarında işe yarıyor. Günlük kullanım için rahatlıkla tercih edilebilir.,positive
Kamera performansı çok beklentiye girilmemeli. Fiyatı biraz daha uygun olsa daha iyi olurdu.,positive
Parlaklık seviyesi dış mekanda biraz düşük kalabilir. Küçük eksikleri var ama genel deneyim iyi.,positive
Dokunmatik hassasiyeti iyi. Uzun vadede performansını görmek lazım.,positive
Dokunmatik hassasiyeti iyi. Beklentimi büyük ölçüde karşıladı.,positive
Kalem desteği olsa daha iyi olurdu. Uzun vadede performansını görmek lazım.,negative
Kamera performansı çok beklentiye girilmemeli. Beklentimi büyük ölçüde karşıladı.,positive
Fiyatına göre alınabilir bir ürün. Beklentimi büyük ölçüde karşıladı.,negative
Çocuklar için eğitim uygulamalarında işe yarıyor. Fiyatı biraz daha uygun olsa daha iyi olurdu.,positive
Genel olarak beklentimi karşıladı. Benzer ürünlere göre başarılı buldum.,positive
Not almak için kullanışlı. Küçük eksikleri var ama genel deneyim iyi.,negative
Çocuklar için eğitim uygulamalarında işe yarıyor. Fiyatı biraz daha uygun olsa daha iyi olurdu.,positive
Günlük internet kullanımı için yeterli. Günlük kullanım için rahatlıkla tercih edilebilir.,positive
Çocuklar için eğitim uygulamalarında işe yarıyor. Benzer ürünlere göre başarılı buldum.,positive
Batarya süresi uzun kullanımda avantaj sağlıyor. Çok üst seviye beklemeyenler için yeterli.,positive
Eğitim amaçlı kullanım için yeterli performans sunuyor. Beklentimi büyük ölçüde karşıladı.,positive
Kalem desteği olsa daha iyi olurdu. Beklentimi büyük ölçüde karşıladı.,positive
Fiyatına göre alınabilir bir ürün. Küçük eksikleri var ama genel deneyim iyi.,positive
Hoparlör kalitesi biraz zayıf kalıyor. Genel olarak memnun kaldım.,positive
Not almak için kullanışlı. Benzer ürünlere göre başarılı buldum.,negative
Uzun süre elde tutunca biraz yorabilir. Günlük kullanım için rahatlıkla tercih edilebilir.,positive
Çocuklar için eğitim uygulamalarında işe yarıyor. Günlük kullanım için rahatlıkla tercih edilebilir.,positive
Ekran boyutu ders ve video izlemek için ideal. Çok üst seviye beklemeyenler için yeterli.,positive
Not almak için kullanışlı. Uzun vadede performansını görmek lazım.,negative
Taşıması kolay ve çok ağır değil. Fiyatı biraz daha uygun olsa daha iyi olurdu.,positive
Günlük internet kullanımı için yeterli. Beklentimi büyük ölçüde karşıladı.,positive
Depolama alanı temel kullanım için uygun. Uzun vadede performansını görmek lazım.,negative
Genel olarak beklentimi karşıladı. Fiyatı biraz daha uygun olsa daha iyi olurdu.,positive
Genel olarak beklentimi karşıladı. Günlük kullanım için rahatlıkla tercih edilebilir.,positive
Taşıması kolay ve çok ağır değil. Tekrar almayı düşünebilirim.,positive
Genel olarak beklentimi karşıladı. İlk izlenimim olumlu oldu.,positive
Hoparlör kalitesi biraz zayıf kalıyor. Tekrar almayı düşünebilirim.,positive
Genel olarak beklentimi karşıladı. Benzer ürünlere göre başarılı buldum.,positive
Taşıması kolay ve çok ağır değil. Beklentimi büyük ölçüde karşıladı.,positive
Uygulamalar genel olarak akıcı çalışıyor. Küçük eksikleri var ama genel deneyim iyi.,positive
Fiyatına göre alınabilir bir ürün. İlk izlenimim olumlu oldu.,positive
Taşıması kolay ve çok ağır değil. Genel olarak memnun kaldım.,positive
Kamera performansı çok beklentiye girilmemeli. Uzun vadede performansını görmek lazım.,positive
Ekran boyutu ders ve video izlemek için ideal. Küçük eksikleri var ama genel deneyim iyi.,positive
Depolama alanı temel kullanım için uygun. Küçük eksikleri var ama genel deneyim iyi.,positive
Fiyatına göre alınabilir bir ürün. Fiyatı biraz daha uygun olsa daha iyi olurdu.,negative
Kamera performansı çok beklentiye girilmemeli. Tekrar almayı düşünebilirim.,positive
Batarya süresi uzun kullanımda avantaj sağlıyor. Fiyatı biraz daha uygun olsa daha iyi olurdu.,positive
Uygulamalar genel olarak akıcı çalışıyor. Küçük eksikleri var ama genel deneyim iyi.,positive
Film izlerken ekran kalitesi tatmin edici. Küçük eksikleri var ama genel deneyim iyi.,negative
Dokunmatik hassasiyeti iyi. Benzer ürünlere göre başarılı buldum.,positive
Uygulamalar genel olarak akıcı çalışıyor. Fiyatı biraz daha uygun olsa daha iyi olurdu.,negative
Film izlerken ekran kalitesi tatmin edici. İlk izlenimim olumlu oldu.,positive
Batarya süresi uzun kullanımda avantaj sağlıyor. Genel olarak memnun kaldım.,negative
Dokunmatik hassasiyeti iyi. Benzer ürünlere göre başarılı buldum.,positive
Kamera performansı çok beklentiye girilmemeli. Fiyatı biraz daha uygun olsa daha iyi olurdu.,positive
Kalem desteği olsa daha iyi olurdu. Çok üst seviye beklemeyenler için yeterli.,positive
Şarj süresi normal seviyede. Genel olarak memnun kaldım.,negative
Ekran boyutu ders ve video izlemek için ideal. Benzer ürünlere göre başarılı buldum.,negative
