text,label
ürünü birleştirmek son derece basit. ürünü asabileceğim bir kapım olduğu içinde mutluyum. yerde kullanılışı fazla pratik değil fakat kapıya asınca daha iyi ve kullanışlı hale geliyor.,positive
sorunsuz kullanıyorum   guzel parça,positive
telefon güzel bu telefona alışınca diğerleri oyuncak gibi geliyor..,positive
erdemirspor da da  bu toplardan var profosyonel topu mükemmel ağır da değil hafif te değil mükemmel bi seçim olur kesinlile çok iyi tavsiye ediyorum alın..,positive
"siparişimin belirtildiği tarih ve saatte elime ulaşması beni çok memnun etti , kaliteli hizmet anlayışınız için teşekkürler ! ayrıca satış sonrası hizmette gayet başarılıydı ,online alışverişte benim için en öenmli detaylar bunlardı!",positive
"bu gün teslim aldım. hemen aracıma yerleştirdim, öyle ağır bi kokusu falan yok bence normal sayılacak düzeyde koku var. gayet şık duruyo tavsiye ederim fiyatına göre iyi. oldukça da sağlam..",positive
ürün şuan piyasada satın alabileceğiniz en uygun fiyatta neredeyse. üstelik yanında hediyesiyle. ürünü ben de 1 ay oldu alalı çok memnunum. hem makineyi hem de bulaşıkları tertemiz yapıyor. ilgilenenler hiç düşünmeden gönül rahatlığıyla alabilirler. hepsiburadanın kaliteli hizmet anlayışını ve gönderi hızını anlatmama gerek bile yok gerçekten mükemmel çalışıyorlar.,positive
ürün tamda resimdeki gibi eksiği yok yalnız montaj için servis gerekli montaj oda fazla zaman almıyor 10-15 dk. aynı bisikleti çevremde bu fiyata bulmam çok zor özellikle kız çocukları için çok özel yapılmış gibi ben kızıma aldım çok beğendi 7-8-9-10 -11-12 yaş gurubu rahatlıkla kullanabilir çok ergonomik...,positive
ürün dun elime gecti. 2015 model corollama tam uydu. havuz bariyerleri biraz yumusak. ama ürün tam oturdugu icin yaslandigi yüzey duvarlarindan destek alip olmasi gereken formunu koruyabiliyor. malzeme kalitesi fiyatina göre yeterli. en az 3 sene dayanacagini düşünüyorum. bu arada arka paspas 2 parcadan oluşuyor.,positive
güzel renkli ve ses çıkartan bi oyuncak,positive
i̇stediğim gibi,positive
ben oğlumun kumandalı arabası için almıştım.,positive
ben bu fiyata daha kötü bir ürün bekliyordum açıkcası.. ama ürün gayet kaliteli.  2 gün içinde ürünüm ulaştı.. bu hızlı argodan dolayı da hepsiburada.coma teşekkür ediyorum.,positive
ekran kalitesi tft olmasına karşın güzel 3gb ram gayet profeyonel kamera aramıyorsanız kamerası normal parmak izi okuyucu iyi çalışıyor ısınma kesinlikle yok oyun parformansı iyi bu segmentde alınabilecek bir cihaz.tek eksik yanı ön kamera da flash yok bir de 16 gb olması onun haricinde hiç bir sıkıntı yok,positive
ingilizce öğrenmek için size ya iyi bir öğretici ya da anlaşılabilir bir kitap gereklidir diye düşünerek kitabı inceledikten sonra aradığım kitabı buldum diyebilirim....,positive
çok çok iyi,positive
"hem güzel hem de kalıcı bir koku, sise de gayet kibar ve cantanizda rahatça tasiyabilirsiniz",positive
kullanan arkadaslarim tavsiyesi uzerine siparis ettim carsamba gunu siparis vermeme ramen ptesi elime ulasicak yurtici kargo ile siparislerinizi vermeyin tavsiye etmem aras kargo gibisi yok memnun kalicagimi dusunuyorum microsoft klavye sevenler ve oyun oynayanlar icin guzel klavye,positive
kullanışlı tavsiye ederim..,positive
tavsiye ederim plastik olmasına rağmen malzeme kaliteli ve sağlam,positive
çelik demliklerden alışık olduğumuz çay tadını alabileceğimiz güzel bir ürün. ancak hafif yükseklikteki bankoya koyduğumda yerdeki 3lü prize yetişmeyecek kadar kısa kablosu var. alt su ısıtma kısmındaki süzgeci de kireç için gayet iyi düşünülmüş.,positive
"gerçekten mükemmel bir makina, daha iyisi yok, yedek temizleme sıvısını bolca almayı unutmayın",positive
fiyatına göre çok güzel bir ürün hemde türk malı,positive
"1 haftadır kullanıyorum ben aldıktan sonra 100 tl zam gelmiş, ama hala fiyatına göre üstte bir performansı var. mi 5 ile karşılaştırdım hafızasının daha fazla olması aynı zamanda 5,5 inç oluşu bunu tercih etmeme sebep oldu, şu anda bu telefondan yazıyorum, parmak izi sensörü çok iyi kasası çok zarif bende ucuzluk hissi yaratan hiçbir noktası olmadı sesi de gayet yüksek kalitesi kişiye göre yoruma açık, kameraları hiç bir üst sınıf telefonu aratmaz hatta daha iyi sonuçlar alınabilir, buna ön kamerada dahil, oyunlarda da çok iyi ısınma diye bir şey yok, şarjı en iyi tarafı bu konuda tam puan verilir çok oyun oynamam, arada face e bakarım, whatsapp yazarım diyorsanız kesin 2 gün kullanırsınız tek şarj ile fiyatı ayrı bir cazibe, bu özelliklerdeki bilindik markaların fiyatları 2 katı fiyata ithalatçı firma satıyor arıza yaparsa ne gibi şeyler yaşarım bilemiyorum ama memnunum. sadece nfc yok, ant+ özelliği varmı onu bilmiyorum. bilen varsa buradan yazsa memnun olurum nette aradım bir şey bulamadım.",positive
"ürün hafif, kullanımı kolay ve emiş gücü oldukça yüksek.",positive
"gayet sağlam, sessiz ve az yer kaplayan bir ürün. 44 cm genişliği beni cezbettigi icin aldim. kurulumunda sorun çıkarmadım. kargo gorevlileride sagolsun evin icine kadar teslimat sagladilar.",positive
ürünü satin aldim ve kullanmaya başladim. herhangi̇ bi̇r sorunu yok çok rahatlikla satin alinabi̇li̇r ve kullanilabi̇li̇r. tavsi̇ye ederi̇m.,positive
"evde kıyıda köşede yıllardır bekleyen ağaçla,r yanacak boyda kesildi. köyde de bir dut ağacını tamamen traş etik banamısın demedi.. profesyonel altı çiftlik köy ev ağaç kesim işleri için ideal. kullanım sonrası temizlemek ve yağını boşaltmak gerek.",positive
"yaklaşık altı aydır sürekli kullanıyorum. akşamdan hazırlayıp sabaha sıcak kahve kokusuyla uyanmak için dijital sayaçlı bir makine arıyordum. ancak bu özelliğini hiç kullanmadım, çünkü çok kısa sürede kahveyi hazırlıyor bile. cam demliği çok ince. yıkarken narin olmanız gerek. damlatma neredeyse hiç yok. kendi plastik filtresi var ama bunu kullanmayın, kahveye plastik kokusu veriyor. kağıt filtre alıp onu kullanın.",positive
ben ürünü görmeden almam ama gerçekten marka çantasının tam oturması çok güzel düşünmeden alın satıcının hepsi burada olmasına dikkat edin,positive
diğer pahalı akıllı saatlere göre performansı idare eder herşey mevcut olup fiyatına göre en iyi secenek diğerlerine boşuna para basmayın. ucuz fiyata sağlam mal.,positive
ürün çok güzel.teslimat çok hızlı.çok teşekkürler.,positive
"yeterince iyi bulmadım,beklentimi karşılamadı daha iyi olabilirdi.",negative
keşke içinden çıkan araba sayısı 2'den fazla olsaydı.,positive
"ürüne gelince elektirikli bisiklet gibi ses çıkartıyor. güzel, sessiz ve hızlı. arçelik'te çalışmış bir arkadaşımın tavsiyesi (min 8 kg, 1000 devir) üzerine bu markayı tercih ettim. servisinin önerdiği ve almayı düşündüğü model.",positive
süper kampanya .daha güzel kampanyalar dileğiyle,positive
"sauna eşofmanı alalı yaklaşık 1 ay oldu ama kullanmak pek kısmet olmamıştı.dün iftardan sonra yürüyüşe çıktığımda giydim yarım saat sonra kollarımdan ,bacaklarımdan sular akıyordu.hayatımda hiç bu kadar terlemedim.kullanmaya devam edicem bakalım sonuç ne olcak.",positive
kürk mantolu madonna gençlik yıllarımda okuduğum bir kitapdı kızım için aldım. kızım kitabı bitirdiğinde tekrar okumak istediğini söyleyince şaşırdım ben de tekrar okudum gerçekten harika bir kitap dönem dönem eline al ve oku.....harika,positive
"hızlı ve sorunsuz bir alış veriş oldu, hepsiburada.com sık sık kullandığım bir site olduğu için tereddüt etmemiştim zaten. i̇phone 7 den memnunum hızlı ve fotoğraf kalitesi gayet başarılı i̇phone 4 den sonra ferrari gibi geldi. güzel bir telefon almayı düşünenlere tavsiye ederim.",positive
"ürün çok şık, evinize ayrı bir hava katacağı kesin. herkes gönül rahatlığıyla alabilir.",positive
ürünü sipariş verdiğim ertesi gün elime ulaştı. servis hizmeti yapıldı ve çok memnun kaldık. teşekkürler hepsiburada..,positive
arkadaşlar ürünü zamanından önce ve sorunsuz olarak aldım ki her zamanki gibi aldığım bütün ürünlerde sorun yaşamadım bunu tüm açık yürekliliğimle belirtmek istedim koltuğa gelince çok kaliteli değil ama eşdeğerlerine görede kaliteli olduğunu düşünüyorum evet diğer arkadaşlarada katılıyorum oturma yerindeki sünger biraz daha destekli olsaymış dahada güzel olacakmış kurulum gayet basit bu tür bir ürün alacak arkadaşlara tavsiye ederim sözünün eri olan ve sorun yaşatmayan hepsiburada ailesine teşekkür ediyorum. bu arada bir parantez açmam gerek koltuğun kalitesini ilerki günlerde paylaşıcam arkadaşlar.,positive
sürekli kendini koklamak istiyor insan.kalıcılık konusunda dip noktalar birazdaha az hissediliyor ama edp oluşu hakkını veriyor. armani gerçekten bu işi biliyor.,positive
"ürünü oğlumun oyuncakları için aldım,3 pil kullanan oyuncak anca 5 gün dayanıyor.",negative
çok i̇yi̇ memnun kaldim tavsi̇ye ederi̇m,positive
fiyat / performans oranı mükemmel,positive
arkadaşlar torpidom gerçekten bakımlı ve temiz duruyordu. arabamı yeni aldığım için önlem olsun diye bakım yapmak istedim ama bu ürün malesef torpidomu temizlemeyi bırak soldurdu. hemen sürer sürmez etkisini gösterdi  ve ben de her tarafa sürmedim. tavsiye etmiyorum,negative
"gayet güzel bir yatak, rahat. fakat kokusu uzun süre çıkmıyor.",positive
urunden test icin 1 adet almisdim. birde ne goreyim bir tane tek basina cok guclu bi aydinlatmaya sahip agzimi acikda birakdi ve simdi 10 adet daha verdim butun odalarimda kullanicam. hepsiburada urunu bulundurdugu ve hizli kargo ile en onemliside mutlu alisveris yarattigi icin cok tesekkur ederim.,positive
almış olduğum ürünü 1 gün gibi kısa sürede özellikle kadınlar günün de eşim ulaştırdığınız için teşekkür ederim. hizmet  deki dürüstlük kalite  hızlı ulaşımdan memnun kaldığımı iletmek isterim. başarılarınızın devamını dilerim.,positive
urun cok hizli bir sekilde sorunsuz elime gecti. fiyat olarak ta cok iyi. aradigim hemen herseyi hemen hemen en uygun fiyatlarda hepsiburada dan bulabiliyorum. esime yardimci olmak adina urunu ben de kullaniyorum cok memnunum. tavsiye ederim.,positive
"bu ürün çok güzel ben babamdan istemiştim o kadar zorladımki en sonunda aldırdım monopoly türkiye diyince aklınıza emlak ticareti oyunu gelsin aynısı, sadece şehirler türkiye illlerinden. emlak ticaretinde de kartlarda yazan şeyler türkçe .",positive
beyler bende zenfone 2 deluxe 128 gb var onda 4 gb var.2.33 ghz octa core islemci var. bu telefonun tek artısi kamera metal kasa ve parmak izi okuyucu benim zenfone 2 bunu atar fırlatır.ama gene iyi tel,positive
parfümün kalıcılığı ve kokusu mükemmel.kullandığınızda parfümünün markası ne sorusunu çok duyacaksınız,positive
"orijinal şarj adaptörü ile çok iyi verim alıyorsunuz, 2m olması ayrı bişey. bozulursa gene aynısından alırım bakalım ne kadar gidecek.",positive
ben ürünü yaklaşık 6 ay önce almıştım . benim araçta iki ayda bir üzerine yarım litre su ekliyodum. bu ürünü kullandığımdan beri su eksiltmiyor. herkese tavsiye ederim teşekkürler hb...,positive
"fiyatı iyi, kalitesi fiyatına göre daha iyi. koku kesinlikle yok. çok memnunum",positive
faber castellin en iyi kalemlerinden biri tk fine serisi genel olarak iyi pentele göre fiyatıda ekonomik iyi bir kalem herkese öneririm,positive
alırken düşünmeme rağmen aldıktan sonra iyi ki almışım dediğim bir ürün. kalın olması ise daha güzel olmuş. artık yer kaplama sorunu olmadan her şeyi rahatlıkla hurca koyup vakumlayarak yer kaplama derdine düşmüyorum. alacak arkadaşlara hem fiyat yönünden hem de kalitesi bakımından tavsiye edeceğim bir ürün,positive
tebrikler si̇nbo uygun fiyat ve kaliteli ürünü bir araya getirmek ancak bu kadar başarılı olur tüm ürünlerini gönül rahatlığı ile kullanıyoruz zaten arıza olsa bile kapıdan kapıya servis hizmeti var daha ne olsun iyi ki varsın si̇nbo,positive
ürün hızlı kargolandı. tel. şarj etmedim ancak aydınlatma olarak yeterli. kamp veya balık meraklıları için uygun.  tavsiye ederim.,positive
8aylık kızım bayılarak biniyor kendi kendine üzerine binerek sürmeyi öğrendi.şimdi yürüteç kısmına geçmeyi bekliyoruz ama çoçuklar bayılıyor 10 tane oyuncak yerıne gecicek bir oyuncak,positive
"normal tel uzunluk: 4-14 mm, genişlik: 12 mm",positive
kitap hemen elime ulaştı kusursuz hepsiburada.com teşekkürler :) i̇smine aldanıp almamazlık yapmayın çok güzel bir kitap tavsiye ederim. okurken kendinizi kaptırıyorsunuz.,positive
ürün 3 gün önce elime ulaştı. bence verilen parayı hakediyor. saçları gerçekten kuaförden çıkmış gibi yapıyor. benim saçlarım çok gür. eski düzleştiricim baya vaktimi alıyodu. ama şimdi 10-15 dakikada saçlarım dümdüz oluyor. üstelik saçlarım daha parlak görünüyor. düzleştirirken biraz yanık kokusu geliyor ama o kadar da kusuru olsun :) herkese tavsiye ederim. bence mutlaka alın...,positive
fiyatı uygun ve memnun kalacağınız bir ürün. paketleme çok başarılı. ürün zarar görmeden elinize ulaşıyor.,positive
yumuşak malzeme. sert rüzgar kapıyı çarptığında parçalanıyor.,negative
süpürgeyi temizlemekte çok  kolay torba derdi yok. bu da ayrıca õnemli bir ayrıntı;),positive
"daha iyisi belki vardir ama bu kadar kullanislisi zor gercekten. ben cok memnun kaldim. arkadasimda annemede hediye olarak aldi. onlarda cok memnun. hic dusunmeden alinabilir, tavsiye edilir",positive
ürünü bu gün teslim aldım fiyat ve kalite olarak gerçekten çok iyi. teşekkürler hepsiburada,positive
swatch için çok söze gerek yok normalden daha hafif ve spor gündelik kullanmak için harika bir saat kordon plastiği çok esnek ve yumuşak kolumda saat yok gibi bir his veriyor.,positive
harika ele tam oturuor mütüş hassasiyeti var cok memnun kaldım kargo da 1 gunde geliverdi,positive
"ürünü sipariş ederken tereddütlerim var i̇di, özellikle emiş gücü hakkında detaylı bilgi verilmemesi düşündürücüydü. fakat ürün hem görüntü hem kalite hemde emiş gücüyle beklentilerimin üzerinde çıktı. ayrıca aşırı ses yapıyor diye yorumlar vardı lakin bana gelen ürünün ses düzeyi kabul edilebilir düzeyde. tavsiye ederim.",positive
"hepsiburada bizde öyle bağımlılık yaptı ki, şu küçücük band dahil en ufak şeyleri hepsiburadadan alıyorum. oturduğum yerden toplu sipariş veriyorum. ayağıma kadar geliyor. bence mükemmel",positive
tavsiye ederim şahane bi ürün koblosu kısa geri kalan herşeyi iyi çekiş,positive
duracell denildiği zaman gerçektende bir kalite anlaşılıyor ve diğer pillere nazaran daha uzun süre kullanım ömrünün olduğunu görmek memnun ediyor müşteriyi.güzel bir ürün,positive
"ürün çok güzel, az bir miktar kullanarak işinizi halledebiliyorsunuz. güzel köpürüyor ve köpüğü hemen bitmiyor. soğuk suda bile işe yarıyor. şiddetle tavsiye ederim",positive
ürünü alırken içimde biraz şüphe vardı ancak,positive
kisa bi̇r süre önce bu kokuyu buradan aldim.. tahmi̇ni̇mden çok çok öte hari̇ka bi̇r koku... sürekli̇ kullanip birakamadiğim kokulara meydan okuyor...,positive
i̇şimi gördü. hafifçe bastırarak lekeleri sildim. i̇sterseniz sert basın hiç problemi yok.  hemen bitmiyorda.. azı dişlerinize mudahale etmek cok zor yalnız.,positive
ürün paketlemesi ve teslimatı çok güzeldi. sorunsuz elime ulaştı. teşekkür ederim.,positive
eğer jantlarınızın ilk günkü gibi kalmasını istiyorsanız bu ürünü mutlaka kullanın derim. araç siyahsa jantlar temiz olduğu sürece araç da temiz görünüyor. bütün sonax ürünlerini kullanmış biri olarak en iyi sonuç aldığım iki sonax ürününden biri olduğunu düşünüyorum..,positive
ürün çok yeterli tavsiye ederim,positive
alman kalitesi ürünü elinize aldığınız anda hissettiriyor kendini. ayrıca farklı şehirlerde oluşmasına karşın siparişim çok hızlı bir şekilde elime ulaştı bunun için de son derece memnun kaldık. fiyat olarak da almanya fiyatından dahi daha ucuza geldi ürün. henüz deneme şansımız olmadı fakat düdüklü tencere mucidi olan wmf nin adı bile yeter zaten.,positive
1. %1 bile yakıt tasarrufu sağlamadı.,negative
"roman kurgusal olarak çok iyi dizayn edilmiş, sayfalar ilerledikçe meraklandırıyor ve bitirmek için sabırsızlanıyorsunuz. sonunda müthiş bir finalle kurgu tamamlanıyor. okunduktan sonra tekrar okumak isteyeceğiniz etkileyici bir roman şiddetle tavsiye ederim.",positive
ürün gerçekten kendini kanıtlamış aracımın motorunun  hem sesi azaldı hemde yakıtta hissedilir seviyede tasarruf sağladı ve ilk çalıştırması rahatladı kesinlikle etkili bir ürün tavsiye ediyorum.,positive
"ürünün malzeme kalitesi gayet iyi, 3in1 başlık işlevsel fakat çok ses yapıyor. çekiş gücü orta seviyede, daha yüksek çekiş gücü olan makineler kullandım, fakat ses seviyesi ciddi anlamda az. en çok sesi emiş ağzı yapıyor, gece apartmanda kullanılabilir. kablosu tüm evi süpürmeme yetiyor (2+1 orta boyutlu bir ev). sessiz olması birinci önceliğiniz ise alın, emiş gücü önceliğiniz ise daha yüksek emiş güclü benzer fiyatlarda makineler mevcut.",positive
i̇lk çıktığında aldım.  herşeyi ile süper bir telefon. bilgisayarı açmanıza gerek yok her işi rahatlıkla görüyor. dizayn olarak ta 10 numara.,positive
kredi kartımızın limiti yeterli ise nasıl olsa ne görsek almakta ve karta borcumuzu ödemekteyiz. buradan aldığım altınlar ile alışveriş yapma zevkimi giderirken aldığım altınlar kar kalmış ve çocuğumun düğünü için birikim yapmıştım. hiç zorluk çekmedim. teşekkürler hepsiburada,positive
güzel ürün hesaplı,positive
"tablet tarzı telefonlardan hoşlananlar için kaçırılmaması gereken bir telefon. özellikleri, ekranın kalitesi, kalemi ve hepsiburada.com un yaptığı indirim ile birlikte bence kaçırılmaması gereken bir telefon. samsung türkiye garantisiyle kampanyayı kaçırmamanızı dilerim.",positive
ürüne parasina göre güzel kaldiki̇ kötüde olsa bu si̇te bu kadar hizli tesli̇mat yapiyorsa ayakta alkişlanasi bi̇ durum çok teşekkür ederi̇m,positive
ürün muhteşem yalnız telefonun şarjı çabuk bitiyor ne yaparsanız yapın 3-4 defa şarj ediliyor. ve telefonu ne kadar muhteşem olsada kullanamıyorsunuz.,negative
burdan alınca 50 adet bez bedavaya gelmiş oluyor,positive
i̇şe yarayan emici kanallar. sabaha kadar bebeğimin altı kuru kalıyor.,positive
ürün dün elime geçti ilk deneme gayet başarılı. ses gayet az mekanik bir klavye için. tuşları büyük güzel kullanışlı olmuş hızlı yazan biriyseniz ve parmaklarda biraz geniiş ise yanlış tuşa basma  ihtimaliniz düşürülnüş . arka aydınlatması tek renk yanlız ayarlama olanığı güzel olmuş.  iki tane sıkıntısı var biri tabiki parası ucuz diyemem ama bu seviyede sağlam ve kullanışı rahat bir klavye arıyorsanız bu seviyede fiyatları . bir diğer sorun kablo su power kablosu gibi ( abartı değil ),positive
guzel bir urun bekledigim gibi ....,positive
tek eksiği kablosu cok kısa geldi hem de cok kısa adaptör yanında gelmiyor fişi yani ama ewinizde zaten var iphone 6s için aldım 4 kez tam şarj etti! helal olsun diyorum çok şık görüntü tasarım mükemmel fiyatına göre iyi performans??,positive
ürünü hediye olarak aldığım için ozelligini bilmiyorum okudugum yorumlarin dogruluna inanarak tercih ettim. elime çok çabuk ulaştı,positive
i̇lk bebeğimde de kullanmış ve çok memnun kalmıştım. şimdi ikinci bebeğim doğduktan sonrada kullanmaya başladım. bence çok başarılı bir ürün.,positive
"bugün aldım ve hemen lastikcide taktırdım. gümüşhane kelkit arasındaki 2020 rakımlı pekün dağına yoğun kar yağışı varken çıktım ve herhangibir sorun olmadan indim. lastik gerçekten kaliteli. arabaya biinince bunu anlıyorsunuz. yol tutuş, fren ve ses yalıtımı çok güzel. alacak arkadaşlara tavsiye ederim. çok tutulan bi marka değil bilen kişilerin aldığıbi marka. teşekkürler hepsiburada",positive
kullanıldığı zaman kullanılan bölgede terleme yapıyor.fakat 2 haftadır düzenli kullanıyorum henüz herhangi bir fark göremedim.ayrıca çok çabuk yıpranıyor.sökülmeler ve delinmeler başladı bile.çok tavsiye edeceğim bir ürün değil.....,negative
kullanışlı bir ürün . kutulu fotoğrafındaki gibi yeşil kabı ile geldi . kalibrasyon özelliği var .  üstüne tabağı koyarak sıfırlayıp üstüne yiyecekleri ekleyincede gayet güzel hassas tartıyor . tavsiye ederim .,positive
ürün harika  bütün saçları 10  dakikada düzleştiriyor.,positive
sony kalitesi bu üründe var.,positive
"öncelikle 2 günde elime gecti ve kulanıma hazır olması cok yiy.gayet güzel yıkıyor ve temizliyor yalnız borularının plastik olması her an kırılıp elimde kalacakmış hissi veriyor ama bende biraz fazla bastırıyor olabilirim daha kuru olsun diye:)  metal olabilirdi,birde küçük yımama ucu fala sıcratıyor bunların dışında çok iyi bir makina,cekim gücü gayet iyi ve temizliği kolay.",positive
"hassasiyeti yeterli derecede.düz ve sert zeminde daha doğru ölçüm yapıyor.beğendim, tavsiye ederim.",positive
hepsi̇burada.com a çok teşekkürler gerçekten kali̇teli̇ ve bu fi̇yata bu ürün i̇nanilmaz bence hi̇ç düşünmeden alin başka ürünlere çok para vermeye gerek yok:),positive
çok hoş bir kokusu var mutlaka tavsiye ediyorum kalicilikda olarak dunyada ilk 10 arasinda ;kibris gibi yazlari 60 derece olan bir yerde cok işe yariyor ....suana kadar bir cok parfum kullandim ama vakko cidden cok farkli özellikle kalicilik konusunda ustune tanimiyorum camasirlar yikandikdan sonra bile kokmaya devam ediyor ...,positive
oldukça iyi bir ürün iyi kapatıyor doğal görünümlü beğenerek kullanıyorum. 41 numara ve 13 numara uygun tonlar bence.fiyatı da piyasaya göre oldukça iyi,positive
"süper bi ürün. keşke en başından beri bunu kullansaydım. temizlemesi aşırı kolay ve pratik. taneleri ince ve küreğin aralarından küreği hiç sallamasanız bile dökülüp gidiyor. kokuyu hapsediyor, pis koku yok. temizlerken topaklaşmalar dağılmıyor",positive
insanın olaylara bakış acısını değiştiren bir kitap. yazarın kullandırdık dil gayet acık. sürükleyici bir kitap elinize aldıktan sonra kolay kolay bırakamayacaksınız .herkese tavsiye ediyorum .,positive
kesinlikle tavsiye ederim arkadaşlar,positive
kimsenin fiyati ucuz diye akli karismasin arkadas 20 cm kar ustunde normal yolda gider gibi gittim karli rampalarda da sikinti olmadi milletin kaldigi yerlerde bir iki patinajdan sonra yoluma devam ettim tek olumsuz nokta biraz sert olusu ama yaz lastiklerim continantal onlarda nerdeyse bu kadar sert her turlu tavsiye ederim dusunecek fazla bi sey yok...,positive
kali̇teli̇ bi̇r ürün,positive
ürün gerçekten süper. tabi uzun süre kullanım ve deneyim sonrası bu fikrim değişir mi bilemiyorum. fiyat performans liginin açık ara şampiyonu denebilir. servis işi şüpheli sadece...,positive
öncelikle ürünün paketi özenli ve sağlam bir şekilde bana ulaştı kulaklığa gelince gayet yeterli ve güzel kullanımı çok kolay kaliteli malzeme ve çok şık kulağınıza varmı yokmu belli değil beğendim çekim mesafesi 10 metre rahat var ses de güzel teşekkürler hepsi burada ve çalışanları,positive
ürün matematik ağırlıklı derslerde işinizi çok kolaylaştırır. basit ve kullanışlıdır.,positive
yorumlara bakarak aldım ve iyi ki de almışım elime ulaşali bir gün oldu denedim muhteşem bir ürün hiç düşünmeden alın rahat rahat kullanın,positive
- prestijli mi? hayır.,negative
parasına göre çok iyi kulanışlı,positive
fiyata bakıldığında oldukça performanslı,positive
"urunu i̇lk kez kullandim kurulumu gayet kolay zaten ilk akvaryumumu bu urunle kurdum. ilk gun su sirilti sesi yapiyor icindeki havanin tamamen atilmasi bir gun suruyor. sonra gercekten cok sessiz. yanindaki hediyeleri ise cok faydali oluyor. 99,5cm e 39,5 cm akvaryumumda guvenle kullaniyorum. herkese tavsiye ederim ozellikle yeni baslayanlar kacirmasin hava motoru ve isitici bedava . kargo uc gun suruyor sabretmek gerekir. hepsi̇ buradan ai̇lesi̇ne teşekkurler.",positive
çok pratik bir ürün. temizlemesi çok kolay. tefal kalitesinden yine memnun kaldım. koyduğum bitki çayı su ile temas etmeden buhar ile demleniyor bu sayede hiç acıma tadı olmuyor.,positive
i̇lk burbeery london parfümümü de burdan almıştım. o bitince o kadar üzüldüm ki.. :) tekrar indirimde olduğunu görünce hemen siparişi verdim. sadece ben değil parfümü kullanıp girdiğim ortamdaki arkadaşlarım da bayılıyorlar buna.kesinlikle kaçırmayın derim.,positive
ürünü geçen hafta aldık;hepsiburada her zamanki gibi ürünü zamanında ve eksiksiz bir şekilde gönderdi.telefonla ilgili tek eksiklik içeriğindeki resimlerin pek çeşitli olmaması;ama onu da bilgisayrınızdan resim yükleyerek halledebilirsiniz.,positive
suyu bulaniklaştiriyor.bence normal yem kullanin.,negative
ürün gerçekten güzel. ses kalitesi çok güzel. titrşim özelliğide çok iyi.şarjı uzun süre dayanıyor. ama keşke müzikte dinleyebileceğim bir ürün alsaymışım diyorum.,positive
ilk alırken çok düşünüp kararsız kaldığım lastik arabaya takınca gerçekten sessizliği ile memnun etti yani kışın yağmur ve karda nasıl olduğunu bende merak ediyorum saygilar,positive
tek geçerim hepsiburada yı,positive
"fırça ile çıkmayan kahve lekesini 5-10 dakikada temizledi. sadece dişlerin aralarına tam giremiyor, o da diş yapısıyla da alakalı tabi. ön dişlerimin arka kısımlarına ulaşması zor oluyor, birinden yardım istenebilir. ürünü beğendim.",positive
dişinizi fırçalarken ekstra bir baskı uygulamamaya dikkat edin yoksa diş etlerinde kanamaya sebebiyet verebiliyor.,positive
ürün kendi̇ kutusu i̇çeri̇si̇nde yedek tellerle geli̇yor.ürünün ağirliği kali̇tesi̇ni̇n de göstergesi̇....,positive
ürünün kurulum klavuzu yetersiz. 3 saatimi aldı. birkaç eksik vida çıktı. kapaklar ve çekmeceler çok nizami durmadı. fiyatına göre idare eder bir ürün.,negative
üründen 4 adet sipariş verdim şimdilik bir sorun gözükmüyo ama ayaktaki teri tamamen almıyor ama sıcak tutuyor güzel ürün beğendim,positive
"klasörler sağlam ve dayanıklı, ücretne göre iyi. ben daha zayıf bekliyordum ancak bürodaki evraklarımın hepsini içine attım.",positive
her yerde araştırdım en uygun fiyat burada buldum.,positive
"arkadaşlar ürün 3 günde elime geçti,mükemmel bi ürün kesinlikle almanızı öneriyorum",positive
ürün kokusuz ve sağlam duruyor kötü yanı ise boyutları çok buyuk olmus.ancak bu fiyata çok iyi bir dambıl aldığımı dusunuyorum.,positive
"1 gunde geldi o kadar hizli geldi ki sistemde hazirlaniyor yaziyor , kokusu guzel",positive
yorumlara bakarak aldığım bu parfümden çok memnun kaldım herşey için çok teşekkürler hepsi burada,positive
tek eksiği tanıtım resimlerinde ekran kenarındaki siyah çerçevenin varlığının anlaşılmaması...yanıltıcı...şarjı kötü değil çok aktif kullanmaz iseniz...hızlı şarj oluyor...babam memnun kaldı...kamera iyi...ekran çözünürlüğü iyi..fiyata göre estetiği performansı ve hafifliği çok üstün...tavsiye ederim...,positive
diğer markalara aldırış etmeyin asus piyasada kendini kanıtlamış bir marka malzeme ve ürün kalitesi oldukça tatmin edici çok memnun kaldım.,positive
ürünü ilk takarken elimden düşürdüm kırılacak veya çalışmaz artık dedim. ama baktım ki gayet güzel çalışıyor. plastik ve dayanıklı. çok beğendim çok orjinal bir ürün.,positive
yavru köpeğim için aldım yüzüne bile bakmadı,negative
erkekler için en değerli ve en önemli bakım traştır.,positive
kireç konusunda memnun kalmadım. çok kireç topluyor.,negative
buzluğun altta ve derin dondurucu tarzında olması ve enerji tasarrufu olması en büyük artısı..  7 aydır kullanıyorum çok memnunum..   sessizlik ve geniş hacim....  say say bitmez...,positive
kesinlikle tavsiye ederim alıp ilk kahvemi içtikten sonra neden bu zamana kadar cezveyle uğraşmışım diye düşündüm..o kadar kısa sürede hpişiriyor ve o kadar lezzetli ki anlatamam alın hak vereceksiniz.ayrıca beklediğimden büyükmüş.dış görüntüsü de yaptığı kahveler kadar harika.,positive
cihaz iyi durumda herhangi bir sorun yok fakat içinden eu plug yerine asya plug mevcut. düzgün bir priz kafası gönderilmesi gerekmektedir. bundan dolayı 1 yıldız,negative
"kızıma doğum günü hediyesi olarak almıştım, telefonda ne ararsanız var ,eksik hiç bir özellik göremedim,hızı ve kamerası da yeterince iyi.",positive
"daha öncede kullanmıştım, kullanım kolaylığı fiyatına göre kaliteli bir ürün olduğunu söylemek istedim hayırlı olsun.",positive
bu kitabı kesinlikle doğum öncesinde edinin ve hatim edin. doğumdan bir süre sonra artık bazı konularda kitap geride kalıyor ve neden daha önce okumadım diyebiliyorsunuz. bebeğinizin belli bir alışkanlık kazandıktan sonra kitaptaki kuralları uygulamada başarısız olabiliyorsunuz!,positive
yıllardır kullanırım hiçbir sorun yaşamadım çevremde herkese tavsiye ettim onlarda aldılar herkes çok memnun gönül rahatlığı ile alınabilecek tek düzleştirici,positive
"ürün çok basit gibi görünsede kullanışlı, çok işimize yaradı. tavsiye ederim. mıknatıslı oluşu ürüne daha fazla kullanım kolaylığı katmış. beğendim yani",positive
arastırarak aldım coğo süpürgeye göre cok iyi sesi biraz fazla ama temizliğine değer,positive
parfumu eşime aldım sevdıgım bır kokuydu gayet güzel ve orjınal uzun süre kokuyor fazla sıkmaya gerek yok kalıcı ve hoş bır kokusu var tavsıye ederım . sparısı verdıkten hemen 1 gun sonra elıme ulastı,positive
bu ürün yağ ve filtreler değişiminde kullanılıyor. yağ değişimlerinde aracın yağı değiştiği için aracın sesi daha az çıkar.motor sesi̇ni̇n azalmasi motor yağindan kaynaklaniyor.ama zamanla motor yağı aşındığı için motor sesi eski halini alır. borun faydası olup olmadığını anlamadım çünkü araçta değişen bir şey farketmedim. faydası olup olmadığını anlamak için aracı bilgisyara bağlamak lazım başka türlü kesinlikle anlaşılmaz. birazda bu durum psikolojik sanırım. kendimizi faydası olacak diye kandırıyoruz. kimse sihirli bir şey beklemesin.,negative
çözünürlük ve cihaz kalitesi müthiş ???? bu fiyata daha iyisi yok... küçüklüğü ve dahili bataryası da çok iyi ????,positive
ilk olarak tavsiye ederim kurulumda biraz zorlandım ama sonunda kurduğumda çok güzel bir ürün çıktı diğer arkaşların dediği gibi bende üst rafı biraz yukarıya montaj yaptım,positive
ürün çok kullanışlı ve şık duruyor.,positive
küçük ama etkili :),positive
i̇lk bu parfümü 1995 yılında arkadaşımda farketmiştim ve o yıldan beri kullandığım 3 parfümümden biri.tam bir yaz kokusu fresh ve cool şiddetle tavsiye ederim...,positive
ilk çocuğumuz bu şampuanla büyüdü ikinci çocuğumuzuda bu kaliteli üründen mahrum bırakmak istemedik fiyat kalite oranı çok çok iyi,positive
ürün 2 gün önce eve geldi. tam beklediğimiz gibi kumaşı gayet kaliteli şık duruyor şürüşü de  iyi. uygun fiyata kalite isteyenler için çok iyi tavsiye ederim kesinlikle.  teşekkürler hepsiburada.,positive
"cok gerekli bir urun değil ama puzzle yapanlar için, topla - kaldır - yeniden aç, fena fikir değil ama eviniz müsaitse ve mumkunse kontaplak üzerinde yapmak daha kullanışlı",negative
"ürün harika; elinize alıp gördüğünüzde daha fazla para vermediğinize sevineceksiniz.  ancak diğer arkadaşların da önerdiği gibi bir beden büyük alın !!!  l beden kalmadığı için m aldım.(dar gelmesini, xl alıp bol gelme ihtimaline tercih ettim ) avuç içi ölçüsü 8 cm olmasına rağmen biraz küçük geldi. kargo sorun çıkarmazsa kapıda deneyin:) değiştirmesi daha zahmetsiz olur.",positive
bu ürünü yaklaşık bir ay önce aldım. yorumları okuyup almıştım. çok tereddütlüydüm gerçekten. ama kesinlikle çok memnun kaldım. saçımı çok güzel düzleştiriyor. benim saçlarım kalın telli asi ve dalgalı. çok kabarıyor ve beni rahatsız ediyor. fönsüz kullanamıyorum. haftada en az 2-3 kez kuaföre giderdim. artık kuaföre ugramıyorum bile doğru dürüst. kesinlikle mükemmel bir ürün. kardeşimle birlikte kullanıyoruz. onun saçları ince telli ve kıvırcık. onda da çok iyi sonuç verdi. herkese tavsiye ediyorum.,positive
"eski tip vakumlu poşetleri kullanması zordu, bunun kapatması çok pratik dolasıyısıyla ürünü de daha kullanışlı hale getiriyor.",positive
"whiskas mamanın kalitesini tartışacak halimiz yok :) ben cuma günü sipariş verdim ve kendi kendime ""3 gün kargo sürse, zaten cumartesi pazar tatil, pazartesi çalıştığım yere getirirler"" dedim. cumartesi öğlende telefon açtılar kargonuz geldi diye :)) dedim dursun sizde, pazartesi gelir şubeden kendim alırım :)",positive
bebişimiz bir süre hastanede kaldı çıktığından beri bunu kullanıyoruz hiç sorun yaşamadık kesinlikle molfix derim ayağına gelsin :),positive
başarılı . . . .,positive
nokia kalitesi yine çarpıcı bir şekilde karşımızda . özelliklerine göre küçük ve kullanışlı . fakat tek kusuru dokunmatih ekranı çok hassas değil seçim yapmak için ekrana bastırmak gerekiyo.,positive
"kitap gercek anlamda cok güzel ve okunması gerekli kitaplardan,umarım kampaya  olur gecen olmustu kacırmıstım.. hepsiburada  mutlaka  bir kampanya  yapar diye düşünüyorumm :)",positive
tşkler kisa sürede eli̇mi̇ze ulaşti.... güveni̇li̇r si̇te,positive
ben ağırlık çalışmaya yeni başladım. bu ürün de tam istediğim gibi. biraz küçük ama benim elime tam sığıyor. eliniz büyükse biraz sorun yaratabilir. süngerli olması elinizi ağrıtmıyor. bence yeni başlayanlar için ideal bir ürün. kargo bedava fırsatını kaçırmayın derim.,positive
13 yaşında oğlum için aldım .gayet memnun bence fiyatına göre gayet güzel bir ürün.paten almak isteyenlere  tavsiye ederim.,positive
hızlı kargo iyi satıcı teşekkürler,positive
parfümün kokusu gerçekten çok güzel ve etkiliyici.fakat bana gelen parfüm orijinal değil.çünkü kokusu hiç kalıcı değil.hemen uçup gidiyor. doldurma parfümler bile daha kalıcı.,negative
parfümün kokusu çok güzel fakat kalıcılığı 3-4 saat sürüyor,negative
hp compaq bilgisayar kullanıyorum çok fazla ısınıyordu. şimdi bu soğutucu ile ısınma  olmadan bilgisayarımı kullanabiliyom.,positive
2 adet aldım. masa üstü için güzel. boyutu iyi yazılar okunaklı ancak sadece tam karşıdan bakıldığında görünüyor. yan açılardan bakınca yazılar kayboluyor. 2 aa kalem pil ile çalışıyor piller kutudan çıkmıyor.  tarih ve ingilizce gün yazıyor. diğerini başucuma koydum. sürekli görünen radyolu modelim de var ama ışığı rahatsız ediyordu. bunun ışığı kontrollü bana daha uygun ancak gece yakınca gözünüzü alacak kadar yanıyor. alarm denemedim. bence keyifli bir ürün.,positive
herkes almasın ya... :) güzel bir ürün... özellikle bayanlar soruyor markasını.. ama siz yine de almayın.. fazla yayılmasın... sonra alışılmış bir koku olur,positive
soğutucu cok iyi soğuması mükemmel sonuncu standa getirdiginizde daha iyi soğutuyor,positive
fiyat performans açısından mükemmel. güçlü bir ışığı var. mükemmel.,positive
kargo güzel ter temiz geldi risk yaparak aldim ve beni yaniltmadi koku günlük değil tam kiş aylarinin kokusu gece ve ya akşam için mükemmel böyle cesaretine cesaret katan bi ürün,positive
düşündüğümden önce elime geçti. 8.de kargolanır dediler 8 inde sabah 11 gibi teslim aldım. paketi açmadan önce imei sorguladım sıkıntı yok huawei den garantisini sorguladım yine paket izerindeki imei numarasından oradada sorun yok.. on numara teslim ettiler yani. tavsiye edermiyim tabiki......,positive
"gerçekten faydasını gördüm,dirseğimde belirgin bir rahatlama hissediyorum. bu güne kadar kullanmış olduğum benzerlerinden daha kaliteli olduğunu söyleyebilirim şöyle ki herhangi bir defarmasyon yada amaç kaybına uğramıyor.",positive
biz 60/120 mobilya yatak icin aldik tam oldu gayet guzel bir ürün. kısa sürede teslim edildi. disindaki koruyucu alez gayet guzel. tavsiye ediyoruz.,positive
geldiği gün indüksiyonlu ocakta patates kızartıp denedik. tavanın altına sızan yağ yanık lekesi oluşturdu. temizlemek mümkün olmadı. tavanın içi tamam ama altını temizlemek sorun. i̇ndüksiyonsuz pek çok tefal tava tenceremiz var altlarını tek süngerle temizleyebiliyoruz ancak bunu ovmakla filan temizlenmedi.,negative
güzel eldiven beyendim..,positive
harika bir ürün. abimde aynısı vardı. şimdi ablama doğum günü hediyesi olarak aldım. memnun kalıcaksınız. birde aynısından kuzenimde de vardı.  ailecek kullanıyoruz. kesinlikle düşünmeden alın derim.,positive
hızlı kargo en ekonomik fiyat..,positive
"ürün beklentiyi karşılıyor, gayet hızlı pişiriyor lakin kullanılan plastiğin yapıştırıldığı yer biraz çıkıntılı, sadece estetik olarak takıntınız varsa biraz rahatsız edebilir. tam bir fiyat/performans ürünü denilebilir.",positive
bende oğluma bunu hediye etmek istiyorum. genç insana ne kadar uygundur bilemiyorum ama bir ara konuşurken bu markayı telşaffuz ettiğini duydum... umarım hayal kırıklığı yaşamam.,positive
"çocuğum doğduğundan beri prima kullanıyoruz, bir ara başka bez denedik memnun kalmadık, primayla devam...",positive
2 kedimin de çok hoşuna gitti. daha önce  tarak kullanmadım kedilerime ama bundan iyisinin olabileceğini sanmıyorum.,positive
+ üst tarafın elekli olması,positive
prima zaten kendisini piyasaya kabul ettirmiş. çok kaliteli bir marka yıllardır çocuklarım için kullanıyoruz çok memnunuz. teşekkürler,positive
yıllardır asetat kalemleri kullanırım. hepsiburada da çok uygun fiyatlı.dışarıda 2 ytl den satılıyor. her alışverişimle birlikte bu kalemlerden alırım. çünkü çok üzun süre gidiyor.,positive
"ürün oldukça hızlı şarj ediyor. şuana kadar kaç kere dolum yapabileceğimi ölçemedim ama çok tatminkar olduğunu söyleyebilirim. bence önemli bir dezavantajı büyük ve kalın oluşu, cebinizde taşıyabileceğiniz bir ürün değil. ayrıca kendini şarj etmesi de 7 saat filan sürüyor. bunlar dışında sıkıntısız diyebilirim.",positive
ürün çok güzel tavsiye ederim,positive
"ürünü çok beğendim,yanında gelen cdden driverını yüklerseniz titreşimide oluyor.analogları oldukça yumuşak tabiki bir sony kol kadar iyi değil ama bu fiyata kaçmaz",positive
merhabalar.,positive
bizimki o kadar sevdi ki gece bulup lastiğini koparmış bile. minik bir düğümle sorunu çözdük ama biraz daha sağlam olsaydı daha güzel olabilirdi.,positive
hassas cildim icin en uygun urun oldu cok memnunum kaliteli,positive
annem dedektiflik romanları okumayı çok sever. ona hediye olarak aldım. kendi orijinal kutusunda kaliteli basım. görsel olarak tatmin edici. hikayelere gelince zaten  tartışılmaz güzellikte. kısa sürede elime ulaştı. hepsiburada  dan sürekli alış veriş ediyorum. çok güvenilir bir site. sipariş verdiğinizde bir sorununuz olduğunda müşteri hizmetlerini aradığınız zaman yardımcı oluyorlar. bir kaç kere siparişlerimi iptal etmek istediğimde bir sorunla karşılaşmadım. i̇ptal işleminin en fazla 15 dk ardından parayı tekrar hesabımda gördüm. tavsiye ederim.,positive
ürün verdiğiniz paraya fazlasıyla değecek şık bir ürün.,positive
ürünü sadece sepeti doldurmak için aldım denediğimde gerçekten müthiş sonuç verdi.,positive
ürün iki gün önce elime geçti ancak bugün kullanma fırsatı buldum. yazıcıdan çıktı aldım kağıt ve yazdırma kalitesi gayet iyi. fiyatın da uygunluğunu eklersek almaya değer. almak isteyenlere tavsiye ederim.,positive
çok hızlı bir gönderiyle elime ulaştı.hediyesi ıslak mendillerdi.hem ucuz hemde hediyeli daha ne olsun.,positive
telefon güzel kullanışlı tavsiye ederim,positive
şirketlere uzaktan güvenli bağlantı yapacak arkadaşlar için bir yorumum olacak. bağlantıyı bu cihaz yerine esas modem üzerinden yapmanız gerekiyor.,positive
seriyi dun sipari ettim bugun geldi  24 saatten kisa surdu bu cok mutlu etti beni merakla bekledigim bir seriydi kitaplari malzeme kalitesine bakacak olursak fiyatina gore gayet basarili az buz degil 5 kitap bu fiyata :) kitaplari okumaya başlayincada memnuniyetimin devam edeceginden şüphem yok.,positive
"iyi alışveriş, tavsiye edilir.",positive
"parfümler %100 orjinal, kesinlikle maksimum kalite. hızlı ve etkili bir gönderim oldu, erkek arkadaşıma ilk sevgililer günü hediyemi vermemde önemli bir rol oynadınız. daha nicelerine diyorum :)",positive
sabah sipariş verdim diğer gün sabah elime geçti ve ürün plastiği hoş duruyor ele batmıyor almanızı tavsiye ederim başka yerlerde aramanıza hiç gere kyok :),positive
- pil süresi: gün boyu aktif olarak kullanmama rağmen gün sonunda %20 gibi bir pil kalıyor.,positive
ürünü çokdan beri kardeşim kullanıyor. amatör ve yeni başlayanlar için çok iyi. kılıfınıda yanında verdiler. ucuz olmasıda yanında kar. hepsiburada güvenilir olduğu için her zaman burdan alışveriş yaparım,positive
1 saatte şarj olup normal kullanımla 25 saat şarjı gidiyor.,positive
hızlı ve güvenli bir alışveriş oldu. teşekkürler.,positive
son 50 sayfasını sürekli ağlayarak göz yaşları içinde okuduğum ilk kitap.yorumları okuduğumda abartıldığını düşünmüştüm ama benim gibi duygusal bir insansanız okurken ağlama garantisi verilir :) tabi ne demişler zevkler ve renkler tartışılmaz..,positive
aracımda kullandım vitesin ordaki konsol baya eskimişti yıpranmıştı güzelce zımpara yaptım yeterince pürüzsüz olunca iki kat uyguladım bir saat arayla boyandığı anlaşılmıyor nerdeyse hem gerçekten parlak bir siyahı var hem de pürüzsüz. ayrı bir tabaka oluştu resmen.,positive
güzel saat ama alırken mağazada bir bakmanız lazım derim çünkü fotograflardaki gibi boyutu büyük degil,positive
bu fiyatta mükemmel iş görür,positive
öncelikle çok hoş ve özel hissettiren bir koku.bir kez kullanınca vazgeçemeyecek ve bağımlısı olacaksınız kokunun.hele bir de kampanyalara denk getirip cazip bir fiyata da alınca (hepsiburada.com da olduğu gibi)daha da süper oluyor.bence bir deneyin derim.,positive
2 adet ürün siparişi verdim ve sagolsunlar tam sipariş verdiğim gibi aynı renklerde hediyeleri ile beraber gönderdiler.ürünlerden memnunuz teşekkürler hepsiburada,positive
"bu fiyata bu ürün çok iyi, çokta hızlı geldi. teşekkürler",positive
"ürün kısa sürede elime geçti ve köpeğim çok severek yedi, düşünmeden alabilirsiniz",positive
kampanya  dahilinde aldım. traş takımı çantası hediye olarak geldi. sürekli kullanılan bir ürün kullanım durumunu söylemeye gerek yok. hızlı teslimat ve güvenilir alışveriş. teşekkürler,positive
açıkcası ürünü tereddüt ederek almıştım..birde gold master olması beni almaya zorladı..ses mükemmel çıkıyo.gerçekten almanızı tavsiye ederim benim çok hoşuma gitti..emin olun sizde memnun kalırsınız..,positive
ürün çok kısa bi sürede geldi . görünenden daha iyi ve korumalı.,positive
gümüş renkli olan lg g5 telefonu aldım. lg türkiye garantili ve hiçbir sorun.güvenle alabilirsiniz.,positive
kargo gayet hızlı ulaştı. fotoğrafta göründüğünden daha güzel canlı bir kırmızı. tekerlekleri takmak zorladı çok zor giriyor ve zorlarken bir parçasını kırdım dikkat etmek lazım. bir de sırt bölmesini iyi sıkmazsanız sağa sola kayabiliyor. onun dışında fiyatına göre tasarımı çok şık ve kaliteli bir ürün.,positive
i̇yi yağ çözücü ama eldiven kullanılmazsa vucut yağlarınıda çözüyor:( elde yıkıma sonrası cilt kremine de ihtiyaç duyabilirsiniz ayrıca fiyat performans olarak üstüne yok ben kampayadan almıştım.,positive
çoğu yerden uygun fiyatlı ve spor mağazalarındaki ürünlerden daha kaliteli.,positive
bu ürünü dısarıdan almıstım burda daha ucuz ancak bir faydasını göremedik cay olarak güzel içimi hafif lezzetli ama sütü artırmadı belki sürekli kullanmak gerekiyor,negative
3 aylık bebeğimin seslere ve renklere olan ilgisini çekebileceğini düşünerek aldım ve çok memnun kaldım.bebeğim yattığı yerden çıngırağı salladığımda heyecanını görmeniz lazım?? almayı düşünenlere öneririm.küçük olması ve yer kaplamaması da avantaj.hepsi buradaya teşekkürler..,positive
ürün süper,positive
"çabuk yapışmıyor,bence çok olumlu,hatalı yapıştırmalara doğru uygulama için fırsat veriyor.ve hepsinden önemlisi yapıştığı yerden kesinlikle tekrar kopmuyor ve kırılmıyor.",positive
gerçekten fiyat kalite açısından değerlendirildiğinde oldukça kaliteli bir ürün. çok memnunum. tavsiye ederim.,positive
"-3000 mah pil ile 1,5-2 gün gider diye tahmin ediyordum ancak günde 1 şarj kaçınılmaz",positive
bir iphone kullanıcısı olarak telefondan çok memnun kaldım. çok hızlı bir telefon. kamerası profesyonel çekimler için uygun yapılmış. kısacası telefonu almak isteyenler hiç düşünmesinler.,positive
çizilen ekranı dışında herhangi bir sorun ile karşılaşmadım..yüksek resim çekme kalitesi ve hızlı internet erişimi ile bilgisayardan farkı yok..hafifliği de cabası..,positive
"şuan için herşey harika, ürün rahat kullanışlı ve konforlu. yer yadırgamama rahmen ilk gecem harikaydı. dilerim uzun süreli baktığımızdada memnun kalırız. çok teşekkürler.",positive
"evde denedik ufak bir yanık kokusundan başka hiç bir tüy vs aldığını veya seyrelttiğini görmedik.  bazı bayanlar epilasyon aleti yerine bu aleti kullandıklarını belirtmişler, zaten ana amaç olarak da lazer gibi seyreltmese bile daha rahat bir epilasyon olur diye sipariş etmiştik ancak hiç bir etkisini görmediğimizden memnun kalmadık...",negative
hızlı ve kaliteli...teşekkürler,positive
şimdiye kadar kullandıklarımızın en iyisi diyebilirim.  kullanışlı ve fiyatı da çok iyi. ben öylesine almıştım ama mutfağımızın vazgeçilmezi oldu. alacaklara tavsiye ederim.,positive
zamanında geldi. kolaylıkla taktık. bilgisayar hem hızlı hem de daha sessiz çalışıyor.,positive
mükemmel koordi̇ne edilen bir hizmeti almaktan oldukça memnunum.,positive
malzeme kaliteli ve ucuz bir o kadar da kullanışlı. cepler büyük bagajda ne varsa içine alıyor. eve de bir tane alıp oğlumun oyuncakları için kullanmayı planlıyorum.siteye teşekkürler,positive
makinayı eşime doğum günü hediyesi olarak aldım. performans olarak gayet iyi bir makina orta seviyenin üst düzeyi diyebilirim. düşünenlere tavsiye ederim zaten hepsiburada.com un kalitesini söz etemeye gerek bile duymuyorum. gayet başarılı bir teslim ve iyi ürün. teşekkürler.,positive
hızlı teslim bilinen ürün görselin aynısı teşekkürler....,positive
hizli şarj ediyor. urun orjinal samsung urunu. telefonla birlikte verilen orjinal şarj aletinin aynisi. hatta usb kablosunu sarmak icin ayri bir kalibi var.,positive
ürünü gerçekten beğendim ses kalitesi güzel ayrıca 5+1 destekleyen bir ses kartıda alırsanız gerçekten şahane oluyor.fakat hepsiburada.com dan aldığım bu ürünün ilanda belirtildiği gibi sonorus hoparlör ayağı gelmedi hala bekleme aşamasındayım...,positive
ben sıfır honda civic aracımda kullandım ve içim çok rahat.i̇yiki almışım.aracınızdaki değişimi göreceksiniz.herkese tavsiye ederim.,positive
"samsung markasının her alanda faaliyet göstermesi öncelikle bana""çift kazık yere batmaz"" ata sözünü aklıma getirdiği için çekinerek aldım. kullanmaya başlayınca çekincelerimin yersiz olduğunu anladım. a++ enerji sınıfı bir ürünü bu fiyata tedarik ettiği için hb teşekkürler.",positive
çok güzel bir ürün. yanlız kapasitesinin altında kart koyunca malesef içindeki ayraçları dik tutmak çok zor oluyor. ama çok şık bir ürün.,positive
ürün çok güzel fakat 1 den fazla sipariş verdiğinizde puzzle kesimleri birbirinden uyumsuz geliyor. yarısını düz yarısını ters kullanmak zorunda kaldık.,positive
1- ci̇haz i̇sterseni̇z 4 tane aa kalem pi̇li̇ şarj edebi̇li̇r. i̇sterseni̇z 4 tane aaa i̇nce pi̇li̇ şarj edebi̇li̇r. her i̇ki̇si̇ni̇ de takabi̇li̇rsi̇ni̇z.,positive
"bilgisayarlarımızdaki windows10 keyfini, windows10 mobilde'de devam ettirin. gerçekten harika bir telefon, bir telefondan isteyebileceğiniz herşey mevcut. geniş açı ön kamerası harika, arka kamerası özellikle aydınlık ortamlarda çok çok iyi. telefon performansı gayet iyi. windows phone lumiaların bir özelliği var, aylarca kullanın telefon aldığınız ilk günkü gibidir, hiç bir an kasmaz",positive
"bebeğimiz doğduğundan beri milupa aptamil kullanıyoruz. 1200 gr lık paket hepsinden çok daha hesaplı, hepsiburada fiyatı da çok çok iyi. marketlerde bu fiyata bulmak çok zor. kapınıza kadar teslim edilmesi de cabası...",positive
bu fiyata cok güzel bir saat hem okunaklı hem görünüşü güzel tavsiye ederim.,positive
telefonu henüz yeni kullanıyorum. kutu içeriğinde türkçe kullanım klavuzu çıkmıyor. batarya ilk kullanımda aydınlatma %100 ve otomatikte  iken 1 gün ancak dayanıyor.ekran geçişleri çok akıcı.andraoid 5.0 olarak geldi.,positive
ürünü almadan önce kullanmış olanların yorumlarından mat bir siyahlık vereceğini tahmin ederek aldım ve lastikten farklı olarak scooter motorsikletimin plastik aksamlarında (arka çamurluk yan kaplamalar) kullandım.mat siyah renkte olan bu aksamlara gayet kolay bir şekilde uygulandı ve beklediğimden daha güzel bir sonuç aldım.uzun lafın kısası  mat plastik aksamlarda bence gayet elverişli ve kullanılabilir.,positive
çok iyi olmuş,positive
"ürün mükemmel. paraya kıyıp mutlaka almanız gerekiyor, makinanızın güvenliği için.. hepsiburada dan aldım ancak  5li paket olmasına rağmen 4 adet çıktı. sebebini anlamış değilim.",positive
şimdilerde cep telefonu uygulaması boyutuna indirgenmiş olsa da 80ler ve 90ların ilk yarısında çocuk olanlar iyi bilir... hala satılıyor olduğunu görmek mutluluk verici. en gıcık olduğumuz yanı piyonları dizmekti :),positive
hem dudaklarınızı koruyor hem de hafif rengiyle ruj gibi dudaklara renk katıyor. oldukça kaliteli,positive
arkadaşlar inanılmaz güzel ve bir ürün... kardeşim dişçi yıllardır böyle bir ürün al dedi durdu.. geç bile kalmışım.. fiyatıda çok uygun...,positive
buradaki yorumlara bakarak aldım ama beğenmedim başka yerde okuduğum yorumlarda ilk 20 sayfa sabredin sonra çok güzel diyordu ben 50 sayfa okudum ama daha fazla gitmedi ben tavsiye etmiyorum,negative
ürünlerim 3 iş günü içinde elime sorunsuzca ulaştı. çantası oldukça işlevsel. başta tedarikçi olmak üzere tüm hepsiburada.com ailesine sağladıkları memnuniyet için teşekkür ederim ...,positive
"fiyatı nın uygun olması  sebebiyle alalım  dedik,  evimde iki erkek birde dişi yetişkin  kedimiz var  çokta seçiciler mama paketi açılmadan paketi parçalamak açmak için başından ayrılmadılar açıldıktan sonrada iştahlıca yiyorlar  kargo ve kargoya verilme hızı gerçekten mükemmel  bilğilendir mede mükemmel  çok teşekkürden başka bir şey gelmiyor elimizden sağolun varolun  daim olun. mehmet fethi çankaya",positive
ürün güzel ve kullanışlı bu paraya iyi bir ürün,positive
ürün elime geçti pırıl pırıl altın teşekkürler hepsiburada,positive
30.03.2012 de sipariş verdim.03.04.2012 de ürünümü teslim aldım.boyun fıtığı teşhisi koymuştular.gerçekten akşama kısmen rahat bir uyku uyudum.eve bir tane daha almayı düşünüyorum.,positive
kızıma okul hediyesi olarak aldım gayet başarılı ihtiyacı karşılayan almaya değecek bir telefon,positive
sinbonun kaçıncı çaycısı ve ketılı servisten gelmiyo resmen devamlı bozuluyo tabanı oturmaz tuşu basmaz parayı bir kere verin ve saglam bişey alın ve bakalit kokuyo çeligi iyi deyil,negative
kızım çok sevdi bütün gun odada tepesinden inmedi,positive
bu hıza şaşırdım doğrusu... on numara!,positive
uygun fiyatli ve amacina uygun bir makina,positive
eli̇mi̇ze ulaştirana kadar emeği̇ geçenlere teşekkürler. çok güzel bi̇r ürün. kargo fi̇rmasina da teşekkürler hizli geldi̇..,positive
çok güçlü değil ama kesinlikle işe yarıyor. hiç bir güç uygulamanız gerekmiyor. bence rahatlık...,positive
nasıl okudum nasıl bitti farkına bile varmadım. hem şaşırdım aaa bunlarmı olmuş diye hemde hüzünlendim beni aldı götürdü muhteşem bir kitap okunması gereken ilk 10 kitap arasında olmalı bence şiddetle tavsiye ediyorum :),positive
güzel... fiyat ve prforması bu paraları eder....,positive
beklediğimden daha çok kaliteli ve epey de sıcak tutuyor. ürünü almayı düşünenlere tavsiye edebileceğimi söyleyebilirim. hele ki indirimli fiyatı ile mükemmel.,positive
"fiyatına göre çok iyi bir ürün kullanmayı bırakmadan evvel faydasını anlayamamıştım ancak ürün biteli 2 ay oldu ve şimdi faydasını daha iyi anladım.morluklara iyi geliyor şişkinliği alıyor, yoğun kırışıklığım olmadığından o konuda birşey diyemiycem.",positive
ayrıca kullanımı çok rahat ve büyük olması oyuncular için dezavantaj değil parmakları bükmeden kasılmadan saatlerce oynamak mümkün.,positive
ürünü iki gün önce aldım. daha öncede kullanmıştım buüründen gerçekten sade ve kullanışlı bir kulaklık tanıtımıda çok basit. almayı düşünenlere tavsiye ederim . yanında şarj cihazı ile geliyor.,positive
"icinden cikan duy lambaya ozel fakat guclu bir ampul takinca veya biraz isindiginda ucuz plastik oldugundan koku saliyor..tuzun icinde oldugu icin anlasilmayabiliyor ama cikarinca anliyorsunuz.sagliginiz icin duyuda porselen olaniyla degistirmenizi tavsiye ederim.aldiktan sonra zamanla modifiye edebilirsiniz, eksik gelen bir parca yoktu ben memnun kaldim..",positive
guzel urun memnun kaldim emeginize saglik,positive
"biraz tedirgin olarak aldım. çünkü kokusunu duymadan almak biraz saçma gelmişti ama yorumlara güvendim. aldığımda da hiç pişman olmadım. normalde hafif koku seven birisiyim, ama bu koku hakikaten çok güzel fiyat olarakda mükemmel bir fiyatı var. herkese tavsiye ederim.",positive
ürünün ilk olarak değiştirilebilir bir sigortası yok yani aşırı yüksekte ürünün ömrü tek kullanımlık olacak.ikincil olarak:fiyatının aşırı pahalı olmasından dolayı verdiğiniz ücrete değmiyor.çünkü tüm bu tür ürünlerin özellikleri aynı belli bir joule değerinde akımın geçmesine izin vermemeleri amacıyla üretilirler.düşük akım koruması olarak ise en güvenilir yöntem ups kullanmaktır.,negative
performansı da gayet iyi.,positive
piyasanın yarı fiyatına aynı kalite. tşkler,positive
uygun fiyat ve hızlı kargo. teşekkürler hb,positive
finish makine temizleyici bence piyasadaki diğer makine temizleyiciler arasında en iyisi. tek kullanımda bile farkı görüyorsunuz. ayrıca fiyatı hepsiburada.comda çok uygun.,positive
"kanallari siralamak çok basi̇t, kullanma klavuzuna bakmaya gerek yok herşey ekranda yaziyor.",positive
ürünü alıp aracıma kendim taktım biraz zor oluyor ama bitince değiyor doğrusu. oldukça kaliteli bir duruşu var. herkese tavsiye ederim,positive
"ürün saçlarımı hemen düzleştiriyor, beni hiç uğraştırmıyor. üstelik de saçlarımı kırmıyor ya da yakmıyor. bence super kaliteli bır ürün. kesinlikle tavsiye ediyorum",positive
ürün sıfır ve orjinaldir.,positive
herzaman ki gibi zamanında ve hızlı kargo..kolye oldukça şık tasarlanmış ve ürün görseli müthiş..hassas ve detaylı el işçiliği ile yapılmış garantili olmasıda cabası..hiç düşünmeden alın derim...teşekkürler hepsi burada.com. :),positive
harika bir cihaz özelliklerini sıralamama gerek yok biliyorsunuz zaten,positive
"hızlı kargo , sorunsuz ürün , uygun fiyat. 6 kg aldım resimlere göre oldukça büyükler.",positive
en doğru-en günenilir en dürüst hizmet veren site hb.ürün görseli ne ise o geliyor.teşekkürler iyi çalışmalar sevgili arkadaşlar.,positive
ürün fiyatına göre gayet güzel çalışıyor. elinizde nerdeyse kalem hissi veriyor. tak-çalıştır kullanabildim.,positive
"i̇lk oğlum hiçbir emziği kabul etmedi, ikinci oğlum da pek niyetli değildi ama bu emziği en azından ağzına alıyor ve kullanıyor, fiyatı diğerlerine göre çok yüksek, eğer bir sürü emzik denemenize rağmen almıyorsa bunu deneyebilirsiniz..",positive
"bu fiyat ile alınabilecek en iyi android telefon. 4g ve açıldığında güncelleme ile gelen 5.1 versiyon. kargo yine şaşırtmadı, 24 saat dolmadan elime ulaştı. ancak hb'nın yeni geçtiği kargo sisteminde kargonun hangi aşamada olduğu bilgisi yeterli değil. ertesi gün sipariş sayfasında ""kargonuz hazırlanıyor"" ibaresini görünce şüpheye düşüp müşteri hizmetlerine sorduktan 3 dakika sonra kargocu kapıdan içeri girip cihazı teslim etti. teşekkürler hepsiburada",positive
- hafızasını artırabilirsiniz.,positive
"note 3 telefonum icin aldim, orijinal sarjim da teller kopmustu ve sarj etmiyordu..burdaki yorumlara bakaraka slink aldim ve cokkk memnun kaldim..hizli sarj ediyo..uzun olmasida arti avantaj..",positive
gördüğüm en iyi bayan parfümlerinden düşünmeden  alın,positive
ancak bir yıldız da kırmadan edemeyeceğim. hepsiburada'dan ürün 3. gün elime ulaştı. 24 saat tedarik sürecinde bekledi. hızlı kargo seçeneği olmasına rağmen üründe.,positive
gayet başarılı ve yeterli bir ürün,positive
yıllardır kullanıyoruz. malzeme kalitesi ve çekiş gücü fiyatına göre oldukça iyi . toz torbası kolaylıkla bulunabiliyor. bence reklamı olmadığından  az tercih ediliyor olmalı.içinde  aparatların saklandığı bölmesi var.,positive
çok kaliteli bir yapıştırıcı hemen hemen herşeyi çok çabuk ve iyi derecede yapıştırıyor.bir arkadaş tavsiyesi üzerine sipariş verip almıştım.aldığım içinde hiç pişman değilim,positive
yorumlardaki gibi kısa değildi göründüğü gibi ufak değil aksine bayağı büyük ve zarif. eşim çok beğendi,positive
ürünlerim 4 günde geldi  ama cok beğendim .. teşekkür ederim hepsiburada.com teşekkür ederim horoz lojistik  ..,positive
arkadaşlar kargo 2 saat önce elime geçti.tamamen eksiksiz ve sağlam bir şekilde elime geçti.hepsiburadaya güvenim her zaman tam idi ve daha da devam edecektir.,positive
masaustunde neredeyse normal bir dect telefon buyuklugunde yer kaplarken telesekreter ozelligi sayesinde cok isime yaradi. kolay kullanimi ile de tavsiye edebilecegim bir urun.,positive
aracımca yazın oluşan zift ve benzeri malzemeleri cıkarmak için aldım. çok işe yaradı faydalı bir ürün alın pişman olmazsınız..teşekkürler,positive
inanılmaz zahmetsiz ve hızlı. çünkü buhar gücü sizin sürekli git gel yapmanıza gerek bırakmadan kırışıklığı açıyor. biraz sanayi  tipi gibi ama etkili.,positive
bu fiyata alınabilecek en kaliteli üründür diye tahmin ediyorum. ürünün hızlı bir şekilde ulaştırılması da gayet güzel.,positive
iki kez kullnadım dikişleri söküldü ve yırtıldı parmakların biri küçük diğeri büyük saçma sapan bir şey. 10 tl daha verin iyisini alın..,negative
kesinlikle tavsiye etmiyorum. henüz alalı 1 ay oldu. 1 kere memnun olarak kullanmadım.,negative
yaklaşık bir haftadır kullanıyoruz.sert ve güzel .fakat visco özelliğini daha hissedemedim. visco özelik arayanlar ve bel ağrısı olanlar biraz daha araştırsınlar. eski yatağa göre bel ağrısı çekmiyorum ama çok da rahat uyumadım. fiyatına göre fena değil tabi ki de,negative
ürünü beklentisini yüksek tutanlara tavsiye etmiyorum. ancak benim işimi göreceğinden şüphem yok.kargo yine çok hızlıydı.tesekkürler hepsi burada,negative
"&#8226;&#9;i̇pod&#8217;umdaki müzikleri bu telefona yükledim. telefon hafızasında 8,5 gb yer tuttuğu görünmesine karşın müzik ikonuna tıkladığımda boş bir ekran geliyordu. bloglarda araştırınca iphone 6 larda bunun sık karşılaşılan bir durum olduğunu gördüm, oradaki önerileri uygulayarak sorunu çözebildim.",negative
bunun yerine diğer mini usb cinsinden almanızı şiddetle tavsiye ederim.fiyat farkı pek yoktu.,negative
düşük ses kalitesi. fakat fiyatına göre jak girişiniz bozuksa iş görür.,negative
başka marka kullandığım için çevreme de almak istedim ama bu markayı 3ü birarada ve ucuz diye tercih ettiğime pişman oldum. çocuk oyuncağı gibi .....,negative
"ürünün yalıtım eksikliği nedeniyle, titreşim kaynaklı metal sesi rahatsız edici derece gelmektedir. bu ses motor sesi dışında zırıltı olarak geldiğinden kafaya takacaklar ürünü kesinlikle kullanamaz.sadece görüntü olsun diye alacaksanız sorun yok fiyat uygun. ancak aktif olarak kullanacaklar kesinlikle daha kaliteli bir ürün alsınlar.",negative
ürün gerçekten berbat arkadaşlar aldım 1 ay sürmedi arızalandı garantiye gönderdim yenisi geldi 1 ay geçmeden ince sakal kescinin kafası koptu bende bida göndermedim. remington markasına yakıştıramadım.,negative
ürünler ağır günlük kullanım için çok rahat sayılmaz bir de bana kargoda olmuş sanırım hafif yamulmuş olarak geldi,negative
zorluk ayarı çok az yetersiz geliyor.,negative
malzeme kotu,negative
"güzel şirin bir buzdolabı ama arka kısmı telli, kapalı değil yani. ayrıca eski buzdolabım çok sesli çalıştıgından dolayı değiştirmiştim bundaki seste biraz kulagıma geliyor gibi belki buzdolabı sesine hassaslıgım artıgından dolayı olabilir, onun için problem olarak görmüyorum, yine içinde bir tane raf demiri var keşke iki tane olsaydı çünkü alt tarafa koyunca camın üzerine geliyor kırılma riski var.",negative
yan odada bile dogru düzgün çekmiyor ...,negative
"abartılı yorumlara inanmayın. ben baya indirimle aldım; şu anki fiyatına değer mi bilmem ama orta kalitede, ayağı sıcak tutmaya çalışan bir ürün.",negative
"üründen iki tane aldım. birini sorunsuz kullanıyorum. diğerini bir hafta kullandım, sonrasında apple orjinal ürünü değil ve uyumsuz mesajı vermeye başladı, kullanamıyorum.",negative
i̇ş görürmü görür ama cok kaliteli değil calışırken demirin sesleri çıkıyor,negative
yaramaz keşke almasaydin çok basi̇t.,negative
sonax hizli ci̇la alıdım ve aldıgım gun uygulama fırsatım oldu.aynen sonax hizli ci̇la kullanma klavuzunda oldugu gıbı ıslak olarak uygulaanan bolgeye 2 veya 3 kez fıskırtarak uyguladım ama faydasını goremedım.ne cızıklerı kapatıyor nede parlatıyor sonaxın sampuanını kullandım sadece daha cok parladı arabam :d,negative
ben çok parfüm kullandım kalıcılık özelliği olarak ama bu parfüm önce ağır gibi kokuyor sonrasında çabucak özelliğini yitiriyor ben pek beğenmedim.,negative
rafları kısalttım yine olmadı bu sefer uzun bölümünün deliğini değiştirdim kendim matkapla vida deliği açıp ölçüp biçip farklı bi yere tutturdum öyle oldu.,negative
"yaklaşık bir ay önce aldım bu ürünü.bez hiç iyi çıkmadı.sızdırma yapıyor,daha önce de almıştım böyle bir şey yok du.ama bu son ürün çok kötü tavsiye etmem",negative
ürün dayanıksız ve bir tanesi kırılmış olarak elime ulaştı tamir etmeye çalıştım ama çık sağlıklı olmadı demirden vargeçmeyin.,negative
"ürün az önce ulaştı, çabuk teslimat için hepsiburada.coma teşekkürler. ürünün malzeme kalitesi bana çok düşük geldi, ilk kalkıştan sonra 1.5 metre bile yükselmeden yere indi, altta bulunan kızak bölümü hemen kırıldı, daha dayanıklı olmasını beklerdim. kızaklar esnek olmadığı için çabucak kırılıyor. ama derseniz ben 1.5 metreden fazla yükseltmem, alçaktan uçururum o zaman alınabilir. başlangıç seviyesinde bir ürün arıyorsanız uygun sayılır ama dayanıksız izlenimi yaratıyor ilk uçuşta kırılınca.",negative
intişamlı görünüyor fotoda ama hiç değil,negative
en başta denilen hızlara çıkıyor.,negative
ketılın ağzı büyük olduğu için ısıyı tutmuyor sürekli kaynatmanız halinde ancak sıcak oluyor...,negative
bayrak kişiye göre değişir,negative
"koltuk ayaklari ahsap degil, ahsap gorunumlu plastiktir.",negative
sd card ı dahili olarak kullanamıyor. ustune bir de kart taki verileri sifreliyor ve aktaramıyorsunuz. tam bir işkence. lenovo markalı olarak aldıgım ilk ve sonsuza kadar son telefon bu olacak.,negative
anneme aldım fakat sesi cok az cıkıyor.,negative
yazarın unutamadığı biri var galiba bu seferki kitabı çok sıkıcıydı sürekli birine sitem halindeydi,negative
ben ürünü alalı 3 gün oldu ve pişman oldum aldığım için,negative
sağlam ve dayanıklı yapıdadır.,negative
ürünün kalitesi kötü yapışanı gece çıkmış kafama yapışmış halde buldum saba bandı başka marka almıştım o iyi idi yine on dan almayı planlıyorum,negative
"küçük top patlak geldi,büyük top da çok fazla esniyor..diğer ürünler iyi",negative
ürün ilk iki ay sorunsuz çalıştı başlıklarıyla istediğim sonuçları görüyordum fakat bir süre sonra çok hafif bi baskıda bile durmaya başladı başlık değiştirdim ama değişen birşey olmadı . yani alıyorsanız dikkatli kullanın motorun çok su görmesini engelleyin,negative
ürün resimde görüldüğü gibi canlı değil mat fiyatına göre uygun,negative
"burada yazılan yorumlara güvenerek satın aldım ancak beklentimin çok da altında bir ürün.evdeki emektar çok daha tutarlı,1 saat içinde yaptığım 2 tartı arasında neredeyse 2kga yakın fark oluyor.ne varsa eskilerde var.boşuna alıp da paranızı çöpe atmayın...",negative
"ürünü aldım kullandım ama hiç etkisi yok; fiyatı uygun diye wd40'ın yanında aldım. bol bol sıktım ama etki ettiği söylenemez. fiyatı uygun okey ama boşuna almayın bence, tavsiye etmem.",negative
"mavi, pembe ve mor renkli mini led mum siparişi verdim. pembe olan renk değiştirmiyor sadece beyaz ışık veriyor ama aydınlatması güzel. mavi ve mor olan da disko ışığı gibi her renkten çok hızlı değişerek yanmakta. boyutları biraz küçük. fiyatına göre normal.",negative
diğer sarah jio kitaplarını da okudum ve çok sevdim ama hep aynı olay var.bu yüzdwn sıkıcı olabiliyor ama iyi yani,negative
büyük makinelerden şaşmayın bence.,negative
daha öncede vinly kaplı agırlık kullandım.bunları da 9kg geçmek için 4 adet almıştım. fakat çalışırken tıkır tıkır kum tanelerinin sesi geliyor gerçekten sinir bozucu. bunun başınıza gelebileceğini düşünerek alın.,negative
fene degil,negative
arkadaslar gereksiz bir urun. viz viz bununla ugrasilmiyor. onun yerine duzgun bir pomza tasi alin( piyasada tonlarca cesitte ve sekillerde var) onunla yapin. havaya ucusan toz zerrecikleri cabasi. makinaya ufak sert hareketle bastir duruyor.,negative
hızıda güzel,negative
"kulaklıkları şarja takmadığım halde şarj kutusunun şarjı bitiyor , kulaklıkların şarjı da az gidiyor",negative
"aküsü hemen bitiyor 1yıl sonra tamamen öldü toplam 20 kez anca kullandım daha iyi bişey almanız mümkünse 10,5 lithyum bataryalı almanızı tavsiye ederim",negative
kesinlikle tavsiye etmiyorum çayı demledikten sonra suyu sürekli kaynatıyo ve çay simsiyah oluyo tadı kayboluyo altındaki su çabucak bitiyo hiç beyenmedim kesinlikle tavsiye etmiyorum,negative
bu kitaplardan 2 adet aldım kızım hiç beğenmedi bende aynı şekilde sadece görsellik klasiklerden güzel hikayeler almak en mantıklı bunlar geçici,negative
360lık yazan ürün 45 yapraktan oluşmakta ve tek tek yerleştirirseniz 180 kartvizit almaktadır.,negative
çok bir faydasını göremedim.,negative
"daha önce kullandığımız iyi kötü farklı markalar oldu ama bu ürünü sipariş ederken rulopak markasına ve tabi hb güvendik. ancak ürünü alıp denediğimde 2/3 fiyatına aldığım basit ürünlerden farklı olmadığını gördüm ve üzüldüm. ürün hem boyut olarak küçük hem de gramajı düşük. daha önce 1 havlu ile kurulanırken bundan 2 tane kullanmak zorunda kalıyorsunuz. yani, aslında verdiğiniz parayı 2 ile çarpın, kesinlikle ücretini haketmediğini düşünüyorum. dilerim yorumum yayınlanır ki, diğer müşteriler yanılmasın.",negative
"termostat ayarları kurabiye,pasta,kek gibi pişirmelerde kitapçıktaki ısı ayarlarıyla aynı değil.mesela kek 175 derecede pişmesi gereken kek 100 derecede pişiriyoruz.yoksa yanıyor.üst fırın yemek pişirmek için çok ideal.benimki buşekilde çıktı.termostat ayarlarının profosyanel şekilde yapılması gerekiyor.bu yüzden kimseye öneremiyorum.",negative
yorumlara bakarak aldım ama telefonu kullanırken hiç şarj olmuyor mıknatısı güzel.,negative
i̇lk aldığımda kaliteli bişey sandım. sağlam duruyor. ama 3-4 hafta sonra bozuluyor. ben kötü kullanmışımdır diye aynı üründen tekrar satın aldım. o da aynı sürede bozuldu. (telefon iphone 6),negative
ürünü aldım yaklaşık bir yıl kadar kullandım düşürürseniz falan içinde motoru iki vidayla sabitlemişler sabitlendiği plastik kolayca kırılabiliyo ancak düzgün kullanırsanız memnun kalırsınız ben düzgün kullanamadım şuan başka bir markanın fön makinasını kullanıyorum.,negative
"ürün dün elime geçti, direwnç konusunda en sert bant dahi biraz zayıf kalıyor. fakat başlangıç egzersizleri için ideal olduğunu düşünüyorum. buı fiyata alınabilecek en iyi ürün.",negative
"arkadaslar bu supurgeyi 1 yil once aldik ilk  aylar cok guzeldi  emis gucu supper zaten herkez yorumunu 2-3 hafta kulandiktan sonra yaziyor ama her yil suppurge alinmaz ki. bir kac ay sonra suppurge gurultulu calismaya basladi bir de emis gucunu kaybetmeye basladi bir yil dolmadan motoru yandi halbuki biz supurgeyi 3-4 gunde bir kulandik servisi aradiktan sonra bize motorun degismesi gerektigini soylediler ki motorun fiyati suppurgenin kendi fiyatina yakindi . tabi bi kenera kaldirdik lutfen yorumu makine elinize gectigi zaman yazmayin cunku ilk kulanimlarda tabiki makine iyi gozukur ama biraaz sure gecsin makinenin ne oldugu anlasilir, sakin almayin paraniza yazik.",negative
ehh pek kullanışlı değil açıkçası,negative
pratik birşey ama alırken daha farklı birşey düşünmüştüm ışığı biraz yetersiz küçük birşey,negative
sinyal gücü iyi ama çok sık kopmalar oluyor umduğum gibi çıkmadı,negative
"3 ayda pili bozuldu şu na sıfır duracell pil takıyorum 2 haftaya pili bitiriyor. ayrıca hassas ayar yaparken sıkıntılı online fps oyunlarında uzaktaki kişilere nişan almakta zorlanırsınız günlük kullanım için yeterli, sesssiz çalışıyor, malzeme kalitesi de iyi, pil sorunu olmasa yine kullanırdım.",negative
full hd oyun oynarim. akici olsun i̇steyenler uzak dursun...,negative
çoğu yorumda çok iyi makine şöyle iyi böyle iyi yazılmış lakin diğer yorumlarda da kurutma problemi olduğu yazılmış ben buna dikkat etmedim tatbiki gerçektende ilk kullanımda makinenin içindekiler ıslaktı yani tamamen kurutma yapamadı makine. en eski bulaşık makineleri bile bunu başarıyla yapabilirken böyle bir makine nasıl yapamaz anlamıyorum. yıkamasından problem yok güzel yıkamış lakin kurutma problemi bize teknik servis açısından da problem yaratacak gibi. size bu makineyi tavsiye etmem. alacaksanız da internet üzerinden etraflıca araştırma yapın. teşekkürler.,negative
beklediğim kalitede degil,negative
indirimdeyken aldim. hb sayesinde hizli olarak geldi. yapi itibari ile cok basit. daha iyisini kendiniz yapabilirsiniz. renk seçeneği yok kullandığınız hicbir esya ile uyum saglayacagini dusunmuyorum.,negative
"kokusu fresh, şişe tasarımı hoş, fakat kalıcılığı sadece birkaç dakika. verilen parayı hiç hak etmiyor.",negative
"bağlantı parçaları da kalitesiz, bir türlü ortalayamadık monitörü.",negative
"yorumlara ve açıklamalara güvenerek ürünü aldım fakat 2 köpeğim de yemedi. biri içindeki parçaları ayırarak yedi. diğeri ağzına bile sürmedi, aç olmasına rağmen koklayıp uzaklaştı.",negative
edp olduğuna aldanmayın tamamen satış amaçlı. kalıcılığı neredeyse yok. bir saatte geçiyor gidiyor. kokuda ilk yarım saat güzel kokuyor baharatlar. ağır ama güzel bir kış ve gece kokusu.,negative
"çok isteyerek aldığım bu üründe hayal kırıklığı yaşadım, sanki bozulmuş, kokmuyor gibi... hiç kalıcı değil, kokusu çok kısa süre sonra hissedilmiyor bile",negative
aldım ama istediğm gibi değil çok net değil tel kamerasi daha iyi çekiyor desem yeri titremelerde flan kötü çikiyor aldıgıma üzüldum aslımda,negative
telefon küçük boyutlarda ve i̇i̇şlevsel hizi düşük kamera orta halde ama en i̇yi̇ i̇ş telefonudur bencce güvenli̇ bi̇r telefon hafi̇f zari̇f küçük,negative
sıkınca güzel kokuyor ancak sonra soğan gibi kokusu var almayın,negative
ürün hemen geldi hız yönünden bi sıkıntı yok kurulumu da cok kolay.ancak rafları hareket etmiyor ve ayakları masada eğri duruyor.,negative
"ben siteden sekiz parça ürün aldım. fiyatına göre gayet güzel ürünler , fakat bu ürün göründüğü gibi  çıkmadı arka fon açık değil ben de koyuyeşil çıktı öyle olmasa iyi olurdu, ama yinede kullanıyorum",negative
makine sürekli kullanıma hiç uygun deil çünkü ağır ve çok bağırğyor..emiş gücü yetersiz. üçgen başlık kesinlikle kullanışsız. kendi iradesi varmış gibi kontrolde zorlanıyor insan. mutfakta elimin altında pratik olsun diye almıştım. beklentilerimi karşılamadı.,negative
anlamıyorsanız bu tür işlerden hiç bulaşmayın derim tam bir başa bela!,negative
çook şarj gerektiriyor en az 2 saat şarj alıyo en fazla yarım saat kullanılıyo,negative
henüz malzeme kalitesini görmedim fakat içine çok az koyulmuş böyle birşey olamaz resmen içine koysakmı koymasakmı diye düsünmüşler tam bir hayal kırıklığı kesinlikle tavsiye etmiyorum,negative
ürünü yorumlara bakarak aldım fakat vasat bi ürün.kalite sıralamasında ortalarda yer alır.bence bu kadar para vermeyi göze aldınız biraz daha para ekleyip daha iyi markalardan almak mantıklı.,negative
çok iç acıcı değil ama genede biraz faydasını görürsünüz,negative
altına yatırım yapmak ve uzun vadede kazanmak için iyi fırsatlardan biri altındır..ya puanınız varsa yada kartınızıa taksitle alabilirsiniz ve kazanabilirsiniz.,negative
hps burada,negative
alacak arkadaşlara umarım yardımcı olmuşumdur buna göre alırlarsa daha iyi olur.,negative
mükemmel derecede sizdiriyor..,negative
ürünü tavsiye üzerine aldım fakat iade ediyorum. şok basınç olayı tahmin edildiği gibi kuvvetli değil. art arda basamıyorsunuz üstelik o esnada damlatmada yapıyor damlatma yapmayan bir ütü olmasına rağmen.,negative
ürün kırışıklıkları açmıyor. normal ütüde ütülenebilen kumaşlar bu son teknoloji üründe ütülenemiyor. akıllı ütü olduğu için ayarları da değiştirilemiyor.,negative
ürünü tam şarj ettikten sonra 1 saat anca dayanıyor sonra yine şarj etmek gerekiyor. üstüne üstlük şarj olurken ürünü kullanamıyorsunuz. mikrofonu ile telefon görüşmesi yaparken karşı taraf sesi az duyuyor,negative
kesinlikle yorumlarda abartildigi kadar degil. agir acik parfumlere benziyir. ayrica kadin parfumu gibi. tavsiye etmem.,negative
ürün kaliteli gibi görüksede şarj durumu berbat. full şarj ile bir sakal traşını bitiremiyoruz.,negative
ben uzun aramalar sonucu almaya karar verdim. arkadaşların dediği gibi koku olmadı bende.hatta hiç yok.astra aracıma tam oldu.yalnız yumuşak kauçuk falan beklemeyim.resmen sert plastik.ama kayma yapmıyor.bu fiyata alınabilir.,negative
görüntü kalitesi çok düşük.,negative
uzun zamandır kullanıyorum. i̇lk sene mükemmel (çevirerek kullanmanız gerek ayakucu-baş kısmı) ikinci sene normal. 2 seneden sonra çökmeler oluyor.  şu an 2. senesi doldu benim yavaş yavaş çöpe doğru gidiyor. dönemlik kullanım için öneriyorum. öğrencilik dönemi vs.,negative
büyük bir hevesle aldığım bu makinadan hiç memnun değilim. çalışır durumda olan teknolojisi ni yenilemek için sorunu yokken değiştirdiğimiz eski bulaşık makinesi ni mumla arar olduk. samsung tam bir fiyasko oldu bizim için. deterjan konulan hazne lokasyonu yanlış. bulaşıklara takılıp kapak açılamıyor program bitip makinayı açtığınızda karşınıza ıslak bir ortam çıkıyor. teknik inceleme için gelen servis bunun normal olduğunu söyledi ve bu nedenle iade yada değişim yapılmamaktadır. tavsiye etmiyorum.,negative
"bu ürünü 2 aydır kullanıyorum, şefaf kılıflar daha uygun fiyata da var ancak daha önce kullandıklarımda renk sararması olduğu için bu sefer spiegeni denemek istedim ama 2 ay kullandıktan sonra sararmaya başladı. açıkçası daha iyi performans bekliyordum",negative
mamayı hiç beyenmedim  3 tane köpege denedim 3 de yemedi o  yüzden sıfır puan,negative
"gereksiz yere çok pahalı,bu fiyata çok daha iyi telefonlar var",negative
i̇nce sızdırıyor ve kalitesiz ve yapışkan bantları tutmuyor . bir daha almayacağım.,negative
ürünü kullanmaya başlayalı 1 yıldan fazla oldu. ilk aylarda yaylı yataktan sonra kullanmanın verdiği rahatlıkla yatağı beğeniyorsunuz. ancak 2-3 ay sonra yatak adeta ucuz sünger yatağa dönüşüyor. 180 boyunda ve 74 kg ağırlığındayım. sürekli yattığınız bölüm resmen içine göçüyor. sabah ağrılarla uyanıyorsunuz. hepsiburadadan çok ürün aldım.  hiçbirine yorum yazmadım. ama bu yorumu yazıp uyarmak istedim. fiyat/performans=uzak dur!!!!,negative
ürün beklentilerim düzeyinde kaliteli değil,negative
ürünün resimleri mükemmel. açıkcası öyle bekledim çünkü hepsi buradan aldığım ürünler iyi göründüğü gibi geldi . ancak parçalarının plastikten ve raflarında kumaştan olması tamamen hayal kırıklığı yaşattı. çok kullanışsız. tavsiye etmiyorum.,negative
premium careden sonra fiyatı uygun diye kullanmaya başladık ama kızımda pişik ve mantar oluşumuna neden oldu. kimseye önermem berbat,negative
bahsedildiği gibi hızlı bir sarj değil.,negative
farı temizlemedi,negative
yorumlara bakarak kullanışlı olacağını düşünüp bir tane denemek için aldım. kışlık kıyafetlerimi koydum. %75i bırakın %50 bile yerden tasarruf sağlamadı. üstelik çoğusu kazak gibi havalı kumaşı (dokuması gevşek) olan cinsten kıyafetlerdi. kıyafetlerin yarısını geri çıkarıp bir daha denedim. bu defa zar zor kapandı kapağı. bazanın altına koydum ama birazcık yüksek geldi. kışlık kıyafetler için en mantıklısı orta boy vakumlu hurç kullanıp yatay olarak baza altına koymak. ayrıca hurcun pompa deliği sürekli kapanıp durdu. yorumumu sahte bulanlar olacaktır muhtemelen. fakat tamamen gerçek deneyimime dayanarak bu yorumu yapıyorum.,negative
alacaklar dikkat etsin.otomatik kapanma yoksa bir işe yaramaz.,negative
"ürünü indirimdeyken çok uygun bir fiyata almıştim. kesinlikle uzun vade için kullanışlı ve ekonomik olduğunu söyleyebilirim ama malesef baskısı için aynı şeyi hayir. normal bir çıktida bile kırmızılar aşırı soluk, kaliteli fotoğraf kağıdında bile tam kırmızı elde edemiyorsaniz bu kadar para verilir mi düşündürücü. diğer markaların orjinal tanklı yazıcıları çıktı, baskı kaliteli olsun derseniz onları araştırın derim. çok sesli ve yazdırırken insanı rahatsız eden tiz bir ses çıkartıyor !",negative
kesinlikle almayin.. sokak kedileri icin almistim ama ilk actgimda evdeki kedimede az koydum bir tane bile yemedi. sokak kedileri yer diye dusundum ama kesinlikle yemiyolar 2 gundur hic eksilmemis kapinin onune koydugum mama.. daha once boyle birseyle karsilasmamistim cok tuhaf.. kesinlikle tavsiye etkiyorum.,negative
düdüklü tencere yi yaklaşık olarak bir aydır kullanmaya çalışıyoruz tencere içerisinde ki lastik kısmı yan taraftan hava kaçırıyor pişirme süresi uzuyor ve ocak üzerinde buhardan oluşan kirlenme meydana geliyor severek aldık fakat memnun kalmadık sorun giderile bilirse veya değiştire bilirsek memnun oluruz,negative
tutunma yerleri zamanla çıkıyor asılırken düşme ihtimalınız var sağlam değil az daha ekleyip uzun ömürlü bişey alın,negative
dikkat edin...,negative
fiyatı olarak piyasadan 1 tl ucuza geldi ama normalde sensoydne kullanıyordum signal biraz kötü geldi tercih meselesi diyelim,negative
en ufak bir faydasını görmedim. dediği gibi kullandım ama bi faydası olmadı,negative
gerek plastigi gerek ses seviyesi herşeyi ile.berbat kus sesi var moledi olarak sakın almayjn,negative
bu fiyata gore iyi urun yalnız hepsinden ikişer tane olacağına başka meyve sebze olabilirdi.teşekkürler hepsi burada,negative
"e5 telefon galerisinde yavaş çalışıyor, resimler 2-3 saniye sonra geliyor.",negative
ancak rengi gri olanlar da var sitede döşemenize göre renk alırsanız daha şık durur.,negative
+ ları,negative
tamam ürün fiyatı çok ucuz ama o fiyatı dahi etmez. tabiki ürünü çöpe atmadık kullanıyoruz ama dediğim gibi alınacak bir ürün değilmiş.,negative
"bluetooth iyi,",negative
arkadaşlar ürün incecik tahtanın üzerine yapıştırma resimden farkı yok daha 2. gün soyuldu resim kalktı kenarlardan,negative
açıkçası burberry diye baya kaliteli bişey beklemiştim. basit çiçek kokusu. hanımeli heralde. bundan çok ucuza yerli parfüm almıştım viva cappio. o da çiçek kokusu mesela buna bin basar. adı london olunca çalışan kadına uygun falan heralde dedim. alakası yok . tavsiye etmem,negative
iyi yorum yapanlar sanırım satıcılarla akraba hiç bir şekilde tavsiye etmiyorum tam bir hayal kırıklığı ki bende erken boşalma sorunu var yıllardır kullanırım ama bunun gibi işe yaramayan rastlamadım daha önce verdiğim paraya yazık :(,negative
ürün eti pişirmiyor paranız varsa daha iyisini alın.,negative
"arkadaşlar ürünü kesinlikle anteni dik duracak şekilde kullanmanız gerekiyor. kasanın arkasına yan duracak şekilde takınca iyi çekmiyor. ayrıca interneti yoğun kullandığınızda mesala netten film izlerken birden ağdan kopuyor ve tekrar bağlanmaya çalışıyor bu yüzden de film yarıda kalıyor , uğraştırıyor. acaba benim modemimde mi sıkıntı var diye başka bir usb adaptör denedim o mis gibi çalıştı. hızlı teslimat için teşekkürler hb.",negative
asiri kucuk ve basit parlamiyor bile bunun yerine baska birsey alin paraniza yazik kutusu daha guzel,negative
ürün süper geldi̇ği̇ gün bi̇raz kullandim ama bu fi̇yattan alip satinca i̇yi̇ kar sağlaniyor yani̇ değeri̇nden çok düşük gfi̇yata aliyorsun...özelli̇k bakimindanda çok süper...,negative
almayın cok kötü kalitesiz  ve dayanıksız,negative
ürün 3 gün içinde elimize geçti. fakat ağır plastik kokusunu ne yaparsak yapalım geçiremedik. i̇ade etmek zorunda kaldık..,negative
makine aşırı yüksek sesli ve verdigi hava yetersiz,negative
temizliyor ama çok fonksiyonel bir şey değil.,negative
bir saatlik yolculuk suresince note5 cihazimi yalnizca %20 sarj edebildi. beklentilerimin cok altinda cikti.,negative
ürün belirtilen özelliklerde degil...yüklenen proğramları çok yetersiz ve kullanışsız bir ürün..,negative
çok beğenmedim ütünün suyu hemen bitiyor ve çok yüksek sıcaklıkta da ütü masasını eritti ...,negative
150ml şişede satılma sebebi gün içinde defalarca yenilenmesi gerektiği içinmiş. fiyatı uygun görünce denenmeden alınmış ve banyo aynası önünde gereksiz yer işgal eden bir parfüm :/,negative
ve sürekli jiletlenmekten daha da sertleşti maalesef,negative
"aracım 2001 model berlingo, 138 binde yağı değiştirdim, filtreyi değiştird",negative
yorumlara güvenerek aldım fakat hiç de kalıcı ve etkili bir kokusu yok.ben beğenmedim.alacak kişilere kesinlikle önermem.verilen parayı hak etmiyor.benden size tavsiye.,negative
hem çamaşırı kurutuyor hem de rengini solduruyor.,negative
araştırın anlayacaksınız. zenfone 2 kullanıcısıyım şiddetle tavsiye ederim.. bunlara bakmayın.. telefonum zenfone 2 32gb antutu puanım 58880 ! listelerde yazmayan genel özellikleri ise. mesela ekran parlaklığı çok çok iyi. hoparlör ses seviyesi gayet tatmin edici. asus sürekli güncelemeler yapıp kendini yenileyip ek özellikler getiriyor. asusa özel birsürü yardımcı program var. android lolipop işletim sistemi var. 2.3 ghz inrel işlemci var..... kafa karıştırmayın bunlarla.. fiyat kalite oranında çok ama çok memnunum. tavsiye ederim.. asus zenfone 2 32 gb.,negative
henüz arabaya yerleştirip ali ile deneme imkanı bulamadık. i̇lk izlenimi aktarmakta fayda var çünkü ben de yorumlara bakıp karar verdim.,negative
resimde göründüğü gibi şık değil. kalitesini de beğenmedim. tavsiye etmiyorum.,negative
"aydınlatma gücü 3 led olması sebebiyle çok güzel. sensörü oldukça iyi algılıyor. pekiyi kötü tarafı ne? i̇ki tane kötü tarafı var. bi̇ri̇nci̇ sorun: pil takılacak yeri arkada kalıyor. yapıştırsanız da vidalasınız da nasıl sabitlerseniz sabitleyin arkada kalan pil kapağının çıkartılması mümkün olmayacak. i̇ki̇nci̇ sorun: açma kapama düğmesi yok, gece gündüz çalışacak. bu tamamen mantık dışı. açma kapama düğmesi olmalı ve gündüzleri kapatılmalıydı. maalesef paramı neredeyse çöpe attım sayılır. nasıl kullanacğımı bilmiyorum. henüz bir yere yerleştirmedim, denemek için pillerini takmiştim, mecbur pilini çıkarttım kenara öyle koydum. başka yolu yok. kullanırken de bu mümkün olmaz.",negative
ürün elime geçti yanlız kargo şirketini değiştirseniz iyi olur bence telefonun içinde olduğu kutu su içindeydi ıslanmıştı ama allahtan telefonda sıkıntı olmamıştı.ayrıca herkes yorumlarda 2 gun dıyor ama benimki şanssızlık galiba bi kaç gün beklemek zorunda kaldım ön görülen teslim tarıhini aştı bana gelmesionun dışında telefon iyi sıkıntı yok pıyasaya nazaran fiyatıda iyi,negative
"bana nx1100 kamera ile birlikte hediye olarak geldi. bu bakımdan idare eder. ancak parayla alır mısınız derseniz almam. çünkü bu paraya daha fonksiyonel bir çanta bulunabilir inancındayım. (sadece inancındayım, var mı bilmiyorum balmadım) :) almadan önce boyut ve fonksiyonellik olarak başka alternatifleriniz varsa karşılaştırın bence.",negative
"opek corsa 1,3 cdti aracım için kullandım. ne motor sesinde ne de çekişinde bir fark göremedim. yorumların etkisiyle aldığım bir üründü. kullanalı 1200 km oldu, fark yok. bence iyi bir motor yağı (mobil 1 0-40w) kullanmak yeterli. denemiş oldum, tavsiye etmem.",negative
fiyatına göre çokda iyi değil,negative
arkadaşlar ben bu üründen aldım. çok kalitesiz bir ürün bıçaklar iyi kesmiyor. alt bölgelerde traş yapmak ölümden beter. bu ürünü alan parasını sokağa atmış olur. ben söyliyeyim gerisi size kalmıştır.,negative
"ürünü perşembe akşamı sipariş ettim cumartesi günü elime ulaştı. daha önceden de kullandığım bir parfümdü indirimi görünce bu sefer orijinal alıyım dedim ama şu an bir daha mı düşünseydim diyorum. sorun şu ki parfüm gerçekten hafif kalıcılığı çok az, çok güzel koksa da bu büyük bir handikap. sanırım bir sonraki parfümümde başka markalara yönelicem.",negative
ben ayri zannetti̇m.eli̇megeçti̇ği̇nde baktim nete.ayri olsaymiş daha i̇yi̇ymi̇ş.,negative
"ürünü teslim alıp kutusunu açtığımızda büyük hayal kırıklığı yaşadık. mobilyadan anlayan biri belki resme ilk bakışında aslında ne kadar kullanışsız olduığu anlayabilir ancak bizler için biraz zor. kapaklar, koruyucu barlar vs mobilya daha çok dekor olarak yada tek raflı (üst kısmı:)) bir dolap kullanılabilir. örneğin alttaki iç alt kısımda wc kağıdı olan yere eliniz ancak sığar. objeyi nasıl yerleştireceksiniz ? el çizer.. i̇ade ettik, hepsiburada farkıyla anında geri alınıp para iadesi gerçekleşti.",negative
ürünün kutusuna göre az miktarda geliyor. aslında bu fiyata çok bişey beklememek lazım.,negative
finish makine temizleyici toz 50 gramı makineye koydum ve denedim ürün ilk görünüşte makinenin içine bir parlaklık verdi belkide psikolojiktir ama ürünün çok fazla yararlı olduğunu düşünmüyorum,negative
ben pişman oldum..yorumlara kanıp aldım..ama şu bir gerçekki en iyi fiyatı hepsiburada.com da bulmuştum..,negative
"ürün gayet hızlı ulaştı,güzel görünüyordu fakat aldıktan sonra yaptığımız ilk kampta 4. günün sonunda birisi kol ve ayak kısmının birleşim yerinden kırıldı. tamiri mümkün değil direk çöp oldu. üstelik ağır birisi de oturmadı. malzemesi çok kötü . i̇kincisi de aynı yerden gidecek gibi duruyor. alınmasını önermiyorum.",negative
urun 8 i̇nc tablete uymuyor 7 i̇nç i̇çi̇n uygun,negative
civalı kadar hassas deıl ama hıc yoktan iş gorur,negative
"ürünü ayın 17sinde sipariş ettim, güya hızlı gönderi listesinde. başka bir siparişimde olmadı çabuk gelsin diye. iki kere mesaj attım ve hala bekliyorum. 3 gün sonra adres değiştircem ve sipraişimin akibeti ne olacak bilmiyorum. çevrede bulabiliyorsanız gidin kendiniz alın beklemeyin benim gibi 10-15 gün",negative
eğer ki bel altına yerleştirip hareket edeceksiniz çok ufak 25 cm ufak olur bildiğiniz çocukların ufak oyun topu ebatinda oysa resme bakınca ne büyük dersin ??,negative
"ürünün gelişinde sıkıntı yok, bir iki gün içinde geldi ancak çimler çok seyrek.",negative
10 gün kullanıyorum ama maalesef beklediğim verimi alamdım. pil 2014 üretim tarihli. 2 yıl kullandığım ve ömrü bitmiş eski pilimden anca %20 daha iyi diyebilirim. sonuç olarak satıcı iyi ama pil kötü.,negative
1- dalgalı saçlar için gönderilen aparat cihaza oturmuyor. etrafını bıçakla yontarak ancak takabildim.,negative
kağıt güzel lakin brother mfc yazıcımda denedim makine almıyor. sürekli sıkıştırıyo kağıdı. sanırım iki yön parlak olma sebebinden dolayı almıyor.,negative
aldım almaz olaydım çok kötü ve etkisiz bir parfüm kısacası bu ürüne bulaşmayın arkadaşlar,negative
almayı düşünenleri uyarmak açısından söylüyorum.ürün açıklamasında 3g özelliğinin olmadığı yazıyor.her yönüyle harika olan bu ürün 3g özelliği olmadığından dolayı kaybediyor.,negative
"sadece herkesin tercih etmiş olması nedeniyle değişiklik olsun diye eşime aldım, baharatlı bir kokusu var, herkesin tercihi değil, çiçekli kokulardan sonra ağır geldi. fiyatı ve tommy olması iyi ama yinede tekrar almam...",negative
--kapının açık olsa da yinede ısıtıyor odayı ama oksijensiz kalmamak için bu şart.. ),negative
çekim gücü yetersiz evin her yerinde çekmiyor,negative
ürün şemsiye kumaşının içerisine 2 adet sünger koyulmasından ibaret ve kapıma 5 cm kısa geldi. yine de normal süngerlere göre iyi.,negative
ürünü alınca hemen çalıştırdım.gündüz ses normal gibi ama gece sessizlik çökünce cihazın sesinden uyku tutmuyor.alıcıların bunu dikkate almalarını tavsiye ediyorum.oda parfüm bir hafatalık kullanım için.,negative
bence herkesin masaja ihtiyacı var güzel bir ürün herkese tavsiye ederim,negative
kalite çok düşük.,negative
ilk bilgisayarı açtığımda klavye düzgün çalışırsa o zaman kullanabiliyorum ama klavyeyi hareket ettirince klavye yazmıyor kesinlikle kimseye tavsiye etmiyorum,negative
burdaki yorumlara bakarak almıştım.,negative
ürün bataryadan dolayı sıkıntılı diye düşünüyorum. çünkü şarza takılı iken traj olamıyorsunuz dolmasını beklemeniz lazım buda 2-3 saat sürüyor bunu göze alıp almanız lazım.,negative
atsammi kartusmu alsam kararsızım ??,negative
kesinlikle inanmayin!!!,negative
"ben ürünü 1 senedir kullanıyorum. sorun yok fakat soğuk su kapasitesi yetersiz sanirim, bi kac bardak su aliyosunuz ve hemen ondan sonrakiler ılık geliyor. ve cok az akıyor! yavaş yavaş dolmasini bekliyosunuz bardağın bilginiz olsun.",negative
poliüreten malzeme gibi birşey benimkinde hava baloncuğu bile var yumurta pişirmede zaman ayarı konsunda sıkıntı yaşayanlar kullanabilir yanlız başında durmak lazım suyuda az koymamak gerek ben üstünü örtecek şekilde koydum,negative
"daha fazla bıçak daha fazla tahriş..hassas ciltler için uygun değil,flexball teknolojisi pratikte bir konfor sağlamıyor..",negative
beş tane aldım. altı ayda ikisi titremeye başladı.,negative
fena değil.parasına göre idare eder.,negative
hiç begenmedim çocuğu bırak ben bile nefes nefes kalıyorum pipetten cekicem diye ne saçma bir suluk hiç tavsiye etmiyorum bunun yerine küçük termos alın daha kullanışlı olur,negative
saat cok küçük,negative
kablosu hem kisa hemde 3-4 ay sonra tutarsızlık yapmaya başlıyor telefonundan hic ellemeden kolaylıkla çıkıyor baska bir kablo ile kullanıyorum sizde o sekilde kullanacaksanız oneirirm diger türlü kablosu kafayı yedirtir. ama doğru kablo ile kullanıldığında şarj konusunda çok başarılı.,negative
hepsi buradadan almadım samsung bayisinden aldım ve ilk defa bir samsung beni hayal kırıklığına uğrattı düşünenler için söylemek isterim ki hiç bakmayın deterjan gözünü öyle bir yere koymuşlar ki sol alt kısma hiçbirşey koyamıyorsunuz yoksa deterjan kapağı açılmıo şaka gibi dar ve kullanışsız uzun sürede yıkıyo kısa sürede temizlemio servis kendisi kurulumda da iletti çok pişmanım bilginize,negative
almayin ne kamerasi güzel nede bataryasi dedi̇kleri̇ gi̇bi̇ 1 buçuk gün anca gi̇di̇yor,negative
gönderilen paket içeriğindeki yapışkan ve raptiye yetersiz. dikkatlice sabitlememe rağmen defalarca açıldı. önerim işleme başlamadan önce yapışkan ve raptiye temin etmeniz.o şekilde istediğiniz sonucu alacaksınızdır.,negative
merhabalar ürün 4 5 aya kadar sorunsuzdu  ama 6.ayindan sonra bebek hareketlendikden sonra citalari dusmeye basladi tekrar taksakda bisey ifade edmedi   cekmeceleri bozuldu hic memnun kalmadik ve cocugumuz 10 aylik oldu baska bi besik almak zorunda kaldik alicak olan kisilerin daha kaliteli bi urun almasini tavsiye ederim.,negative
yaptığınız çayda lezzetli oluyor ama suyu ısıttığı zaman kapanması gerektiği anda kapanma gerçekleşmiyor ve evi baya bir buharla dolduruyor. sesi de rahatsız edici seviyelerde. bunları bilerek tercihinizi yapın.,negative
ben hep spigen kullanıyorum ama bu ürün beni hüsrana uğrattı kenarları kalkıyor. verdiğim para gitti çöpe .. bilginize,negative
bu makineyi bende cok beğenerek aldım iki hattadır kullanıyorum sessiz calışıyo ama sıkarken diğer makinelerle aynı hiç varkı yok bide ayarları güzel değil mesela ana menusunde yorgan vs perde yıkama özelliği yok hadi perde nisede yorgan yıkıyomu belli değil kitapçığında baktım yorgan perde adına bişey yazmıyo açıkcası güzel görünmesine aldanmayın ben ve eşim beğenmedik,negative
kapının eni yani duvar kalınlığı daha az olmalı.,negative
mouse pad i için almıştım mouse ıda yedek kullanırım diye planlıyordum. ancak hangi hassasiyet ayarını ayarladıysam kullanamadım. normalde g300 kullanıyorum belki büyük geldi o yüzden olabilir. ama fare imlecinin hareketindeki o hassaslığı alamadım.,negative
okurken sıkılmadığımı da belirtmek isterim.,negative
ürünün renk kartelasi mevcut deği̇l bu nedenle kargodan  hangi̇ renk geli̇r i̇se bahtiniza ürünün arka kisminda şarj yeri̇ olmasina rağmen kutunun i̇çi̇nden çikmamasi i̇se ayri bi̇r süpri̇z... pembe bi̇r renk sevi̇yorsaniz yorumumu di̇kkate almayiniz nede olsa tüm ürünler pembe olarak gönderi̇li̇yormuş,negative
ürünü almak istedim  bu işle uğraşanlarla görüştüm şu anda ithalat olmadığı için türk malı olarak düşünün.,negative
aldım ama 1 yıl içerisinde yeterli pişmanlık oldu ve kalite sıfır motor yandı ve tamir edildi sonrada çekim sıfır ve bu şartlarda almanızı tavsiye etmem ve su hazneli ürünler daha iyi,negative
"ürün çok güzel.kaliteli .lakin yaylı yatakta yatmaya alışmış biri için değişik gelebilir visco yatak.ben çok yumuşak ,içine gömüldüğüm yatak seviyorum.visco esnemiyor bile.kendini sırt üstü yatağa atarsan sertliği ile tanışıyorsun.",negative
"huggıesden hıc beklemediğim bir ıslak mendil...çok kötü,köpük köpük,kolay yırtılıyor....ayrıca ve de en önemlisi bebeğimin poposunda alerji yaptı.makatı çatlak çatlak oldu...kantaron yağıyla zar zor geçirdim...bir koli almıştık şimdi kalanları musluğun altında yıkayıp bir kaba dizip o  şekilde kullanıyorum...kesinlikle tavsiye etmiyorum....",negative
ürün çok iyi ama lastikleri çabuk kopuyor .sadece karın kası yapmak istiyorsanız alın bence.ben kol çalışmak için  ayarını en kısaya getirdim lastik koptu,negative
note 3 u sadece yuzde 21 doldurabiliyor,negative
kablosuna hafif dokunmada şarj kesiliyor. mıknatıslı çok kuvvetli ama kabloda sorun var. 5-6 denemede ancak şarj başlıyor. şarj süresi normal kabloyu göre çok uzun.,negative
kullanmadiginiz zaman şarjı kendiliğinden bitiyor.tam size lazım oluyor bir yeri supüreceksiniz bir bakmişsiniz şarjı yok!kimseye tavsiye etmiyorum!,negative
"ayrıca kitapta taciz ve tecavüze teşvik edici, özellikle tecavüzün normal karşılandığı yerler vardı. ana karakterimiz ise güçlü görünen fakat özünde güçsüz olan bir karakterdi. asi karakter yapılmaya çalışılırken ""kötü çocuk ve saf kız"" klişesi yine ortaya çıkmış.",negative
kokusu güzel ama çok i̇nce . bu nedenle kullanirken çok daha fazla kullanmaniz gereki̇yor.,negative
arkadaşlar ürünü yeni aldım çekim kuvveti mükemmel ama boyu 1.70 den yukarı olanlar bu süpürgeyi kullanırken zorlanır çünkü boru kısmı ayarlı değil burdan fakir mühendislerine sesleniyorum tutma kolunu biraz daha enaz 10cm daha uzatmalı gerekir.,negative
"merhaba, bu telefonu alalı 4 gün oldu. ancak çok memnun kalmadım. telefonun koruma filmi var evet güzel ama yüzeye tam oturmuyor ya da yüzey düzgün değil. yazı tipini değiştirdim. ama  bir daha geriye dönemedim çünkü menü kayboldu. i̇kon yazıları çok küçük. bildirim çubuğu çok ince. zaten türkçe kullanma kılavuzu da içinden çıkmıyor. fabrika ayarlarına döneyim dedim üşenmeden yine de font kaldığı yerden devam etti. artı yönleri ise sadece batarya ve ses. çok karıştırmama ve internete rağman 1,5 gün dayandı batarya. sesi de oldukça kuvvetli. ama değişik bir ürün kullanayım dedim. yanıldım. görüşlerime inanmayan olursa faturamı yollayabilirim.",negative
"neopren kaplaması zayıf, kaplamada dökülmeler var. tutma yeri kalın, tam kavranılmıyor.",negative
eğer eliniz büyükse bu mousetan uzak durun çok ufak ayrıca simetrik mouse olduğu için hiç rahat değil çok pişmanım aldığıma.,negative
ürün kali̇teli̇ ama i̇sofi̇x yok.,negative
"görünüm, kibar-güzel..en önemli hatası yazılar ekranda net gözükmüyor..eksiği; hopörler yok, buna ihtiyaç duyanlar dikkat etsin..",negative
eh işte,negative
diğer markada gözlemlediğim olumlu değişiklikleri maalesef bu üründe göremedim. sonuç maalesef hüsran.  sanırım yine diğer üründen alacağım.,negative
ders çalışmak için düşünüyorsanız büyük kitaplar için ideal değil,negative
artıları: ucuz olması,negative
"koku güzel ,ağır değil baymıyor ama geçtiğiniz yerde iz bırakan bir koku değil ,onbeş gündür kullanıyorum ve oldukça bol sıkmama rağmen daha kimse kokumu sormadı farketmedi ,geçtiğiniz yerde farkedilmek istiyorsanız önermem ..",negative
çekim gücü zayıf fiyatına göre normal ürün en güzel tarafı hafif ve kullanışlı olması ama bence alınmıyacak bir ürün .,negative
"ürünü 24 saatte teslim aldim, hepsiburadacom farkiyla. ürün performans olarak beni pek sasirtmadi fakat batarya suresi asiri kullanim icin erken bitiyor.",negative
bir süre sonra musluk tarafından ve diğer uçtan sızdırmaya başlıyor,negative
cihaz fena degil. parasını hak etmiyor. kamerası beklediğim kadar net değil. ayarlardan mp'yi yükseltin. çok sık ve uzun süren güncelleştirme yapıyor. 6 gb kadar güncelleştirmeye gitti mobilden güncellemeyin.  ve daha sistem güncelemem bitmedi 1 gündür elimde. bence bu para başka bir telefon alın. seside dedikleri kadar yüksek değil.,negative
"sevmedik, yemedi kedim",negative
koku etkisi çok kısa değmez,negative
berbat aşırı kurutyor dudaklarım çatladı :( iğrenççç,negative
beklediğimiz gibi çıkmadı. çok basit ve dayanıklı değil birde beklediğimizden ufak çıktı. klasörler sığmıyor.,negative
usb 3.0 kullanıyorum hani saniyede 80mb filan yalan maximum göreceğiniz hız 40 - 50 arası ssd kullanıyorum bu arada.,negative
ürün bu gün elime ulaştı. dizayn olarak güzel. ama bataryası çok kötü az gidiyor ve telefon çok ısınıyor. aldığıma pişman oldum.,negative
çok ekstra bir kitap değil sadece resimler var altında da i̇ngilizcesi var. türkçesi de parantez içinde yazsa biraz da cümle olsa çok iyi olurdu. içinde etkinlik falan da yok.,negative
ürün ucuz ancak çok yavaş veri aktarımı. usb 3.00 kullanmama rağmen 5 - 8 mb/s ile veri aktardım. çok kullanışu değil,negative
+ güç ayarı var,negative
"telefonda kizilotesi ir portu yok. klimanizi ses sisteminizi vs.kumanda edemezsiniz. ( sadece internete baglanabilen cihazlarda 3. parti yazilimlariyla kontrol edebilirsiniz, ir portla.eski tuplu televizyonu bile kontrol edebilirsiniz) hizli sarj ozelligi yok. qualcom un snapdragon 820 si ile gelen islemci destekli hizli sarj yok. en komigide type c baglantisi bile yok. type c giris yeri yazin aratin hiz farkina bakin. type c gelecegin mobil baglantisidir ama amiral gemisi denilen telefonda bu bile yok. dahasi touchwiz pismanliktir. samsung arayuzu olan touchwiz donma yapar.",negative
ürünün şarj cok kotu. dünya markası böyle mı olmali? resmen saskınız.,negative
ürünü eşime yılbaşı hediyesi olarak almıştım. ancak kokusu hiç kalıcı olmadığı gibi sıktıktan kısa süre sonra hacı yağı gibi kokuyor.,negative
ürün sarımı dışında sıkıntı yok navlundan kurtarmak için katlanarak sarılmış doğal olarak kat yerleri iz yapmış,negative
sipariş ettkten sonra kısa sürede geldi.bunda sıkıntı olmadı.montajını yaptık.ürün çok basit.fiyatına göre idare eder.çokta kalite beklemeyin,negative
kızım oyuncakları asıldığında üzerine yıkıldı resmen oyun barı 6 . ay tavsiye edilmez bunu almak yerine çocuğa çıngırak alın daha iyi beklentim hiç karşılamadı,negative
"ürün bir bayan kullanımı için çok ağır, tam güçte kullanmak mümkün değil, halıları çektiremiyorsunuz. kulpu sağlam değil, elinizde kalacak gibi duruyor.",negative
htc marka telefonum için aldım. telefon şarjda iken elime aldığımda telefonun  kasası elektrikleniyor. metal kasadan elektrik sızıyor sanki. metal telefon kullanıcıları için tavsiye etmiyorum.,negative
hemen teslim olayında son nokta...,negative
ürün ile kol ve omuz kısımlarını ütüleme uç kısmın çok geniş olmasından dolayı mümkün değil. kocaman ütü masasının sadece uç kısımı işe yarıyor. ancak ürün sağlam ve dayanıklıya benziyor.,negative
performans olarak çok iyi değil.,negative
şarjı en fazla yarım saat gidiyor ve arada da kendi kendine kapanması cabası.. paranızı çöpe atmayın pişman olmayın yazıktır...,negative
2 ay inatla kullandım. hiç bir işe yaramadı.,negative
klavyeye ihtiyacı olupta parası olmayanlar için iyi ben pek beğenmedim,negative
arkadaşlar maalesef kalici deği̇l önceki̇ yorumlara katiliyorum. bu paraya çok daha güzel kolonyalar alinir. kokusu fena deği̇l ama bu paraya değmez i̇ki̇ yildizin bi̇ri̇si̇ şi̇şesi̇ne di̇ğeri̇ kötü olmayan kokusuna,negative
"meraba,ürün elime ulaştı lakin gönderdiğiniz ürün hakkında biraz daha açıklayıcı olsanız ve çekmece gözlerini kullanışlı yapsaydınız daha kullanışlı olurdu.",negative
şık görüntüsüne aldanıp bu ürünü tercih ettim.sadece kettle olarak kullanabilirsiniz.demlik kısmı çayı sıcak tutamıyor.,negative
"kapıya dar geldiği için duvara monte ettim, kirişin sıvası fln bozuldu, içinden çıkan aparat ile monte etmek gerekiyor, bence sağlıklı değil",negative
kordon uzunluğu gayet iyi,negative
"ürünü bir senedir kullanıyorum. ve hiç memnun değilim . bir tarafa çamaşır astığımda , sanki her an düşücek gibi duruyor. balkonda frenleri kapatmama rağmen rüzgar da askılık uçup gidiyordu az kalsın.:(",negative
"kitabı buradan almadım ,dışarıdan aldım ve okudum.evet yol gösterici,pratkte de uygulanabilecek öneriler sunan bir kitap ama 50 sayfa da anlatılacak şeyi 300 sayfada dönüp dolaşıp aynı şeyleri yinelemiş.bu yüzden kitabı okurken sıkılıyorsan sürekli aynı şey anlatılıyor duygusunu yaşıyorsun.",negative
merhaba alacak arkadaşlar verdiği ışığın sarı olduğunu söyleyeyim bunu dikkate alarak alınız zira ben sarı ışıktan hoşlanmadığım için pek memnun olduğumu söyleyemem aydınlatma fena değil,negative
yani çok gerekli değil,negative
şimdiye kadar kullanmış olduğum usb içlerinde en yavaş ve en hantal usb olarak gördüm açıkçası aldığıma pişman oldum başka bir markayla değiştirseler hemen veririm doğrusu sandisk ismine yakıştıramadım...,negative
"kolay para kazanmanın yolunu bulan biri için, bitmeyen bir kaynak.",negative
kokusuz olduğu içindir diye düşünüyorum ama çok pis kokuyor ve beğenmedim tavsiye etmiyorum,negative
"renk olarak istanbul desenli tercih etmeyin ön tarafı sadece desenli yan arka düz beyaz elbise kılıfı kalitesinde bir kumaş düşünün kumaş ta denmez işte ve alttan kumaşı sabitlemek için birşey yapılabilirdi, biraz zorlayınca yırtılcak gibi oldu bu fiyata fazla da iyi bişey beklemeyin zaten bekar için iş görebilir sadece..",negative
"geçen sene aldıklarımla yan yana koydum, eskiler bariz daha parlak.",negative
normal bi çorap işte yok termalmiş felan hikaye. 3 derece hava da ayağımda ki botlarla bu çoraplarla dondum resmen,negative
"alalı 2 yıla yakın zaman oldu. civic aracımda kullanıyorum. yeniyken performasnından çok memnundum fakat şu an itibariyle performansı çok kötü. ıslak zeminde aşırı kaydırıyor, soğuk bir yerde yaşamıyorum, normalde kış lastiğine gerek duymuyoruz fakat bu lastikler yüzünden kış lastiği almak zorunda kaldım. sertleştiği için yol tutuş güven vermiyor. çok km yapmadığım için bir lastiği 4-5 yıl kullanmak gibi bir beklentim var o nedenle tekrar tercih edeceğim bir lastik değil, ilk baştaki peformansını uzun süre veremiyor.",negative
"görünüş güzelde, kurulduktan sonra emanet gibi duruyor sallanıyor.",negative
cok kötü cok yavaş ürün geri iade yapıyorum,negative
tek seferde tam şarj bile etmiyor. biraz daha fazla para ödeyip daha kaliteli bir urun almanızı tavsiye ederim. güç ve marka önemli,negative
+ lastik sesi çok az,negative
arkadaşlar öncelikle resimlerde gördüğünüze aldanmayın kalitesi çok kötü bir ürün ben geçen hafta şipariş ettim elime ulaştı içerisine süngerlerimi bezlerimi bazı spreylerimi koydum inanın taşımıyor ve ipleri hemen koptu hiç tavsiye etmem sadece bez koymaya yarar onun haricinde hiç bir işe yaramıyor !,negative
kullaninca kokusu hos fakat hic kalici degil.ertesi sabah koku degisik bir hal aliyor arkadasin dedigi gibi pek begenmedim birde kapaktan damliyor dik kalmayinca,negative
ürün performansı fiyatına göre oldukça iyi. malzemesi de kaliteli.,negative
çok incelememek ve bu fiyata çok kaliteli bi şey beklememek lazım. kullandıkça dikişlerinde patlamalar ve yırtılmalar kaçınılmaz oluyor. sık kullanırsanız 2-3 ay idare eder.,negative
biraz fazla hızlı pişiriyor,negative
ben ürünü 3 renkli diye aldım ancak sadece kırmızı renk kalem görünce şok oldum. bu fiyat bence çok fazla. piyasada 50 kuruş olan bu kaleme fiyatının 4 katı para vermek mantıksız.,negative
"i̇lk sıktığımda yoğun şeker kokusu ve ağır bir koku geldi. biraz zaman geçtikçe daha güzel bir hâl aldı. hâlâ karar veremedim kokunun iyi olup olmadığına. tabiki zevk meselesi, zevkler bambaşka. benim fikrim koku biraz ağır, iddialı. kötü de değil, beklediğim gibi de değil diyebilirim. kalıcık konusunda gayet iyi.",negative
bu ürünü buradan almadım ama alacaklar için yorum yapmak istiyorum. ürünü talimatlardaki gibi kullanırsanız ciddi derecede terlemeyi önlediğini göreceksiniz. ama belli bir süre sonra ürün koltuk altlarında belli belirsiz bir kararma yapıyor. bir süre sonra kullanmazsanız terlemeniz tekrar eski haline dönüyor. ben ürünü kullanmayı bırakalı bir yıla yakın bir zaman oldu ve bir iki aydır koltuk altlarımda ara ara acı hissediyorum ve başka bir şey kullanmadığım için bu üründen kaynaklandığını düşünüyorum. doktora gitmeye fırsatım olmadı ama gittiğimde doktorun da ürün hakkında görüşünü belirteceğim.,negative
"ama idare eder,ses çok zayıf.",negative
